Warning: overwriting previous environment for '/home/levy/workspace/inet'.
[1;33mSTDERR [0;36mopp_run_release [0;0m<!> Error: The simulation attempted to prompt for user input, set cmdenv-interactive=true to allow it: "Enter parameter 'Net80211.numHosts' (unassigned):" -- in module (omnetpp::cModule) Net80211 (id=1), during network setup
[1;33mSTDERR [0;36mopp_run_release [0;0m<!> Error: The simulation attempted to prompt for user input, set cmdenv-interactive=true to allow it: "Enter parameter 'Net.numHosts' (unassigned):" -- in module (omnetpp::cModule) Net (id=1), during network setup
[38;2;200;200;200m[001/914][0;0m ▶ inet Updating update fingerprint (912 concurrent)
[38;2;200;200;200m[002/914][0;0m [38;2;200;200;200m [0;0m ⏺ Updating fingerprint examples/adhoc/idealwireless -c Ping2 for 100s [1;31mERROR[0;0m None (Calculated fingerprint not found)
[38;2;200;200;200m[003/914][0;0m [38;2;200;200;200m [0;0m ⏺ Updating fingerprint examples/adhoc/ieee80211 -c Ping2 for 1000s [1;31mERROR[0;0m None (Calculated fingerprint not found)
[38;2;200;200;200m[004/914][0;0m [38;2;200;200;200m [0;0m ⏺ Updating fingerprint examples/bgpv4/BgpOpen for 62s [1;33mUPDATE[0;0m d831-343e/tplx
[38;2;200;200;200m[005/914][0;0m [38;2;200;200;200m [0;0m ⏺ Updating fingerprint examples/bgpv4/BgpIpv6Basic for 30s [1;33mINSERT[0;0m 3fa9-1d6d/tplx
[38;2;200;200;200m[006/914][0;0m [38;2;200;200;200m [0;0m ⏺ Updating fingerprint examples/bgpv4/BgpAndOspfv3 for 100s [1;33mINSERT[0;0m 3bac-1a48/tplx
[38;2;200;200;200m[007/914][0;0m [38;2;200;200;200m [0;0m ⏺ Updating fingerprint examples/aodv -c SimpleRREQ for 100s [1;33mUPDATE[0;0m f6cf-5939/tplx
[38;2;200;200;200m[008/914][0;0m [38;2;200;200;200m [0;0m ⏺ Updating fingerprint examples/aodv -c SimpleRREQ2 for 100s [1;33mUPDATE[0;0m 3cb5-c97d/tplx
[38;2;200;200;200m[009/914][0;0m [38;2;200;200;200m [0;0m ⏺ Updating fingerprint examples/adhoc/idealwireless -c Ping1 for 100s [1;33mUPDATE[0;0m 0733-3cf2/tplx
[38;2;200;200;200m[010/914][0;0m [38;2;200;200;200m [0;0m ⏺ Updating fingerprint examples/bgpv4/BgpLifecycle for 900s [1;33mINSERT[0;0m b065-71c5/tplx
[38;2;200;200;200m[011/914][0;0m [38;2;200;200;200m [0;0m ⏺ Updating fingerprint examples/aodv -c SimpleLifecycle for 100s [1;33mUPDATE[0;0m 3e70-6cec/tplx
[38;2;200;200;200m[012/914][0;0m [38;2;200;200;200m [0;0m ⏺ Updating fingerprint examples/aodv -c ShortestPath for 100s [1;33mUPDATE[0;0m 645d-3ef5/tplx
[38;2;200;200;200m[013/914][0;0m [38;2;200;200;200m [0;0m ⏺ Updating fingerprint examples/bgpv4/BgpAndOspfSimple for 40s [1;33mINSERT[0;0m c188-b57d/tplx
[38;2;200;200;200m[014/914][0;0m [38;2;200;200;200m [0;0m ⏺ Updating fingerprint examples/bgpv4/BgpDiamondFailover for 160s [1;33mINSERT[0;0m c1d2-27aa/tplx
[38;2;200;200;200m[015/914][0;0m [38;2;200;200;200m [0;0m ⏺ Updating fingerprint examples/bgpv4/BgpAndOspfv3 -c OspfOnly for 100s [1;33mINSERT[0;0m 66c4-c7a1/tplx
[38;2;200;200;200m[016/914][0;0m [38;2;200;200;200m [0;0m ⏺ Updating fingerprint examples/aodv -c StaticExternal for 50s [1;33mINSERT[0;0m d07e-7d2e/tplx
[38;2;200;200;200m[017/914][0;0m [38;2;200;200;200m [0;0m ⏺ Updating fingerprint examples/aodv -c Dynamic for 60s [1;33mUPDATE[0;0m e106-be8d/tplx
[38;2;200;200;200m[018/914][0;0m [38;2;200;200;200m [0;0m ⏺ Updating fingerprint examples/bgpv4/BgpDiamondFailover6 for 160s [1;33mINSERT[0;0m 934c-c054/tplx
[38;2;200;200;200m[019/914][0;0m [38;2;200;200;200m [0;0m ⏺ Updating fingerprint examples/adhoc/hostautoconf for 60min [1;33mINSERT[0;0m 3782-ca0d/tplx
[38;2;200;200;200m[020/914][0;0m [38;2;200;200;200m [0;0m ⏺ Updating fingerprint examples/aodv -c Static for 50s [1;33mUPDATE[0;0m 8aeb-81ae/tplx
[38;2;200;200;200m[021/914][0;0m [38;2;200;200;200m [0;0m ⏺ Updating fingerprint examples/aodv -c MoreDynamic for 100s [1;33mUPDATE[0;0m db8c-6206/tplx
[38;2;200;200;200m[022/914][0;0m [38;2;200;200;200m [0;0m ⏺ Updating fingerprint examples/adhoc/qos -c Fragmentation for 5s [1;33mINSERT[0;0m 9555-934c/tplx
[38;2;200;200;200m[023/914][0;0m [38;2;200;200;200m [0;0m ⏺ Updating fingerprint examples/bgpv4/BgpAndOspf for 60s [1;33mINSERT[0;0m 8b65-1daf/tplx
[38;2;200;200;200m[024/914][0;0m [38;2;200;200;200m [0;0m ⏺ Updating fingerprint examples/bgpv4/Bgp2RoutersInAS for 60s [1;33mINSERT[0;0m 9882-761e/tplx
[38;2;200;200;200m[025/914][0;0m [38;2;200;200;200m [0;0m ⏺ Updating fingerprint examples/aodv -c IPv4SlowMobility for 50s [1;33mUPDATE[0;0m 948b-cfa1/tplx
[38;2;200;200;200m[026/914][0;0m [38;2;200;200;200m [0;0m ⏺ Updating fingerprint examples/bgpv4/Bgp3Routers for 100s [1;33mINSERT[0;0m 00a2-d254/tplx
[38;2;200;200;200m[027/914][0;0m [38;2;200;200;200m [0;0m ⏺ Updating fingerprint examples/bgpv4/BgpCompleteTest for 200s [1;33mINSERT[0;0m 41af-3142/tplx
[38;2;200;200;200m[028/914][0;0m [38;2;200;200;200m [0;0m ⏺ Updating fingerprint examples/aodv -c IPv4ModerateFastMobility for 50s [1;33mUPDATE[0;0m 0053-1a16/tplx
[38;2;200;200;200m[029/914][0;0m [38;2;200;200;200m [0;0m ⏺ Updating fingerprint examples/dhcp -c RebootingDHCP for 500s [1;33mUPDATE[0;0m e5a1-ef3a/tplx
[38;2;200;200;200m[030/914][0;0m [38;2;200;200;200m [0;0m ⏺ Updating fingerprint examples/bgpv4/BgpUpdate for 30s [1;33mUPDATE[0;0m 2735-be0e/tplx
[38;2;200;200;200m[031/914][0;0m [38;2;200;200;200m [0;0m ⏺ Updating fingerprint examples/bgpv4/BgpWithdrawal6 for 100s [1;33mINSERT[0;0m 19e7-8e35/tplx
[38;2;200;200;200m[032/914][0;0m [38;2;200;200;200m [0;0m ⏺ Updating fingerprint examples/bgpv4/BgpWithdrawal -c Restart for 160s [1;33mINSERT[0;0m b2cd-92a5/tplx
[38;2;200;200;200m[033/914][0;0m [38;2;200;200;200m [0;0m ⏺ Updating fingerprint examples/bgpv4/BgpWithdrawal for 100s [1;33mINSERT[0;0m cad6-631c/tplx
[38;2;200;200;200m[034/914][0;0m [38;2;200;200;200m [0;0m ⏺ Updating fingerprint examples/bgpv4/BgpWithdrawal6 -c Restart for 160s [1;33mINSERT[0;0m 34dd-89de/tplx
[38;2;200;200;200m[035/914][0;0m [38;2;200;200;200m [0;0m ⏺ Updating fingerprint examples/adhoc/ieee80211 -c Ping1 for 1000s [1;33mUPDATE[0;0m 459c-3de8/tplx
[38;2;200;200;200m[036/914][0;0m [38;2;200;200;200m [0;0m ⏺ Updating fingerprint examples/aodv -c IPv4FastMobility for 50s [1;33mUPDATE[0;0m 1433-f057/tplx
[38;2;200;200;200m[037/914][0;0m [38;2;200;200;200m [0;0m ⏺ Updating fingerprint examples/diffserv/onedomain -c Exp11 for 10s [1;33mUPDATE[0;0m 4dff-679d/tplx
[38;2;200;200;200m[038/914][0;0m [38;2;200;200;200m [0;0m ⏺ Updating fingerprint examples/diffserv/onedomain -c Exp13 for 10s [1;33mUPDATE[0;0m 4125-d1b1/tplx
[38;2;200;200;200m[039/914][0;0m [38;2;200;200;200m [0;0m ⏺ Updating fingerprint examples/communicationcache -c VectorCommunicationCache for 10s [1;33mUPDATE[0;0m de9a-b5eb/tplx
[38;2;200;200;200m[040/914][0;0m [38;2;200;200;200m [0;0m ⏺ Updating fingerprint examples/diffserv/onedomain -c Exp15 for 10s [1;33mUPDATE[0;0m 3a1e-a61c/tplx
[38;2;200;200;200m[041/914][0;0m [38;2;200;200;200m [0;0m ⏺ Updating fingerprint examples/diffserv/onedomain -c Exp17 for 10s [1;33mUPDATE[0;0m 1a8a-502c/tplx
[38;2;200;200;200m[042/914][0;0m [38;2;200;200;200m [0;0m ⏺ Updating fingerprint examples/diffserv/onedomain -c Exp14 for 10s [1;33mUPDATE[0;0m 3ba8-60c7/tplx
[38;2;200;200;200m[043/914][0;0m [38;2;200;200;200m [0;0m ⏺ Updating fingerprint examples/diffserv/onedomain -c Exp12 for 10s [1;33mUPDATE[0;0m 8179-5675/tplx
[38;2;200;200;200m[044/914][0;0m [38;2;200;200;200m [0;0m ⏺ Updating fingerprint examples/diffserv/onedomain -c Exp16 for 10s [1;33mUPDATE[0;0m 9d23-6176/tplx
[38;2;200;200;200m[045/914][0;0m [38;2;200;200;200m [0;0m ⏺ Updating fingerprint examples/diffserv/onedomain -c Exp24 for 10s [1;33mUPDATE[0;0m b0fa-221c/tplx
[38;2;200;200;200m[046/914][0;0m [38;2;200;200;200m [0;0m ⏺ Updating fingerprint examples/diffserv/onedomain -c Exp21 for 10s [1;33mUPDATE[0;0m 2dc0-2c21/tplx
[38;2;200;200;200m[047/914][0;0m [38;2;200;200;200m [0;0m ⏺ Updating fingerprint examples/communicationcache -c MapCommunicationCache for 10s [1;33mUPDATE[0;0m de9a-b5eb/tplx
[38;2;200;200;200m[048/914][0;0m [38;2;200;200;200m [0;0m ⏺ Updating fingerprint examples/diffserv/onedomain -c Exp23 for 10s [1;33mUPDATE[0;0m 2dc0-2c21/tplx
[1;33mSTDERR [0;36mopp_run_release [0;0m<!> Error: Submodule app: No module type named 'VoipStreamSender' found that implements module interface inet.applications.contract.IApp (not in the loaded NED files?), at /home/levy/workspace/inet-fp-master/src/inet/node/base/ApplicationLayerNodeBase.ned:32 -- in module (inet::NodeBase) DiffservNetwork.client[0] (id=3), during network setup
[38;2;200;200;200m[049/914][0;0m [38;2;200;200;200m [0;0m ⏺ Updating fingerprint examples/diffserv/onedomain -c Exp22 for 10s [1;33mUPDATE[0;0m 2dc0-2c21/tplx
[38;2;200;200;200m[050/914][0;0m [38;2;200;200;200m [0;0m ⏺ Updating fingerprint examples/diffserv/simple_ -c VoIP_WithPolicing for 50s [1;31mERROR[0;0m None Submodule app: No module type named 'VoipStreamSender' found that implements module interface inet.applications.contract.IApp (not in the loaded NED files?), at /home/levy/workspace/inet-fp-master/src/inet/node/base/ApplicationLayerNodeBase.ned:32 -- in module (inet::NodeBase) DiffservNetwork.client[0] (id=3), during network setup (Calculated fingerprint not found)
[38;2;200;200;200m[051/914][0;0m [38;2;200;200;200m [0;0m ⏺ Updating fingerprint examples/clock for 10ms [1;33mUPDATE[0;0m 6dbe-ebdf/tplx
[38;2;200;200;200m[052/914][0;0m [38;2;200;200;200m [0;0m ⏺ Updating fingerprint examples/diffserv/onedomain -c Exp31 for 10s [1;33mUPDATE[0;0m c7a5-e69a/tplx
[1;33mSTDERR [0;36mopp_run_release [0;0m<!> Error: Submodule app: No module type named 'VoipStreamSender' found that implements module interface inet.applications.contract.IApp (not in the loaded NED files?), at /home/levy/workspace/inet-fp-master/src/inet/node/base/ApplicationLayerNodeBase.ned:32 -- in module (inet::NodeBase) DiffservNetwork.client[0] (id=3), during network setup
[38;2;200;200;200m[053/914][0;0m [38;2;200;200;200m [0;0m ⏺ Updating fingerprint examples/communicationcache -c ReferenceCommunicationCache for 10s [1;33mUPDATE[0;0m de9a-b5eb/tplx
[38;2;200;200;200m[054/914][0;0m [38;2;200;200;200m [0;0m ⏺ Updating fingerprint examples/diffserv/onedomain -c Exp32 for 10s [1;33mUPDATE[0;0m 63e4-db02/tplx
[38;2;200;200;200m[055/914][0;0m [38;2;200;200;200m [0;0m ⏺ Updating fingerprint examples/empty [1;31mERROR[0;0m[1;33m (unexpected)[0;0m (Exception during task execution) AttributeError("'NoneType' object has no attribute 'stdout'")
[38;2;200;200;200m[056/914][0;0m [38;2;200;200;200m [0;0m ⏺ Updating fingerprint examples/diffserv/simple_ -c VoIP_WithPolicingAndQueueing for 50s [1;31mERROR[0;0m None Submodule app: No module type named 'VoipStreamSender' found that implements module interface inet.applications.contract.IApp (not in the loaded NED files?), at /home/levy/workspace/inet-fp-master/src/inet/node/base/ApplicationLayerNodeBase.ned:32 -- in module (inet::NodeBase) DiffservNetwork.client[0] (id=3), during network setup (Calculated fingerprint not found)
[38;2;200;200;200m[057/914][0;0m [38;2;200;200;200m [0;0m ⏺ Updating fingerprint examples/dhcp -c WirelessDHCP for 500s [1;33mUPDATE[0;0m 6a28-39c3/tplx
[38;2;200;200;200m[058/914][0;0m [38;2;200;200;200m [0;0m ⏺ Updating fingerprint examples/diffserv/onedomain -c Exp33 for 10s [1;33mUPDATE[0;0m ea69-7607/tplx
[38;2;200;200;200m[059/914][0;0m [38;2;200;200;200m [0;0m ⏺ Updating fingerprint examples/dhcp -c WiredDHCP for 5000s [1;33mUPDATE[0;0m 3f5b-0be0/tplx
[1;33mSTDERR [0;36mopp_run_release [0;0m<!> Error: Submodule app: No module type named 'VoipStreamSender' found that implements module interface inet.applications.contract.IApp (not in the loaded NED files?), at /home/levy/workspace/inet-fp-master/src/inet/node/base/ApplicationLayerNodeBase.ned:32 -- in module (inet::NodeBase) DiffservNetwork.client[0] (id=3), during network setup
[38;2;200;200;200m[060/914][0;0m [38;2;200;200;200m [0;0m ⏺ Updating fingerprint examples/diffserv/simple_ -c VoIP_WithoutQoS for 50s [1;31mERROR[0;0m None Submodule app: No module type named 'VoipStreamSender' found that implements module interface inet.applications.contract.IApp (not in the loaded NED files?), at /home/levy/workspace/inet-fp-master/src/inet/node/base/ApplicationLayerNodeBase.ned:32 -- in module (inet::NodeBase) DiffservNetwork.client[0] (id=3), during network setup (Calculated fingerprint not found)
[38;2;200;200;200m[061/914][0;0m [38;2;200;200;200m [0;0m ⏺ Updating fingerprint examples/diffserv/onedomain -c Exp52 for 10s [1;33mUPDATE[0;0m a454-dfe6/tplx
[38;2;200;200;200m[062/914][0;0m [38;2;200;200;200m [0;0m ⏺ Updating fingerprint examples/diffserv/onedomain -c Exp51 for 10s [1;33mUPDATE[0;0m 4ed1-66d9/tplx
[38;2;200;200;200m[063/914][0;0m [38;2;200;200;200m [0;0m ⏺ Updating fingerprint examples/eigrp/basic -c EIGRP_no_split_horizon for 3min [1;33mUPDATE[0;0m 80f4-29be/tplx
[38;2;200;200;200m[064/914][0;0m [38;2;200;200;200m [0;0m ⏺ Updating fingerprint examples/eigrp/basic -c EIGRP_no_load_balanc for 3min [1;33mUPDATE[0;0m 6e14-1954/tplx
[38;2;200;200;200m[065/914][0;0m [38;2;200;200;200m [0;0m ⏺ Updating fingerprint examples/eigrp/basic -c EIGRP_passive_interface for 3min [1;33mUPDATE[0;0m 3b10-e81c/tplx
[38;2;200;200;200m[066/914][0;0m [38;2;200;200;200m [0;0m ⏺ Updating fingerprint examples/eigrp/snake for 3min [1;33mUPDATE[0;0m 8fea-8b84/tplx
[38;2;200;200;200m[067/914][0;0m [38;2;200;200;200m [0;0m ⏺ Updating fingerprint examples/eigrp/basic -c Scenario1 for 3min [1;33mUPDATE[0;0m 5093-8e2c/tplx
[38;2;200;200;200m[068/914][0;0m [38;2;200;200;200m [0;0m ⏺ Updating fingerprint examples/eigrp/testing_scenario6 -c EIGRP-IPv6_exp2_interface-down for 3min [1;33mUPDATE[0;0m 0cf0-c9e7/tplx
[38;2;200;200;200m[069/914][0;0m [38;2;200;200;200m [0;0m ⏺ Updating fingerprint examples/eigrp/square_stub for 3min [1;33mUPDATE[0;0m 2cd4-d222/tplx
[38;2;200;200;200m[070/914][0;0m [38;2;200;200;200m [0;0m ⏺ Updating fingerprint examples/eigrp/testing_scenario6 -c EIGRP-IPv6_exp1_bandwidth-change for 3min [1;33mUPDATE[0;0m 2470-1b77/tplx
[38;2;200;200;200m[071/914][0;0m [38;2;200;200;200m [0;0m ⏺ Updating fingerprint examples/eigrp/basic -c EIGRP_unequal_cost_lb for 3min [1;33mUPDATE[0;0m 0dad-4a5a/tplx
[38;2;200;200;200m[072/914][0;0m [38;2;200;200;200m [0;0m ⏺ Updating fingerprint examples/eigrp/square_stub_mesh for 3min [1;33mUPDATE[0;0m d5cf-cfa2/tplx
[38;2;200;200;200m[073/914][0;0m [38;2;200;200;200m [0;0m ⏺ Updating fingerprint examples/dhcp -c Wireless2DHCP for 500s [1;33mUPDATE[0;0m 3454-1ecd/tplx
[38;2;200;200;200m[074/914][0;0m [38;2;200;200;200m [0;0m ⏺ Updating fingerprint examples/eigrp/testing_scenario6 -c EIGRP-IPv6_exp1_bandwidth-change_global-addr for 3min [1;33mUPDATE[0;0m 56f3-2ba5/tplx
[38;2;200;200;200m[075/914][0;0m [38;2;200;200;200m [0;0m ⏺ Updating fingerprint examples/eigrp/basic -c Scenario2 for 3min [1;33mUPDATE[0;0m e0e9-bf59/tplx
[38;2;200;200;200m[076/914][0;0m [38;2;200;200;200m [0;0m ⏺ Updating fingerprint examples/eigrp/testing_scenario for 3min [1;33mUPDATE[0;0m 5ee5-6b96/tplx
[38;2;200;200;200m[077/914][0;0m [38;2;200;200;200m [0;0m ⏺ Updating fingerprint examples/eigrp/two_node for 3min [1;33mUPDATE[0;0m ad68-effd/tplx
[38;2;200;200;200m[078/914][0;0m [38;2;200;200;200m [0;0m ⏺ Updating fingerprint examples/eigrp/testing_scenario_ds -c EIGRP-IPv6_exp1_datarate-change for 3min [1;33mUPDATE[0;0m 2a12-a1b0/tplx
[38;2;200;200;200m[079/914][0;0m [38;2;200;200;200m [0;0m ⏺ Updating fingerprint examples/ethernet/TenBaseT1S -f bestcase.ini -c BestCase for 1ms [1;33mUPDATE[0;0m 1f0b-7161/tplx
[38;2;200;200;200m[080/914][0;0m [38;2;200;200;200m [0;0m ⏺ Updating fingerprint examples/eigrp/testing_scenario6 -c EIGRP-IPv6_exp2_interface-down_global-addr for 3min [1;33mUPDATE[0;0m 2dab-0701/tplx
[38;2;200;200;200m[081/914][0;0m [38;2;200;200;200m [0;0m ⏺ Updating fingerprint examples/eigrp/testing_scenario_ds -c EIGRP-IPv6_exp2_interface-down_global-addr for 3min [1;33mUPDATE[0;0m 2018-abab/tplx
[38;2;200;200;200m[082/914][0;0m [38;2;200;200;200m [0;0m ⏺ Updating fingerprint examples/eigrp/testing_scenario_ds -c EIGRP-IPv6_exp1_datarate-change_global-addr for 3min [1;33mUPDATE[0;0m 0e61-26a8/tplx
[38;2;200;200;200m[083/914][0;0m [38;2;200;200;200m [0;0m ⏺ Updating fingerprint examples/eigrp/two_node6 for 3min [1;33mUPDATE[0;0m e780-53b7/tplx
[38;2;200;200;200m[084/914][0;0m [38;2;200;200;200m [0;0m ⏺ Updating fingerprint examples/eigrp/testing_scenario_ds -c EIGRP-IPv6_exp2_interface-down for 3min [1;33mUPDATE[0;0m d11d-44ff/tplx
[38;2;200;200;200m[085/914][0;0m [38;2;200;200;200m [0;0m ⏺ Updating fingerprint examples/ethernet/TenBaseT1S -f multidrop.ini -c Multidrop for 1ms [1;33mINSERT[0;0m 6a01-b2f4/tplx
[38;2;200;200;200m[086/914][0;0m [38;2;200;200;200m [0;0m ⏺ Updating fingerprint examples/ethernet/TenBaseT1S -f mixed.ini -c Mixed for 1ms [1;33mINSERT[0;0m 449b-ed88/tplx
[38;2;200;200;200m[087/914][0;0m [38;2;200;200;200m [0;0m ⏺ Updating fingerprint examples/ethernet/TenBaseT1S -f notraffic.ini -c NoTraffic for 100us [1;33mINSERT[0;0m 5e15-ec33/tplx
[38;2;200;200;200m[088/914][0;0m [38;2;200;200;200m [0;0m ⏺ Updating fingerprint examples/ethernet/TenBaseT1S -f latency.ini -c Latency for 100ms [1;33mINSERT[0;0m 24fb-8a3b/tplx
[38;2;200;200;200m[089/914][0;0m [38;2;200;200;200m [0;0m ⏺ Updating fingerprint examples/ethernet/TenBaseT1S -f smoke.ini -c Smoke for 100ms [1;33mINSERT[0;0m 026a-9a12/tplx
[38;2;200;200;200m[090/914][0;0m [38;2;200;200;200m [0;0m ⏺ Updating fingerprint examples/ethernet/TenBaseT1S -f validation.ini -c CSMACD for 100ms [1;33mINSERT[0;0m 85bb-dc76/tplx
[38;2;200;200;200m[091/914][0;0m [38;2;200;200;200m [0;0m ⏺ Updating fingerprint examples/ethernet/TenBaseT1S -f validation.ini -c HalfDuplex for 100ms [1;33mINSERT[0;0m e6bd-0fe8/tplx
[38;2;200;200;200m[092/914][0;0m [38;2;200;200;200m [0;0m ⏺ Updating fingerprint examples/ethernet/lans -f hub.ini -c Hub3 for 10s [1;33mINSERT[0;0m 2ccb-4877/tplx
[38;2;200;200;200m[093/914][0;0m [38;2;200;200;200m [0;0m ⏺ Updating fingerprint examples/ethernet/lans -f hub.ini -c Hub1 for 10s [1;33mINSERT[0;0m 2ccb-4877/tplx
[38;2;200;200;200m[094/914][0;0m [38;2;200;200;200m [0;0m ⏺ Updating fingerprint examples/ethernet/TenBaseT1S -f worstcase.ini -c WorstCase for 1ms [1;33mUPDATE[0;0m 94e7-ecf7/tplx
[38;2;200;200;200m[095/914][0;0m [38;2;200;200;200m [0;0m ⏺ Updating fingerprint examples/ethernet/TenBaseT1S -f validation.ini -c PLCA for 100ms [1;33mINSERT[0;0m a3b7-9c3f/tplx
[38;2;200;200;200m[096/914][0;0m [38;2;200;200;200m [0;0m ⏺ Updating fingerprint examples/ethernet/lans -f bus.ini -c BusLAN for 120s [1;33mINSERT[0;0m 8108-b7b4/tplx
[38;2;200;200;200m[097/914][0;0m [38;2;200;200;200m [0;0m ⏺ Updating fingerprint examples/ethernet/lans -f twoHosts.ini -c TwoHosts1 for 120s [1;33mINSERT[0;0m f5ae-6cc3/tplx
[38;2;200;200;200m[098/914][0;0m [38;2;200;200;200m [0;0m ⏺ Updating fingerprint examples/geometry for 100s [1;33mUPDATE[0;0m e851-5cca/tplx
[38;2;200;200;200m[099/914][0;0m [38;2;200;200;200m [0;0m ⏺ Updating fingerprint examples/gptp -c nosync1 for 10s [1;33mINSERT[0;0m d849-e220/tplx
[38;2;200;200;200m[100/914][0;0m [38;2;200;200;200m [0;0m ⏺ Updating fingerprint examples/gptp -c nosync2 for 10s [1;33mINSERT[0;0m 5ce7-481c/tplx
[38;2;200;200;200m[101/914][0;0m [38;2;200;200;200m [0;0m ⏺ Updating fingerprint examples/gptp -c nosync3 for 10s [1;33mINSERT[0;0m 8bdb-abca/tplx
[38;2;200;200;200m[102/914][0;0m [38;2;200;200;200m [0;0m ⏺ Updating fingerprint examples/gptp -c nosync4 for 10s [1;33mINSERT[0;0m 3ee8-d669/tplx
[38;2;200;200;200m[103/914][0;0m [38;2;200;200;200m [0;0m ⏺ Updating fingerprint examples/ethernet/vlan -c NoVlan for 10ms [1;33mUPDATE[0;0m 090b-62b1/tplx
[38;2;200;200;200m[104/914][0;0m [38;2;200;200;200m [0;0m ⏺ Updating fingerprint examples/ethernet/vlan -c Asymmetric for 10ms [1;33mUPDATE[0;0m 459a-2a03/tplx
[38;2;200;200;200m[105/914][0;0m [38;2;200;200;200m [0;0m ⏺ Updating fingerprint examples/gptp -c sync2 for 10s [1;33mINSERT[0;0m 158a-0c2d/tplx
[38;2;200;200;200m[106/914][0;0m [38;2;200;200;200m [0;0m ⏺ Updating fingerprint examples/ethernet/vlan -c BetweenSwitches for 10ms [1;33mUPDATE[0;0m 2ed4-6dad/tplx
[38;2;200;200;200m[107/914][0;0m [38;2;200;200;200m [0;0m ⏺ Updating fingerprint examples/gptp -c sync1 for 10s [1;33mINSERT[0;0m 0ee3-0815/tplx
[38;2;200;200;200m[108/914][0;0m [38;2;200;200;200m [0;0m ⏺ Updating fingerprint examples/gptp -c sync3 for 10s [1;33mINSERT[0;0m 7531-7a18/tplx
[38;2;200;200;200m[109/914][0;0m [38;2;200;200;200m [0;0m ⏺ Updating fingerprint examples/ethernet/vlan -c DoubleTagged for 10ms [1;33mUPDATE[0;0m be71-0f40/tplx
[38;2;200;200;200m[110/914][0;0m [38;2;200;200;200m [0;0m ⏺ Updating fingerprint examples/gptp -c sync4 for 10s [1;33mINSERT[0;0m 3a5d-df4c/tplx
[38;2;200;200;200m[111/914][0;0m [38;2;200;200;200m [0;0m ⏺ Updating fingerprint examples/ethernet/vlan -c VirtualInterface for 10ms [1;33mUPDATE[0;0m e74d-9177/tplx
[38;2;200;200;200m[112/914][0;0m [38;2;200;200;200m [0;0m ⏺ Updating fingerprint examples/ethernet/lans -f mixed.ini -c MixedLAN for 120s [1;33mINSERT[0;0m de94-722a/tplx
[38;2;200;200;200m[113/914][0;0m [38;2;200;200;200m [0;0m ⏺ Updating fingerprint examples/ethernet/simple for 10s [1;33mINSERT[0;0m f29d-ffac/tplx
[38;2;200;200;200m[114/914][0;0m [38;2;200;200;200m [0;0m ⏺ Updating fingerprint examples/ethernet/vlan -c BetweenHosts for 10ms [1;33mUPDATE[0;0m a912-3aec/tplx
[38;2;200;200;200m[115/914][0;0m [38;2;200;200;200m [0;0m ⏺ Updating fingerprint examples/ethernet/lans -f switch.ini -c SwitchedLAN1 for 1000s [1;33mUPDATE[0;0m b511-7932/tplx
[38;2;200;200;200m[116/914][0;0m [38;2;200;200;200m [0;0m ⏺ Updating fingerprint examples/ethernet/lans -f switch.ini -c SwitchedLanPreconf for 1000s [1;33mUPDATE[0;0m d620-9f4c/tplx
[1;33mSTDERR [0;36mopp_run_release [0;0m<!> Error: Submodule tcp: No module type named 'TcpLwip' found that implements module interface inet.transportlayer.contract.ITcp (not in the loaded NED files?), at /home/levy/workspace/inet-fp-master/src/inet/node/base/TransportLayerNodeBase.ned:39 -- in module (inet::NodeBase) BulkTransfer.client1 (id=2), during network setup
[38;2;200;200;200m[117/914][0;0m [38;2;200;200;200m [0;0m ⏺ Updating fingerprint examples/inet/bulktransfer -c inet__lwip for 50s [1;31mERROR[0;0m None Submodule tcp: No module type named 'TcpLwip' found that implements module interface inet.transportlayer.contract.ITcp (not in the loaded NED files?), at /home/levy/workspace/inet-fp-master/src/inet/node/base/TransportLayerNodeBase.ned:39 -- in module (inet::NodeBase) BulkTransfer.client1 (id=2), during network setup (Calculated fingerprint not found)
[38;2;200;200;200m[118/914][0;0m [38;2;200;200;200m [0;0m ⏺ Updating fingerprint examples/inet/broadcast for 20s [1;33mUPDATE[0;0m 0fe6-dad8/tplx
[38;2;200;200;200m[119/914][0;0m [38;2;200;200;200m [0;0m ⏺ Updating fingerprint examples/ieee8021d -c RSTP-Switch1RootByMAC for 200s [1;33mINSERT[0;0m 7212-1cf5/tplx
[1;33mSTDERR [0;36mopp_run_release [0;0m<!> Error: Submodule tcp: No module type named 'TcpLwip' found that implements module interface inet.transportlayer.contract.ITcp (not in the loaded NED files?), at /home/levy/workspace/inet-fp-master/src/inet/node/base/TransportLayerNodeBase.ned:39 -- in module (inet::NodeBase) BulkTransfer.server (id=5), during network setup
[38;2;200;200;200m[120/914][0;0m [38;2;200;200;200m [0;0m ⏺ Updating fingerprint examples/inet/bulktransfer -c lwip__inet for 50s [1;31mERROR[0;0m None Submodule tcp: No module type named 'TcpLwip' found that implements module interface inet.transportlayer.contract.ITcp (not in the loaded NED files?), at /home/levy/workspace/inet-fp-master/src/inet/node/base/TransportLayerNodeBase.ned:39 -- in module (inet::NodeBase) BulkTransfer.server (id=5), during network setup (Calculated fingerprint not found)
[38;2;200;200;200m[121/914][0;0m [38;2;200;200;200m [0;0m ⏺ Updating fingerprint examples/ieee8021d -c STP-Switch1RootByMAC for 200s [1;33mINSERT[0;0m 72f2-343a/tplx
[38;2;200;200;200m[122/914][0;0m [38;2;200;200;200m [0;0m ⏺ Updating fingerprint examples/ethernet/TenBaseT1S -f throughput.ini -c Throughput for 1s [1;33mINSERT[0;0m d5cc-4186/tplx
[38;2;200;200;200m[123/914][0;0m [38;2;200;200;200m [0;0m ⏺ Updating fingerprint examples/ieee8021d -c RSTP-Switch3RootByPriority for 200s [1;33mINSERT[0;0m 4cc7-bf95/tplx
[38;2;200;200;200m[124/914][0;0m [38;2;200;200;200m [0;0m ⏺ Updating fingerprint examples/ethernet/TenBaseT1S -f paper.ini -c Paper for 1s [1;33mINSERT[0;0m 42ad-822e/tplx
[38;2;200;200;200m[125/914][0;0m [38;2;200;200;200m [0;0m ⏺ Updating fingerprint examples/ieee8021d -c RSTP-Switch7to4BySrcPriority for 200s [1;33mINSERT[0;0m 9704-8f4b/tplx
[38;2;200;200;200m[126/914][0;0m [38;2;200;200;200m [0;0m ⏺ Updating fingerprint examples/ieee8021d -c STP-Switch3RootByPriority for 200s [1;33mINSERT[0;0m 2bf3-7341/tplx
[1;33mSTDERR [0;36mopp_run_release [0;0m<!> Error: Submodule tcp: No module type named 'TcpLwip' found that implements module interface inet.transportlayer.contract.ITcp (not in the loaded NED files?), at /home/levy/workspace/inet-fp-master/src/inet/node/base/TransportLayerNodeBase.ned:39 -- in module (inet::NodeBase) BulkTransfer.client1 (id=2), during network setup
[38;2;200;200;200m[127/914][0;0m [38;2;200;200;200m [0;0m ⏺ Updating fingerprint examples/inet/bulktransfer -c lwip__lwip for 50s [1;31mERROR[0;0m None Submodule tcp: No module type named 'TcpLwip' found that implements module interface inet.transportlayer.contract.ITcp (not in the loaded NED files?), at /home/levy/workspace/inet-fp-master/src/inet/node/base/TransportLayerNodeBase.ned:39 -- in module (inet::NodeBase) BulkTransfer.client1 (id=2), during network setup (Calculated fingerprint not found)
[38;2;200;200;200m[128/914][0;0m [38;2;200;200;200m [0;0m ⏺ Updating fingerprint examples/ieee8021d -c STP-Switch7to4BySrcPriority for 200s [1;33mINSERT[0;0m 5b9b-84d0/tplx
[38;2;200;200;200m[129/914][0;0m [38;2;200;200;200m [0;0m ⏺ Updating fingerprint examples/inet/configurator -c Default for 10s [1;33mUPDATE[0;0m 22eb-4272/tplx
[38;2;200;200;200m[130/914][0;0m [38;2;200;200;200m [0;0m ⏺ Updating fingerprint examples/ethernet/arptest -c ARPTest for 500s [1;33mUPDATE[0;0m 611b-9145/tplx
[38;2;200;200;200m[131/914][0;0m [38;2;200;200;200m [0;0m ⏺ Updating fingerprint examples/inet/configurator -c DisableDestinationInterfaces for 10s [1;33mUPDATE[0;0m cea8-3e17/tplx
[38;2;200;200;200m[132/914][0;0m [38;2;200;200;200m [0;0m ⏺ Updating fingerprint examples/inet/configurator -c DisableSourceHost for 10s [1;33mUPDATE[0;0m f241-784e/tplx
[38;2;200;200;200m[133/914][0;0m [38;2;200;200;200m [0;0m ⏺ Updating fingerprint examples/inet/configurator -c DisableNode for 10s [1;33mUPDATE[0;0m 6401-fd91/tplx
[38;2;200;200;200m[134/914][0;0m [38;2;200;200;200m [0;0m ⏺ Updating fingerprint examples/inet/bulktransfer -c inet_inet_2a for 50s [1;33mUPDATE[0;0m 604b-1ce3/tplx
[38;2;200;200;200m[135/914][0;0m [38;2;200;200;200m [0;0m ⏺ Updating fingerprint examples/inet/configurator -c DisableLink for 10s [1;33mUPDATE[0;0m be5c-0c75/tplx
[38;2;200;200;200m[136/914][0;0m [38;2;200;200;200m [0;0m ⏺ Updating fingerprint examples/inet/bulktransfer -c inet_inet_2b for 50s [1;33mUPDATE[0;0m 6ede-bd19/tplx
[38;2;200;200;200m[137/914][0;0m [38;2;200;200;200m [0;0m ⏺ Updating fingerprint examples/inet/hierarchical -c Hosts1 for 10000s [1;33mUPDATE[0;0m 54ed-86f6/tplx
[38;2;200;200;200m[138/914][0;0m [38;2;200;200;200m [0;0m ⏺ Updating fingerprint examples/inet/hierarchical99 [1;31mERROR[0;0m[1;33m (unexpected)[0;0m (Exception during task execution) AttributeError("'NoneType' object has no attribute 'stdout'")
[38;2;200;200;200m[139/914][0;0m [38;2;200;200;200m [0;0m ⏺ Updating fingerprint examples/adhoc/qos -c MsduAggregation for 5s [1;33mINSERT[0;0m 1186-eda6/tplx
[38;2;200;200;200m[140/914][0;0m [38;2;200;200;200m [0;0m ⏺ Updating fingerprint examples/inet/igmp -c IGMPv2 for 200s [1;33mUPDATE[0;0m 48e0-8a3d/tplx
[38;2;200;200;200m[141/914][0;0m [38;2;200;200;200m [0;0m ⏺ Updating fingerprint examples/inet/bulktransfer -c inet__inet for 50s [1;33mUPDATE[0;0m 71dd-2b8c/tplx
[38;2;200;200;200m[142/914][0;0m [38;2;200;200;200m [0;0m ⏺ Updating fingerprint examples/ethernet/arptest2 -c ARPTest for 500s [1;33mUPDATE[0;0m 4ad2-553a/tplx
[38;2;200;200;200m[143/914][0;0m [38;2;200;200;200m [0;0m ⏺ Updating fingerprint examples/ethernet/lans -f hub.ini -c Hub2 for 10s [1;33mUPDATE[0;0m 45cf-fffb/tplx
[38;2;200;200;200m[144/914][0;0m [38;2;200;200;200m [0;0m ⏺ Updating fingerprint examples/inet/ipsec -f ipv6.ini -c Multicast6 for 200s [1;33mINSERT[0;0m 5595-a1a2/tplx
[38;2;200;200;200m[145/914][0;0m [38;2;200;200;200m [0;0m ⏺ Updating fingerprint examples/inet/igmp -c IGMPv3 for 200s [1;33mUPDATE[0;0m c7c4-a830/tplx
[38;2;200;200;200m[146/914][0;0m [38;2;200;200;200m [0;0m ⏺ Updating fingerprint examples/inet/ber -c ber-flavour-experiment for 60.0s [1;33mINSERT[0;0m 23e2-a704/tplx
[38;2;200;200;200m[147/914][0;0m [38;2;200;200;200m [0;0m ⏺ Updating fingerprint examples/inet/ipv4hook [1;31mERROR[0;0m[1;33m (unexpected)[0;0m (Exception during task execution) AttributeError("'NoneType' object has no attribute 'stdout'")
[38;2;200;200;200m[148/914][0;0m [38;2;200;200;200m [0;0m ⏺ Updating fingerprint examples/inet/ber -c ber-sack-experiment for 60.0s [1;33mINSERT[0;0m 8885-1816/tplx
[38;2;200;200;200m[149/914][0;0m [38;2;200;200;200m [0;0m ⏺ Updating fingerprint examples/inet/ipsec -c Multicast for 200s [1;33mUPDATE[0;0m e1a9-4058/tplx
[38;2;200;200;200m[150/914][0;0m [38;2;200;200;200m [0;0m ⏺ Updating fingerprint examples/ieee8021as -c Network for 200s [1;33mUPDATE[0;0m 321e-2acc/tplx
[38;2;200;200;200m[151/914][0;0m [38;2;200;200;200m [0;0m ⏺ Updating fingerprint examples/inet/ipsec -f ipv6.ini -c UDPTraffic6 for 200s [1;33mINSERT[0;0m 6c88-badb/tplx
[38;2;200;200;200m[152/914][0;0m [38;2;200;200;200m [0;0m ⏺ Updating fingerprint examples/inet/ipsec -c UDPTraffic for 200s [1;33mUPDATE[0;0m 4a8b-0d22/tplx
[38;2;200;200;200m[153/914][0;0m [38;2;200;200;200m [0;0m ⏺ Updating fingerprint examples/inet/flatnet for 200s [1;33mUPDATE[0;0m af21-4242/tplx
[38;2;200;200;200m[154/914][0;0m [38;2;200;200;200m [0;0m ⏺ Updating fingerprint examples/ieee8021d -c STP-LargeNet for 200s [1;33mINSERT[0;0m f095-39ee/tplx
[38;2;200;200;200m[155/914][0;0m [38;2;200;200;200m [0;0m ⏺ Updating fingerprint examples/inet/ipsec -f ipv6.ini -c TCPTraffic6 for 200s [1;33mINSERT[0;0m 94fe-7d69/tplx
[38;2;200;200;200m[156/914][0;0m [38;2;200;200;200m [0;0m ⏺ Updating fingerprint examples/inet/nclients -f omnetpp-ping.ini -c Ping for 10s [1;33mUPDATE[0;0m f13d-74bd/tplx
[38;2;200;200;200m[157/914][0;0m [38;2;200;200;200m [0;0m ⏺ Updating fingerprint examples/inet/ipsec -c TCPTraffic for 200s [1;33mUPDATE[0;0m 5c54-f340/tplx
[38;2;200;200;200m[158/914][0;0m [38;2;200;200;200m [0;0m ⏺ Updating fingerprint examples/ieee8021d -c STP-LinkReconnect for 200s [1;33mINSERT[0;0m c1ca-77f1/tplx
[38;2;200;200;200m[159/914][0;0m [38;2;200;200;200m [0;0m ⏺ Updating fingerprint examples/inet/nclients for 3000s [1;33mUPDATE[0;0m b166-7740/tplx
[38;2;200;200;200m[160/914][0;0m [38;2;200;200;200m [0;0m ⏺ Updating fingerprint examples/inet/nclients -c inet__inet for 3000s [1;33mINSERT[0;0m b166-7740/tplx
[1;33mSTDERR [0;36mopp_run_release [0;0m<!> Error: Submodule tcp: No module type named 'TcpLwip' found that implements module interface inet.transportlayer.contract.ITcp (not in the loaded NED files?), at /home/levy/workspace/inet-fp-master/src/inet/node/base/TransportLayerNodeBase.ned:39 -- in module (inet::NodeBase) NClients.cli[0] (id=6), during network setup
[1;33mSTDERR [0;36mopp_run_release [0;0m<!> Error: Submodule tcp: No module type named 'TcpLwip' found that implements module interface inet.transportlayer.contract.ITcp (not in the loaded NED files?), at /home/levy/workspace/inet-fp-master/src/inet/node/base/TransportLayerNodeBase.ned:39 -- in module (inet::NodeBase) NClients.srv (id=10), during network setup
[38;2;200;200;200m[161/914][0;0m [38;2;200;200;200m [0;0m ⏺ Updating fingerprint examples/inet/nclients -c inet__lwip for 3000s [1;31mERROR[0;0m None Submodule tcp: No module type named 'TcpLwip' found that implements module interface inet.transportlayer.contract.ITcp (not in the loaded NED files?), at /home/levy/workspace/inet-fp-master/src/inet/node/base/TransportLayerNodeBase.ned:39 -- in module (inet::NodeBase) NClients.cli[0] (id=6), during network setup (Calculated fingerprint not found)
[38;2;200;200;200m[162/914][0;0m [38;2;200;200;200m [0;0m ⏺ Updating fingerprint examples/inet/nclients -c lwip__inet for 3000s [1;31mERROR[0;0m None Submodule tcp: No module type named 'TcpLwip' found that implements module interface inet.transportlayer.contract.ITcp (not in the loaded NED files?), at /home/levy/workspace/inet-fp-master/src/inet/node/base/TransportLayerNodeBase.ned:39 -- in module (inet::NodeBase) NClients.srv (id=10), during network setup (Calculated fingerprint not found)
[1;33mSTDERR [0;36mopp_run_release [0;0m<!> Error: Submodule tcp: No module type named 'TcpLwip' found that implements module interface inet.transportlayer.contract.ITcp (not in the loaded NED files?), at /home/levy/workspace/inet-fp-master/src/inet/node/base/TransportLayerNodeBase.ned:39 -- in module (inet::NodeBase) NClients.cli[0] (id=6), during network setup
[38;2;200;200;200m[163/914][0;0m [38;2;200;200;200m [0;0m ⏺ Updating fingerprint examples/ethernet/lans -c MixedLAN1 for 1200s [1;33mINSERT[0;0m a3af-d699/tplx
[38;2;200;200;200m[164/914][0;0m [38;2;200;200;200m [0;0m ⏺ Updating fingerprint examples/inet/nclients -c lwip__lwip for 3000s [1;31mERROR[0;0m None Submodule tcp: No module type named 'TcpLwip' found that implements module interface inet.transportlayer.contract.ITcp (not in the loaded NED files?), at /home/levy/workspace/inet-fp-master/src/inet/node/base/TransportLayerNodeBase.ned:39 -- in module (inet::NodeBase) NClients.cli[0] (id=6), during network setup (Calculated fingerprint not found)
[38;2;200;200;200m[165/914][0;0m [38;2;200;200;200m [0;0m ⏺ Updating fingerprint examples/ieee8021d -c RSTP-LinkReconnect for 200s [1;33mINSERT[0;0m 9be1-428d/tplx
[38;2;200;200;200m[166/914][0;0m [38;2;200;200;200m [0;0m ⏺ Updating fingerprint examples/adhoc/qos -c MacNonQos for 5s [1;33mINSERT[0;0m 1570-9e40/tplx
[38;2;200;200;200m[167/914][0;0m [38;2;200;200;200m [0;0m ⏺ Updating fingerprint examples/ieee8021d -c RSTP-LargeNet for 200s [1;33mINSERT[0;0m 860a-ecca/tplx
[38;2;200;200;200m[168/914][0;0m [38;2;200;200;200m [0;0m ⏺ Updating fingerprint examples/inet/kidsnw1 for 1000s [1;33mUPDATE[0;0m a5d5-f2b6/tplx
[38;2;200;200;200m[169/914][0;0m [38;2;200;200;200m [0;0m ⏺ Updating fingerprint examples/ieee8021as -c Network_daisy_chain for 200s [1;33mUPDATE[0;0m d089-eeec/tplx
[38;2;200;200;200m[170/914][0;0m [38;2;200;200;200m [0;0m ⏺ Updating fingerprint examples/inet/routerperf for 100s [1;33mUPDATE[0;0m 1046-0504/tplx
[38;2;200;200;200m[171/914][0;0m [38;2;200;200;200m [0;0m ⏺ Updating fingerprint examples/inet/nclients -f basicHTTP.ini for 1d [1;33mINSERT[0;0m bfb5-001b/tplx
[38;2;200;200;200m[172/914][0;0m [38;2;200;200;200m [0;0m ⏺ Updating fingerprint examples/inet/shutdownrestart -c Ping for 100s [1;33mUPDATE[0;0m 1983-8008/tplx
[38;2;200;200;200m[173/914][0;0m [38;2;200;200;200m [0;0m ⏺ Updating fingerprint examples/inet/shutdownrestart -c TCP for 100s [1;33mUPDATE[0;0m 404f-316a/tplx
[38;2;200;200;200m[174/914][0;0m [38;2;200;200;200m [0;0m ⏺ Updating fingerprint examples/inet/nclients -f filetransfer.ini -c Filetransfer for 50s [1;33mUPDATE[0;0m 8de5-c709/tplx
[38;2;200;200;200m[175/914][0;0m [38;2;200;200;200m [0;0m ⏺ Updating fingerprint examples/inet/hierarchical -c Hosts16 for 10000s [1;33mUPDATE[0;0m bf43-da16/tplx
[38;2;200;200;200m[176/914][0;0m [38;2;200;200;200m [0;0m ⏺ Updating fingerprint examples/inet/netperfmeter -c TraceFile-Tcp for 3600s 1ms [1;33mINSERT[0;0m 00ec-da7e/tplx
[38;2;200;200;200m[177/914][0;0m [38;2;200;200;200m [0;0m ⏺ Updating fingerprint examples/inet/netperfmeter -c TraceFile-Udp for 3600s 1ms [1;33mINSERT[0;0m e88f-7202/tplx
[1;33mSTDERR [0;36mopp_run_release [0;0m<!> Error: Submodule tcp: No module type named 'TcpLwip' found that implements module interface inet.transportlayer.contract.ITcp (not in the loaded NED files?), at /home/levy/workspace/inet-fp-master/src/inet/node/base/TransportLayerNodeBase.ned:39 -- in module (inet::NodeBase) NClients.cli[0] (id=6), during network setup
[38;2;200;200;200m[178/914][0;0m [38;2;200;200;200m [0;0m ⏺ Updating fingerprint examples/inet/pcaprecorder for 5000s [1;33mUPDATE[0;0m 8dc6-b711/tplx
[38;2;200;200;200m[179/914][0;0m [38;2;200;200;200m [0;0m ⏺ Updating fingerprint examples/adhoc/qos -c MacQos for 5s [1;33mINSERT[0;0m dda7-2839/tplx
[38;2;200;200;200m[180/914][0;0m [38;2;200;200;200m [0;0m ⏺ Updating fingerprint examples/inet/shutdownrestart -c TcpLwip for 100s [1;31mERROR[0;0m None Submodule tcp: No module type named 'TcpLwip' found that implements module interface inet.transportlayer.contract.ITcp (not in the loaded NED files?), at /home/levy/workspace/inet-fp-master/src/inet/node/base/TransportLayerNodeBase.ned:39 -- in module (inet::NodeBase) NClients.cli[0] (id=6), during network setup (Calculated fingerprint not found)
[38;2;200;200;200m[181/914][0;0m [38;2;200;200;200m [0;0m ⏺ Updating fingerprint examples/inet/netperfmeter -c TraceFile-Sctp for 3600s 1ms [1;33mINSERT[0;0m fc6e-eba9/tplx
[38;2;200;200;200m[182/914][0;0m [38;2;200;200;200m [0;0m ⏺ Updating fingerprint examples/inet/multicast for 2000s [1;33mUPDATE[0;0m 7856-fd6a/tplx
[38;2;200;200;200m[183/914][0;0m [38;2;200;200;200m [0;0m ⏺ Updating fingerprint examples/inet/shutdownrestart -c UDP_Basic_Echo for 100s [1;33mUPDATE[0;0m 85b2-8853/tplx
[38;2;200;200;200m[184/914][0;0m [38;2;200;200;200m [0;0m ⏺ Updating fingerprint examples/inet/shutdownrestart -c UDP_Burst_Sink for 100s [1;33mUPDATE[0;0m b6dd-06ee/tplx
[38;2;200;200;200m[185/914][0;0m [38;2;200;200;200m [0;0m ⏺ Updating fingerprint examples/inet/shutdownrestart -c UDP_VideoStream for 100s [1;33mUPDATE[0;0m a912-7ca7/tplx
[38;2;200;200;200m[186/914][0;0m [38;2;200;200;200m [0;0m ⏺ Updating fingerprint examples/inet/tcp_pmtud -c PmtudDisabled for 300s [1;33mINSERT[0;0m 4f86-3105/tplx
[38;2;200;200;200m[187/914][0;0m [38;2;200;200;200m [0;0m ⏺ Updating fingerprint examples/inet/tcp_ppp_reconnect for 10s [1;33mUPDATE[0;0m c0f9-a1e4/tplx
[38;2;200;200;200m[188/914][0;0m [38;2;200;200;200m [0;0m ⏺ Updating fingerprint examples/inet/tcpapp -c BurstyTraffic for 100s [1;33mUPDATE[0;0m 8ee4-3327/tplx
[38;2;200;200;200m[189/914][0;0m [38;2;200;200;200m [0;0m ⏺ Updating fingerprint examples/inet/tcp_pmtud -c PmtudProbe for 300s [1;33mINSERT[0;0m c881-11e3/tplx
[38;2;200;200;200m[190/914][0;0m [38;2;200;200;200m [0;0m ⏺ Updating fingerprint examples/inet/tcp_eth_reconnect -c with_EtherMAC_halfduplex for 10s [1;33mUPDATE[0;0m d2dc-03a2/tplx
[38;2;200;200;200m[191/914][0;0m [38;2;200;200;200m [0;0m ⏺ Updating fingerprint examples/inet/tcpapp -c RequestResponseTraffic for 100s [1;33mUPDATE[0;0m 5bb5-0852/tplx
[38;2;200;200;200m[192/914][0;0m [38;2;200;200;200m [0;0m ⏺ Updating fingerprint examples/inet/tcp_pmtud -c PmtudEnabled for 300s [1;33mINSERT[0;0m f876-19cc/tplx
[38;2;200;200;200m[193/914][0;0m [38;2;200;200;200m [0;0m ⏺ Updating fingerprint examples/inet/redmarker -c TcpSender1 for 100s [1;33mUPDATE[0;0m d49d-6e15/tplx
[38;2;200;200;200m[194/914][0;0m [38;2;200;200;200m [0;0m ⏺ Updating fingerprint examples/inet/tcpclientserver -c inet-nocongestioncontrol for 500s [1;33mUPDATE[0;0m 3162-2eab/tplx
[38;2;200;200;200m[195/914][0;0m [38;2;200;200;200m [0;0m ⏺ Updating fingerprint examples/inet/tcp_eth_reconnect -c with_EtherMAC_fullduplex for 10s [1;33mUPDATE[0;0m b786-0754/tplx
[38;2;200;200;200m[196/914][0;0m [38;2;200;200;200m [0;0m ⏺ Updating fingerprint examples/inet/tcpclientserver -c inet-newreno for 500s [1;33mUPDATE[0;0m 920a-c929/tplx
[38;2;200;200;200m[197/914][0;0m [38;2;200;200;200m [0;0m ⏺ Updating fingerprint examples/inet/tcpclientserver -c inet-dumb for 500s [1;33mUPDATE[0;0m 022a-1341/tplx
[38;2;200;200;200m[198/914][0;0m [38;2;200;200;200m [0;0m ⏺ Updating fingerprint examples/inet/tcpclientserver -c default_tcp for 100s [1;33mUPDATE[0;0m 34fe-72b5/tplx
[38;2;200;200;200m[199/914][0;0m [38;2;200;200;200m [0;0m ⏺ Updating fingerprint examples/inet/tcp_eth_reconnect -c with_EtherMACFullDuplex for 10s [1;33mUPDATE[0;0m 4888-189b/tplx
[38;2;200;200;200m[200/914][0;0m [38;2;200;200;200m [0;0m ⏺ Updating fingerprint examples/inet/tcpclientserver -c inet-reno for 500s [1;33mUPDATE[0;0m f01c-77fe/tplx
[38;2;200;200;200m[201/914][0;0m [38;2;200;200;200m [0;0m ⏺ Updating fingerprint examples/ethernet/lans -f duplexswitch.ini -c SwitchedDuplexLAN for 120s [1;33mINSERT[0;0m a013-005b/tplx
[38;2;200;200;200m[202/914][0;0m [38;2;200;200;200m [0;0m ⏺ Updating fingerprint examples/inet/tcpclientserver -c inet-tahoe for 500s [1;33mUPDATE[0;0m f01c-77fe/tplx
[38;2;200;200;200m[203/914][0;0m [38;2;200;200;200m [0;0m ⏺ Updating fingerprint examples/inet/nclients -f video.ini -c Video for 50s [1;33mUPDATE[0;0m 769d-cca1/tplx
[1;33mSTDERR [0;36mopp_run_release [0;0m<!> Error: Submodule tcp: No module type named 'TcpLwip' found that implements module interface inet.transportlayer.contract.ITcp (not in the loaded NED files?), at /home/levy/workspace/inet-fp-master/src/inet/node/base/TransportLayerNodeBase.ned:39 -- in module (inet::NodeBase) ClientServer.server (id=3), during network setup
[38;2;200;200;200m[204/914][0;0m [38;2;200;200;200m [0;0m ⏺ Updating fingerprint examples/inet/tcpclientserver -c inet-westwood for 500s [1;33mUPDATE[0;0m 7eb5-a730/tplx
[1;33mSTDERR [0;36mopp_run_release [0;0m<!> Error: Submodule tcp: No module type named 'TcpLwip' found that implements module interface inet.transportlayer.contract.ITcp (not in the loaded NED files?), at /home/levy/workspace/inet-fp-master/src/inet/node/base/TransportLayerNodeBase.ned:39 -- in module (inet::NodeBase) ClientServer.client1 (id=2), during network setup
[38;2;200;200;200m[205/914][0;0m [38;2;200;200;200m [0;0m ⏺ Updating fingerprint examples/inet/tcpclientserver -c inet-vegas for 500s [1;33mUPDATE[0;0m f8ba-ab6e/tplx
[38;2;200;200;200m[206/914][0;0m [38;2;200;200;200m [0;0m ⏺ Updating fingerprint examples/inet/tcpclientserver -c lwip__inet for 100s [1;31mERROR[0;0m None Submodule tcp: No module type named 'TcpLwip' found that implements module interface inet.transportlayer.contract.ITcp (not in the loaded NED files?), at /home/levy/workspace/inet-fp-master/src/inet/node/base/TransportLayerNodeBase.ned:39 -- in module (inet::NodeBase) ClientServer.server (id=3), during network setup (Calculated fingerprint not found)
[38;2;200;200;200m[207/914][0;0m [38;2;200;200;200m [0;0m ⏺ Updating fingerprint examples/inet/tcpclientserver -c lwip__lwip for 100s [1;31mERROR[0;0m None Submodule tcp: No module type named 'TcpLwip' found that implements module interface inet.transportlayer.contract.ITcp (not in the loaded NED files?), at /home/levy/workspace/inet-fp-master/src/inet/node/base/TransportLayerNodeBase.ned:39 -- in module (inet::NodeBase) ClientServer.client1 (id=2), during network setup (Calculated fingerprint not found)
[1;33mSTDERR [0;36mopp_run_release [0;0m<!> Error: Submodule tcp: No module type named 'TcpLwip' found that implements module interface inet.transportlayer.contract.ITcp (not in the loaded NED files?), at /home/levy/workspace/inet-fp-master/src/inet/node/base/TransportLayerNodeBase.ned:39 -- in module (inet::NodeBase) ClientServer.client1 (id=2), during network setup
[1;33mSTDERR [0;36mopp_run_release [0;0m<!> Error: Submodule tcp: No module type named 'TcpLwip' found that implements module interface inet.transportlayer.contract.ITcp (not in the loaded NED files?), at /home/levy/workspace/inet-fp-master/src/inet/node/base/TransportLayerNodeBase.ned:39 -- in module (inet::NodeBase) ClientServer.client1 (id=2), during network setup
[1;33mSTDERR [0;36mopp_run_release [0;0m<!> Error: Submodule tcp: No module type named 'TcpLwip' found that implements module interface inet.transportlayer.contract.ITcp (not in the loaded NED files?), at /home/levy/workspace/inet-fp-master/src/inet/node/base/TransportLayerNodeBase.ned:39 -- in module (inet::NodeBase) ClientServer.client1 (id=2), during network setup
[38;2;200;200;200m[208/914][0;0m [38;2;200;200;200m [0;0m ⏺ Updating fingerprint examples/inet/tcpclientserver -c lwip__lwip__msg for 100s [1;31mERROR[0;0m None Submodule tcp: No module type named 'TcpLwip' found that implements module interface inet.transportlayer.contract.ITcp (not in the loaded NED files?), at /home/levy/workspace/inet-fp-master/src/inet/node/base/TransportLayerNodeBase.ned:39 -- in module (inet::NodeBase) ClientServer.client1 (id=2), during network setup (Calculated fingerprint not found)
[38;2;200;200;200m[209/914][0;0m [38;2;200;200;200m [0;0m ⏺ Updating fingerprint examples/inet/tcpclientserver -c inet__lwip for 100s [1;31mERROR[0;0m None Submodule tcp: No module type named 'TcpLwip' found that implements module interface inet.transportlayer.contract.ITcp (not in the loaded NED files?), at /home/levy/workspace/inet-fp-master/src/inet/node/base/TransportLayerNodeBase.ned:39 -- in module (inet::NodeBase) ClientServer.client1 (id=2), during network setup (Calculated fingerprint not found)
[38;2;200;200;200m[210/914][0;0m [38;2;200;200;200m [0;0m ⏺ Updating fingerprint examples/inet/tcpclientserver -c lwip__lwip__stream for 100s [1;31mERROR[0;0m None Submodule tcp: No module type named 'TcpLwip' found that implements module interface inet.transportlayer.contract.ITcp (not in the loaded NED files?), at /home/levy/workspace/inet-fp-master/src/inet/node/base/TransportLayerNodeBase.ned:39 -- in module (inet::NodeBase) ClientServer.client1 (id=2), during network setup (Calculated fingerprint not found)
[1;33mSTDERR [0;36mopp_run_release [0;0m<!> Error: The simulation attempted to prompt for user input, set cmdenv-interactive=true to allow it: "Enter parameter 'ClientServer.client1.tcp.windowScalingFactor' (ask):" -- in module (inet::tcp::Tcp) ClientServer.client1.tcp (id=18), during network setup
[38;2;200;200;200m[211/914][0;0m [38;2;200;200;200m [0;0m ⏺ Updating fingerprint examples/inet/tcpthroughput -c Delay-100ms-advWin1MB for 100s [1;31mERROR[0;0m None (Calculated fingerprint not found)
[38;2;200;200;200m[212/914][0;0m [38;2;200;200;200m [0;0m ⏺ Updating fingerprint examples/inet/nclients -f nclients2.ini for 50s [1;33mUPDATE[0;0m bfbd-c969/tplx
[38;2;200;200;200m[213/914][0;0m [38;2;200;200;200m [0;0m ⏺ Updating fingerprint examples/inet/tcpclientserver -c inet__inet_stream for 100s [1;33mUPDATE[0;0m 34fe-72b5/tplx
[38;2;200;200;200m[214/914][0;0m [38;2;200;200;200m [0;0m ⏺ Updating fingerprint examples/inet/tcpclientserver -c inet__inet for 100s [1;33mUPDATE[0;0m 34fe-72b5/tplx
[38;2;200;200;200m[215/914][0;0m [38;2;200;200;200m [0;0m ⏺ Updating fingerprint examples/inet/tcpclientserver -c inet__inet_msg for 100s [1;33mUPDATE[0;0m 34fe-72b5/tplx
[38;2;200;200;200m[216/914][0;0m [38;2;200;200;200m [0;0m ⏺ Updating fingerprint examples/inet/tunnel -c UDPApp for 10s [1;33mUPDATE[0;0m ee9c-4166/tplx
[38;2;200;200;200m[217/914][0;0m [38;2;200;200;200m [0;0m ⏺ Updating fingerprint examples/inet/udpapp -c BurstyTraffic for 100s [1;33mUPDATE[0;0m 2d6c-129a/tplx
[38;2;200;200;200m[218/914][0;0m [38;2;200;200;200m [0;0m ⏺ Updating fingerprint examples/inet/tcpthroughput -c Delay-100ms for 100s [1;33mINSERT[0;0m 0d48-362f/tplx
[38;2;200;200;200m[219/914][0;0m [38;2;200;200;200m [0;0m ⏺ Updating fingerprint examples/inet/udpclientserver -c udp_Fragment_ipv4 for 10s [1;33mUPDATE[0;0m eecb-c3ed/tplx
[38;2;200;200;200m[220/914][0;0m [38;2;200;200;200m [0;0m ⏺ Updating fingerprint examples/inet/udpapp -c RequestResponseTraffic for 100s [1;33mUPDATE[0;0m 5b32-bcdd/tplx
[38;2;200;200;200m[221/914][0;0m [38;2;200;200;200m [0;0m ⏺ Updating fingerprint examples/inet/udpclientserver -c udp_Host_Unav_gn for 10s [1;33mUPDATE[0;0m 10e5-e4c7/tplx
[38;2;200;200;200m[222/914][0;0m [38;2;200;200;200m [0;0m ⏺ Updating fingerprint examples/inet/udpclientserver -c udp_Host_Unav_ipv4 for 10s [1;33mUPDATE[0;0m 8450-d666/tplx
[38;2;200;200;200m[223/914][0;0m [38;2;200;200;200m [0;0m ⏺ Updating fingerprint examples/inet/udpclientserver -c udp_Host_Unav_ipv6 for 10s [1;33mUPDATE[0;0m 4dca-cc43/tplx
[38;2;200;200;200m[224/914][0;0m [38;2;200;200;200m [0;0m ⏺ Updating fingerprint examples/inet/udpclientserver -c udp_OK_gn for 10s [1;33mUPDATE[0;0m 10e5-e4c7/tplx
[38;2;200;200;200m[225/914][0;0m [38;2;200;200;200m [0;0m ⏺ Updating fingerprint examples/inet/udpclientserver -c udp_OK_ipv4 for 10s [1;33mUPDATE[0;0m f330-f37c/tplx
[38;2;200;200;200m[226/914][0;0m [38;2;200;200;200m [0;0m ⏺ Updating fingerprint examples/inet/udpclientserver -c udp_OK_ipv4_clock for 10s [1;33mUPDATE[0;0m f330-f37c/tplx
[38;2;200;200;200m[227/914][0;0m [38;2;200;200;200m [0;0m ⏺ Updating fingerprint examples/inet/udpclientserver -c udp_OK_ipv4_clock_drift for 10s [1;33mUPDATE[0;0m b3db-a16b/tplx
[38;2;200;200;200m[228/914][0;0m [38;2;200;200;200m [0;0m ⏺ Updating fingerprint examples/inet/udpclientserver -c udp_OK_ipv4_clock_adjust for 10s [1;33mUPDATE[0;0m 74c1-eb39/tplx
[38;2;200;200;200m[229/914][0;0m [38;2;200;200;200m [0;0m ⏺ Updating fingerprint examples/inet/udpclientserver -c udp_Port_Unav_ipv4 for 10s [1;33mUPDATE[0;0m 0270-add5/tplx
[38;2;200;200;200m[230/914][0;0m [38;2;200;200;200m [0;0m ⏺ Updating fingerprint examples/inet/tunnel -c TcpApp for 10s [1;33mUPDATE[0;0m 5f07-7f25/tplx
[38;2;200;200;200m[231/914][0;0m [38;2;200;200;200m [0;0m ⏺ Updating fingerprint examples/inet/udpclientserver -c udp_Port_Unav_gn for 10s [1;33mUPDATE[0;0m 10e5-e4c7/tplx
[38;2;200;200;200m[232/914][0;0m [38;2;200;200;200m [0;0m ⏺ Updating fingerprint examples/inet/udpburst for 1000s [1;33mUPDATE[0;0m 7751-f423/tplx
[38;2;200;200;200m[233/914][0;0m [38;2;200;200;200m [0;0m ⏺ Updating fingerprint examples/inet/udpclientserver -c udp_Port_Unav_ipv6 for 10s [1;33mUPDATE[0;0m 76aa-cd3a/tplx
[38;2;200;200;200m[234/914][0;0m [38;2;200;200;200m [0;0m ⏺ Updating fingerprint examples/internetcloud/cloudandhosts -c simple for 100s [1;33mUPDATE[0;0m a1d0-9a34/tplx
[38;2;200;200;200m[235/914][0;0m [38;2;200;200;200m [0;0m ⏺ Updating fingerprint examples/inet/dctcp -c DcTcpIncast for 100s [1;33mUPDATE[0;0m 3c20-ec82/tplx
[38;2;200;200;200m[236/914][0;0m [38;2;200;200;200m [0;0m ⏺ Updating fingerprint examples/internetcloud/cloudandrouters -c simple for 100s [1;33mUPDATE[0;0m e866-6b4d/tplx
[38;2;200;200;200m[237/914][0;0m [38;2;200;200;200m [0;0m ⏺ Updating fingerprint examples/ethernet/lans -f largeNet.ini -c LargeNet for 5s [1;33mUPDATE[0;0m c767-ae40/tplx
[38;2;200;200;200m[238/914][0;0m [38;2;200;200;200m [0;0m ⏺ Updating fingerprint examples/inet/udpclientserver -c udp_OK_ipv6 for 10s [1;33mUPDATE[0;0m 6be2-a631/tplx
[38;2;200;200;200m[239/914][0;0m [38;2;200;200;200m [0;0m ⏺ Updating fingerprint examples/internetcloud/cloudandhosts -c two_senders for 100s [1;33mUPDATE[0;0m 194c-c868/tplx
[38;2;200;200;200m[240/914][0;0m [38;2;200;200;200m [0;0m ⏺ Updating fingerprint examples/internetcloud/cloudandhosts -c ten_senders for 100s [1;33mUPDATE[0;0m 99f5-777b/tplx
[38;2;200;200;200m[241/914][0;0m [38;2;200;200;200m [0;0m ⏺ Updating fingerprint examples/ipv6/ipv6configurator -c CustomRA for 120s [1;33mINSERT[0;0m 9b33-b846/tplx
[38;2;200;200;200m[242/914][0;0m [38;2;200;200;200m [0;0m ⏺ Updating fingerprint examples/inet/tcpwindowscale -c WS_disabled for 600.0s [1;33mINSERT[0;0m fc47-e5de/tplx
[38;2;200;200;200m[243/914][0;0m [38;2;200;200;200m [0;0m ⏺ Updating fingerprint examples/ipv6/ipv6configurator -c Default for 60s [1;33mINSERT[0;0m 42e6-5e96/tplx
[38;2;200;200;200m[244/914][0;0m [38;2;200;200;200m [0;0m ⏺ Updating fingerprint examples/ieee8021as -c Network_with_cross_traffic for 200s [1;33mUPDATE[0;0m d664-f389/tplx
[38;2;200;200;200m[245/914][0;0m [38;2;200;200;200m [0;0m ⏺ Updating fingerprint examples/ipv6/ipv6configurator -c Hierarchical for 60s [1;33mINSERT[0;0m 42e6-5e96/tplx
[38;2;200;200;200m[246/914][0;0m [38;2;200;200;200m [0;0m ⏺ Updating fingerprint examples/ipv6/ipv6configurator -c ManualRouters for 120s [1;33mINSERT[0;0m 3872-e566/tplx
[38;2;200;200;200m[247/914][0;0m [38;2;200;200;200m [0;0m ⏺ Updating fingerprint examples/ipv6/mld for 30s [1;33mINSERT[0;0m 6337-95bf/tplx
[38;2;200;200;200m[248/914][0;0m [38;2;200;200;200m [0;0m ⏺ Updating fingerprint examples/ipv6/mld -c MldDemo for 30s [1;33mINSERT[0;0m d930-18f9/tplx
[38;2;200;200;200m[249/914][0;0m [38;2;200;200;200m [0;0m ⏺ Updating fingerprint examples/internetcloud/cloudandrouters -c ten_senders for 100s [1;33mUPDATE[0;0m cb0f-0c74/tplx
[38;2;200;200;200m[250/914][0;0m [38;2;200;200;200m [0;0m ⏺ Updating fingerprint examples/ipv6/mld -c MldV2Ssm for 30s [1;33mINSERT[0;0m f8a5-9499/tplx
[38;2;200;200;200m[251/914][0;0m [38;2;200;200;200m [0;0m ⏺ Updating fingerprint examples/internetcloud/cloudandrouters -c two_senders for 100s [1;33mUPDATE[0;0m 1d03-cf63/tplx
[38;2;200;200;200m[252/914][0;0m [38;2;200;200;200m [0;0m ⏺ Updating fingerprint examples/ipv6/mipv6 -c RouteOptimizationTwoCNs for 60s [1;33mINSERT[0;0m 9e08-436f/tplx
[38;2;200;200;200m[253/914][0;0m [38;2;200;200;200m [0;0m ⏺ Updating fingerprint examples/ipv6/nclients -c PPP_SCTP for 100s [1;33mUPDATE[0;0m 23c7-536b/tplx
[38;2;200;200;200m[254/914][0;0m [38;2;200;200;200m [0;0m ⏺ Updating fingerprint examples/inet/dctcp -c TcpRenoIncast for 100s [1;33mUPDATE[0;0m 7e4b-9263/tplx
[38;2;200;200;200m[255/914][0;0m [38;2;200;200;200m [0;0m ⏺ Updating fingerprint examples/ipv6/mipv6 -c Handover for 70s [1;33mINSERT[0;0m c81c-3ad9/tplx
[38;2;200;200;200m[256/914][0;0m [38;2;200;200;200m [0;0m ⏺ Updating fingerprint examples/ipv6/pmipv6 for 60s [1;33mINSERT[0;0m e4a2-db15/tplx
[38;2;200;200;200m[257/914][0;0m [38;2;200;200;200m [0;0m ⏺ Updating fingerprint examples/ipv6/nclients -c PPP for 1000s [1;33mUPDATE[0;0m 2a4d-f95a/tplx
[38;2;200;200;200m[258/914][0;0m [38;2;200;200;200m [0;0m ⏺ Updating fingerprint examples/ipv6/mipv6roaming -c Roaming for 70s [1;33mINSERT[0;0m a1e5-80dc/tplx
[38;2;200;200;200m[259/914][0;0m [38;2;200;200;200m [0;0m ⏺ Updating fingerprint examples/ipv6/nclients -c ETH for 1000s [1;33mUPDATE[0;0m 0901-9f52/tplx
[38;2;200;200;200m[260/914][0;0m [38;2;200;200;200m [0;0m ⏺ Updating fingerprint examples/internetcloud/earthcloud for 100s [1;33mUPDATE[0;0m a43c-a366/tplx
[38;2;200;200;200m[261/914][0;0m [38;2;200;200;200m [0;0m ⏺ Updating fingerprint examples/inet/tcpthroughput -c Delay-100ms-advWin64K for 100s [1;33mINSERT[0;0m f6c4-0177/tplx
[38;2;200;200;200m[262/914][0;0m [38;2;200;200;200m [0;0m ⏺ Updating fingerprint examples/manetrouting/dymo -c DynamicGeneric for 22s [1;33mUPDATE[0;0m dd24-b494/tplx
[38;2;200;200;200m[263/914][0;0m [38;2;200;200;200m [0;0m ⏺ Updating fingerprint examples/manetrouting/dsdv -c IPv4 for 10s [1;33mUPDATE[0;0m 375b-a57c/tplx
[38;2;200;200;200m[264/914][0;0m [38;2;200;200;200m [0;0m ⏺ Updating fingerprint examples/manetrouting/dymo -c DynamicIPv4 for 22s [1;33mUPDATE[0;0m 9b01-35d7/tplx
[38;2;200;200;200m[265/914][0;0m [38;2;200;200;200m [0;0m ⏺ Updating fingerprint examples/manetrouting/dymo -c IPv4 for 10s [1;33mUPDATE[0;0m 620d-318a/tplx
[38;2;200;200;200m[266/914][0;0m [38;2;200;200;200m [0;0m ⏺ Updating fingerprint examples/manetrouting/dymo -c Generic for 10s [1;33mUPDATE[0;0m 7274-90b3/tplx
[38;2;200;200;200m[267/914][0;0m [38;2;200;200;200m [0;0m ⏺ Updating fingerprint examples/manetrouting/dsdv -c MultiIPv4 for 10s [1;33mUPDATE[0;0m 52d4-b7a3/tplx
[38;2;200;200;200m[268/914][0;0m [38;2;200;200;200m [0;0m ⏺ Updating fingerprint examples/manetrouting/dymo -c MultiIPv4 for 10s [1;33mUPDATE[0;0m e7b5-4e63/tplx
[38;2;200;200;200m[269/914][0;0m [38;2;200;200;200m [0;0m ⏺ Updating fingerprint examples/manetrouting/dymo -c MultiGeneric for 10s [1;33mUPDATE[0;0m 9e39-f8d7/tplx
[38;2;200;200;200m[270/914][0;0m [38;2;200;200;200m [0;0m ⏺ Updating fingerprint examples/manetrouting/gpsr -c DynamicIPv4 for 20s [1;33mUPDATE[0;0m 743f-d454/tplx
[38;2;200;200;200m[271/914][0;0m [38;2;200;200;200m [0;0m ⏺ Updating fingerprint examples/manetrouting/gpsr -c Generic for 20s [1;33mUPDATE[0;0m cb5b-74cc/tplx
[38;2;200;200;200m[272/914][0;0m [38;2;200;200;200m [0;0m ⏺ Updating fingerprint examples/manetrouting/gpsr -c DynamicGeneric for 20s [1;33mUPDATE[0;0m c652-61ec/tplx
[38;2;200;200;200m[273/914][0;0m [38;2;200;200;200m [0;0m ⏺ Updating fingerprint examples/manetrouting/gpsr -c IPv4 for 20s [1;33mUPDATE[0;0m 0a99-2ed9/tplx
[38;2;200;200;200m[274/914][0;0m [38;2;200;200;200m [0;0m ⏺ Updating fingerprint examples/manetrouting/gpsr -c DynamicIPv6 for 20s [1;33mUPDATE[0;0m 31bb-557c/tplx
[38;2;200;200;200m[275/914][0;0m [38;2;200;200;200m [0;0m ⏺ Updating fingerprint examples/manetrouting/dsdv -c DynamicIPv4 for 22s [1;33mUPDATE[0;0m addf-0241/tplx
[38;2;200;200;200m[276/914][0;0m [38;2;200;200;200m [0;0m ⏺ Updating fingerprint examples/manetrouting/gpsr -c Manual for 20s [1;33mUPDATE[0;0m 8709-c6e3/tplx
[38;2;200;200;200m[277/914][0;0m [38;2;200;200;200m [0;0m ⏺ Updating fingerprint examples/mobility -c BonnMotionMobility1 for 1000s [1;33mINSERT[0;0m f3f6-9eb3/tplx
[38;2;200;200;200m[278/914][0;0m [38;2;200;200;200m [0;0m ⏺ Updating fingerprint examples/mobility -c AnsimMobility for 1000s [1;33mINSERT[0;0m 83cf-733a/tplx
[38;2;200;200;200m[279/914][0;0m [38;2;200;200;200m [0;0m ⏺ Updating fingerprint examples/mobility -c ChiangMobility for 1000s [1;33mINSERT[0;0m 110b-28ce/tplx
[38;2;200;200;200m[280/914][0;0m [38;2;200;200;200m [0;0m ⏺ Updating fingerprint examples/mobility -c AttachedMobility for 1000s [1;33mINSERT[0;0m 110b-28ce/tplx
[38;2;200;200;200m[281/914][0;0m [38;2;200;200;200m [0;0m ⏺ Updating fingerprint examples/manetrouting/gpsr -c MultiGeneric for 20s [1;33mUPDATE[0;0m 306e-c73d/tplx
[38;2;200;200;200m[282/914][0;0m [38;2;200;200;200m [0;0m ⏺ Updating fingerprint examples/manetrouting/gpsr -c MultiIPv4 for 20s [1;33mUPDATE[0;0m 2e94-81fc/tplx
[38;2;200;200;200m[283/914][0;0m [38;2;200;200;200m [0;0m ⏺ Updating fingerprint examples/mobility -c CircleMobility2 for 1000s [1;33mINSERT[0;0m 41b6-beae/tplx
[38;2;200;200;200m[284/914][0;0m [38;2;200;200;200m [0;0m ⏺ Updating fingerprint examples/mobility -c GaussMarkovMobility for 1000s [1;33mINSERT[0;0m 110b-28ce/tplx
[38;2;200;200;200m[285/914][0;0m [38;2;200;200;200m [0;0m ⏺ Updating fingerprint examples/mobility -c CircleMobility1 for 1000s [1;33mINSERT[0;0m 41b6-beae/tplx
[38;2;200;200;200m[286/914][0;0m [38;2;200;200;200m [0;0m ⏺ Updating fingerprint examples/mobility -c LinearMobility01 for 1000s [1;33mINSERT[0;0m e184-b4fc/tplx
[38;2;200;200;200m[287/914][0;0m [38;2;200;200;200m [0;0m ⏺ Updating fingerprint examples/manetrouting/gpsr -c IPv6 for 20s [1;33mUPDATE[0;0m 05e7-8af2/tplx
[38;2;200;200;200m[288/914][0;0m [38;2;200;200;200m [0;0m ⏺ Updating fingerprint examples/mobility -c LinearMobility10 for 1000s [1;33mINSERT[0;0m 53a6-dc16/tplx
[38;2;200;200;200m[289/914][0;0m [38;2;200;200;200m [0;0m ⏺ Updating fingerprint examples/mobility -c LinearMobility1 for 1000s [1;33mINSERT[0;0m e095-3a3d/tplx
[38;2;200;200;200m[290/914][0;0m [38;2;200;200;200m [0;0m ⏺ Updating fingerprint examples/mobility -c LinearMobility1000 for 1000s [1;33mINSERT[0;0m 5f08-4c80/tplx
[38;2;200;200;200m[291/914][0;0m [38;2;200;200;200m [0;0m ⏺ Updating fingerprint examples/mobility -c LinearMobility100 for 1000s [1;33mINSERT[0;0m 169f-2258/tplx
[38;2;200;200;200m[292/914][0;0m [38;2;200;200;200m [0;0m ⏺ Updating fingerprint examples/mobility -c MassMobility for 1000s [1;33mINSERT[0;0m 47e8-349d/tplx
[38;2;200;200;200m[293/914][0;0m [38;2;200;200;200m [0;0m ⏺ Updating fingerprint examples/manetrouting/dymo -c IPv6 for 10s [1;33mUPDATE[0;0m a986-3740/tplx
[38;2;200;200;200m[294/914][0;0m [38;2;200;200;200m [0;0m ⏺ Updating fingerprint examples/mobility -c MassMobilityWithScenario for 1000s [1;33mINSERT[0;0m 618a-2da8/tplx
[38;2;200;200;200m[295/914][0;0m [38;2;200;200;200m [0;0m ⏺ Updating fingerprint examples/manetrouting/gpsr -c MultiIPv6 for 20s [1;33mUPDATE[0;0m 05e7-8af2/tplx
[38;2;200;200;200m[296/914][0;0m [38;2;200;200;200m [0;0m ⏺ Updating fingerprint examples/mobility -c RectangleMobility for 1000s [1;33mINSERT[0;0m e184-b4fc/tplx
[38;2;200;200;200m[297/914][0;0m [38;2;200;200;200m [0;0m ⏺ Updating fingerprint examples/mobility -c RandomWaypointMobility1 for 1000s [1;33mINSERT[0;0m 7ce8-4dc5/tplx
[38;2;200;200;200m[298/914][0;0m [38;2;200;200;200m [0;0m ⏺ Updating fingerprint examples/mobility -c MoBANMobility1 for 1000s [1;33mINSERT[0;0m ee50-ffbd/tplx
[38;2;200;200;200m[299/914][0;0m [38;2;200;200;200m [0;0m ⏺ Updating fingerprint examples/mobility -c StaticGridMobility for 1000s [1;33mINSERT[0;0m 0000-0000/tplx
[38;2;200;200;200m[300/914][0;0m [38;2;200;200;200m [0;0m ⏺ Updating fingerprint examples/manetrouting/dymo -c MultiIPv6 for 10s [1;33mUPDATE[0;0m a986-3740/tplx
[38;2;200;200;200m[301/914][0;0m [38;2;200;200;200m [0;0m ⏺ Updating fingerprint examples/mobility -c RandomWaypointMobility2 for 1000s [1;33mINSERT[0;0m 0385-5461/tplx
[38;2;200;200;200m[302/914][0;0m [38;2;200;200;200m [0;0m ⏺ Updating fingerprint examples/mobility -c StationaryMobility for 1000s [1;33mINSERT[0;0m 0000-0000/tplx
[38;2;200;200;200m[303/914][0;0m [38;2;200;200;200m [0;0m ⏺ Updating fingerprint examples/mobility -c TurtleMobility1 for 1000s [1;33mINSERT[0;0m 5fb8-0c5e/tplx
[38;2;200;200;200m[304/914][0;0m [38;2;200;200;200m [0;0m ⏺ Updating fingerprint examples/mobility -c TractorMobility for 1000s [1;33mINSERT[0;0m 110b-28ce/tplx
[38;2;200;200;200m[305/914][0;0m [38;2;200;200;200m [0;0m ⏺ Updating fingerprint examples/mobility -c TurtleMobility2 for 1000s [1;33mINSERT[0;0m 2861-5cdf/tplx
[38;2;200;200;200m[306/914][0;0m [38;2;200;200;200m [0;0m ⏺ Updating fingerprint examples/mobility -c TurtleMobility3 for 1000s [1;33mINSERT[0;0m 3056-9756/tplx
[38;2;200;200;200m[307/914][0;0m [38;2;200;200;200m [0;0m ⏺ Updating fingerprint examples/mobility -c MoBANMobility2 for 1000s [1;33mINSERT[0;0m 1053-067a/tplx
[38;2;200;200;200m[308/914][0;0m [38;2;200;200;200m [0;0m ⏺ Updating fingerprint examples/mobility -c SatelliteMobility for 48h [1;33mINSERT[0;0m 0e77-ed31/tplx
[38;2;200;200;200m[309/914][0;0m [38;2;200;200;200m [0;0m ⏺ Updating fingerprint examples/mobility -c TurtleMobility5 for 1000s [1;33mINSERT[0;0m bef7-b1b5/tplx
[38;2;200;200;200m[310/914][0;0m [38;2;200;200;200m [0;0m ⏺ Updating fingerprint examples/mobility -c TurtleMobility4 for 1000s [1;33mINSERT[0;0m bef7-b1b5/tplx
[38;2;200;200;200m[311/914][0;0m [38;2;200;200;200m [0;0m ⏺ Updating fingerprint examples/mobility -c VehicleMobility for 1000s [1;33mINSERT[0;0m 110b-28ce/tplx
[38;2;200;200;200m[312/914][0;0m [38;2;200;200;200m [0;0m ⏺ Updating fingerprint examples/mobility -c TurtleMobility6 for 1000s [1;33mINSERT[0;0m 1964-14bc/tplx
[38;2;200;200;200m[313/914][0;0m [38;2;200;200;200m [0;0m ⏺ Updating fingerprint examples/mpls/testte_failure for 6s [1;33mINSERT[0;0m fe7f-7a0e/tplx
[38;2;200;200;200m[314/914][0;0m [38;2;200;200;200m [0;0m ⏺ Updating fingerprint examples/inet/netperfmeter -c SCTP-with-OLIA for 30s [1;33mUPDATE[0;0m b41a-27f7/tplx
[38;2;200;200;200m[315/914][0;0m [38;2;200;200;200m [0;0m ⏺ Updating fingerprint examples/inet/hierarchical -c Hosts256 for 20s [1;33mUPDATE[0;0m 2eed-1f6f/tplx
[38;2;200;200;200m[316/914][0;0m [38;2;200;200;200m [0;0m ⏺ Updating fingerprint examples/mpls/ldp for 15s [1;33mINSERT[0;0m 10ac-5f09/tplx
[38;2;200;200;200m[317/914][0;0m [38;2;200;200;200m [0;0m ⏺ Updating fingerprint examples/mpls/testte_tunnel for 5s [1;33mINSERT[0;0m 1355-b9a0/tplx
[38;2;200;200;200m[318/914][0;0m [38;2;200;200;200m [0;0m ⏺ Updating fingerprint examples/mpls/testte_routing for 5s [1;33mINSERT[0;0m fe69-f918/tplx
[38;2;200;200;200m[319/914][0;0m [38;2;200;200;200m [0;0m ⏺ Updating fingerprint examples/mpls/testte_failure2 for 6s [1;33mINSERT[0;0m 2b1f-5e5e/tplx
[38;2;200;200;200m[320/914][0;0m [38;2;200;200;200m [0;0m ⏺ Updating fingerprint examples/mpls/testte_reroute for 5s [1;33mINSERT[0;0m 1314-2821/tplx
[38;2;200;200;200m[321/914][0;0m [38;2;200;200;200m [0;0m ⏺ Updating fingerprint examples/mrp -c MediumNetworkBase for 3s [1;33mINSERT[0;0m bf95-9c8b/tplx
[38;2;200;200;200m[322/914][0;0m [38;2;200;200;200m [0;0m ⏺ Updating fingerprint examples/mrp -c MediumNetworkLC for 3s [1;33mUPDATE[0;0m 4d1a-11a6/tplx
[38;2;200;200;200m[323/914][0;0m [38;2;200;200;200m [0;0m ⏺ Updating fingerprint examples/mobility -c BonnMotionMobility2 for 1000s [1;33mINSERT[0;0m bad6-7623/tplx
[38;2;200;200;200m[324/914][0;0m [38;2;200;200;200m [0;0m ⏺ Updating fingerprint examples/inet/hierarchical99 -f networklayer.ini -c Generic for 10000s [1;33mUPDATE[0;0m 7a65-6a4a/tplx
[38;2;200;200;200m[325/914][0;0m [38;2;200;200;200m [0;0m ⏺ Updating fingerprint examples/mrp -c SmallNetwork for 3s [1;33mUPDATE[0;0m ac5a-9da5/tplx
[38;2;200;200;200m[326/914][0;0m [38;2;200;200;200m [0;0m ⏺ Updating fingerprint examples/inet/hierarchical99 -f networklayer.ini -c WiseRoute for 10000s [1;33mUPDATE[0;0m 0061-3ea9/tplx
[38;2;200;200;200m[327/914][0;0m [38;2;200;200;200m [0;0m ⏺ Updating fingerprint examples/mrp -c SmallNetworkBase for 3s [1;33mINSERT[0;0m 57e9-7e5a/tplx
[38;2;200;200;200m[328/914][0;0m [38;2;200;200;200m [0;0m ⏺ Updating fingerprint examples/inet/hierarchical99 -f networklayer.ini -c Flooding for 10000s [1;33mUPDATE[0;0m 452d-7e2d/tplx
[38;2;200;200;200m[329/914][0;0m [38;2;200;200;200m [0;0m ⏺ Updating fingerprint examples/mrp -c MediumNetworkRC for 3s [1;33mUPDATE[0;0m bf95-9c8b/tplx
[38;2;200;200;200m[330/914][0;0m [38;2;200;200;200m [0;0m ⏺ Updating fingerprint examples/mrp -c SmallNetworkMRA for 3s [1;33mUPDATE[0;0m 0407-6945/tplx
[38;2;200;200;200m[331/914][0;0m [38;2;200;200;200m [0;0m ⏺ Updating fingerprint examples/manetrouting/dymo -c DynamicIPv6 for 22s [1;33mUPDATE[0;0m a0fe-7e23/tplx
[38;2;200;200;200m[332/914][0;0m [38;2;200;200;200m [0;0m ⏺ Updating fingerprint examples/inet/hierarchical99 -f networklayer.ini -c ProbabilisticBroadcast for 10000s [1;33mUPDATE[0;0m 8fc9-5fd2/tplx
[38;2;200;200;200m[333/914][0;0m [38;2;200;200;200m [0;0m ⏺ Updating fingerprint examples/inet/hierarchical99 -f networklayer.ini -c IPv4 for 10000s [1;33mUPDATE[0;0m 3c19-9e49/tplx
[38;2;200;200;200m[334/914][0;0m [38;2;200;200;200m [0;0m ⏺ Updating fingerprint examples/mrp -c LargeNetwork for 3s [1;33mUPDATE[0;0m 2023-4936/tplx
[38;2;200;200;200m[335/914][0;0m [38;2;200;200;200m [0;0m ⏺ Updating fingerprint examples/neighborcache -c QuadTreeNeighborCache for 100s [1;33mUPDATE[0;0m d9c0-2d1f/tplx
[38;2;200;200;200m[336/914][0;0m [38;2;200;200;200m [0;0m ⏺ Updating fingerprint examples/openstreetmap for 100s [0;32mKEEP[0;0m 0000-0000/tplx
[38;2;200;200;200m[337/914][0;0m [38;2;200;200;200m [0;0m ⏺ Updating fingerprint examples/objectcache -c BvhObjectCache for 5s [1;33mINSERT[0;0m 56ba-9b98/tplx
[38;2;200;200;200m[338/914][0;0m [38;2;200;200;200m [0;0m ⏺ Updating fingerprint examples/mrp -c SmallNetworkBaseWithTraffic for 3s [1;33mINSERT[0;0m 7ba5-eac3/tplx
[38;2;200;200;200m[339/914][0;0m [38;2;200;200;200m [0;0m ⏺ Updating fingerprint examples/neighborcache -c WithoutNeighborCache for 100s [1;33mUPDATE[0;0m ae90-c241/tplx
[38;2;200;200;200m[340/914][0;0m [38;2;200;200;200m [0;0m ⏺ Updating fingerprint examples/neighborcache -c GridNeighborCache for 100s [1;33mUPDATE[0;0m d9c0-2d1f/tplx
[38;2;200;200;200m[341/914][0;0m [38;2;200;200;200m [0;0m ⏺ Updating fingerprint examples/objectcache -c GridObjectCache for 5s [1;33mINSERT[0;0m 56ba-9b98/tplx
[38;2;200;200;200m[342/914][0;0m [38;2;200;200;200m [0;0m ⏺ Updating fingerprint examples/mrp -c SmallNetworkMRAWithTraffic for 3s [1;33mUPDATE[0;0m db4d-d337/tplx
[38;2;200;200;200m[343/914][0;0m [38;2;200;200;200m [0;0m ⏺ Updating fingerprint examples/inet/tcpwindowscale -c WS_enabled for 600.0s [1;33mINSERT[0;0m 31f6-2653/tplx
[38;2;200;200;200m[344/914][0;0m [38;2;200;200;200m [0;0m ⏺ Updating fingerprint examples/neighborcache -c NeighborListNeighborCache for 100s [1;33mUPDATE[0;0m d9c0-2d1f/tplx
[38;2;200;200;200m[345/914][0;0m [38;2;200;200;200m [0;0m ⏺ Updating fingerprint examples/inet/hierarchical99 -f networklayer.ini -c IPv6 for 10000s [1;33mUPDATE[0;0m bec4-2aef/tplx
[38;2;200;200;200m[346/914][0;0m [38;2;200;200;200m [0;0m ⏺ Updating fingerprint examples/inet/hierarchical99 -f networklayer.ini -c AdaptiveProbabilisticBroadcast for 10000s [1;33mUPDATE[0;0m 81eb-37bd/tplx
[38;2;200;200;200m[347/914][0;0m [38;2;200;200;200m [0;0m ⏺ Updating fingerprint examples/objectcache -c WithoutCache for 5s [1;33mINSERT[0;0m 56ba-9b98/tplx
[38;2;200;200;200m[348/914][0;0m [38;2;200;200;200m [0;0m ⏺ Updating fingerprint examples/ospfv3/v3_2_routers for 400s [1;33mUPDATE[0;0m 75eb-fdf1/tplx
[38;2;200;200;200m[349/914][0;0m [38;2;200;200;200m [0;0m ⏺ Updating fingerprint examples/ospfv3/multiple_areas_FINAL for 500s [1;33mUPDATE[0;0m 62b7-cbc7/tplx
[38;2;200;200;200m[350/914][0;0m [38;2;200;200;200m [0;0m ⏺ Updating fingerprint examples/ospfv3/small for 200s [1;33mUPDATE[0;0m 011e-dd60/tplx
[38;2;200;200;200m[351/914][0;0m [38;2;200;200;200m [0;0m ⏺ Updating fingerprint examples/ospfv3/multiple_areas_FINAL -c LinkDown for 500s [1;33mUPDATE[0;0m fac0-d57e/tplx
[38;2;200;200;200m[352/914][0;0m [38;2;200;200;200m [0;0m ⏺ Updating fingerprint examples/ospfv2/backbone for 100s [1;33mUPDATE[0;0m dee1-2f3f/tplx
[38;2;200;200;200m[353/914][0;0m [38;2;200;200;200m [0;0m ⏺ Updating fingerprint examples/ospfv3/v3_2_routers -c LinkDownAndUp for 400s [1;33mUPDATE[0;0m 0783-3cee/tplx
[38;2;200;200;200m[354/914][0;0m [38;2;200;200;200m [0;0m ⏺ Updating fingerprint examples/mrp -c MediumNetworkBaseWithTraffic for 3s [1;33mINSERT[0;0m b615-bf11/tplx
[38;2;200;200;200m[355/914][0;0m [38;2;200;200;200m [0;0m ⏺ Updating fingerprint examples/ospfv3/multiple_areas_FINAL -c LinkDownLinkUp for 500s [1;33mUPDATE[0;0m 44c8-0536/tplx
[38;2;200;200;200m[356/914][0;0m [38;2;200;200;200m [0;0m ⏺ Updating fingerprint examples/mrp -c MediumNetworkRCWithTraffic for 3s [1;33mINSERT[0;0m b615-bf11/tplx
[38;2;200;200;200m[357/914][0;0m [38;2;200;200;200m [0;0m ⏺ Updating fingerprint examples/ospfv3/v3_4_routers_2_areas for 300s [1;33mUPDATE[0;0m 9b3b-327f/tplx
[38;2;200;200;200m[358/914][0;0m [38;2;200;200;200m [0;0m ⏺ Updating fingerprint examples/ospfv3/v3_square_2_areas for 200s [1;33mUPDATE[0;0m d7d2-c39f/tplx
[38;2;200;200;200m[359/914][0;0m [38;2;200;200;200m [0;0m ⏺ Updating fingerprint examples/ospfv3/v3_3_areas for 3000s [1;33mUPDATE[0;0m 7dfe-bfb6/tplx
[38;2;200;200;200m[360/914][0;0m [38;2;200;200;200m [0;0m ⏺ Updating fingerprint examples/mobility -c SuperpositioningMobility for 1000s [1;33mINSERT[0;0m 93af-be07/tplx
[38;2;200;200;200m[361/914][0;0m [38;2;200;200;200m [0;0m ⏺ Updating fingerprint examples/mrp -c SmallNetworkWithTraffic for 3s [1;33mUPDATE[0;0m fc25-3322/tplx
[38;2;200;200;200m[362/914][0;0m [38;2;200;200;200m [0;0m ⏺ Updating fingerprint examples/ospfv3/v3_mesh for 500s [1;33mUPDATE[0;0m 5f31-ec79/tplx
[38;2;200;200;200m[363/914][0;0m [38;2;200;200;200m [0;0m ⏺ Updating fingerprint examples/pim/dm_ipv6 for 120s [1;33mINSERT[0;0m 6922-c366/tplx
[38;2;200;200;200m[364/914][0;0m [38;2;200;200;200m [0;0m ⏺ Updating fingerprint examples/quic/basic3 [1;31mERROR[0;0m[1;33m (unexpected)[0;0m (Exception during task execution) AttributeError("'NoneType' object has no attribute 'stdout'")
[38;2;200;200;200m[365/914][0;0m [38;2;200;200;200m [0;0m ⏺ Updating fingerprint examples/mrp -c MediumNetworkLCWithTraffic for 3s [1;33mUPDATE[0;0m 661d-2dae/tplx
[38;2;200;200;200m[366/914][0;0m [38;2;200;200;200m [0;0m ⏺ Updating fingerprint examples/quic/dplpmtud -c DecreasingPmtu [1;31mERROR[0;0m[1;33m (unexpected)[0;0m (Exception during task execution) AttributeError("'NoneType' object has no attribute 'stdout'")
[38;2;200;200;200m[367/914][0;0m [38;2;200;200;200m [0;0m ⏺ Updating fingerprint examples/quic/dplpmtud -c DecreasingPmtuWithoutPtb [1;31mERROR[0;0m[1;33m (unexpected)[0;0m (Exception during task execution) AttributeError("'NoneType' object has no attribute 'stdout'")
[38;2;200;200;200m[368/914][0;0m [38;2;200;200;200m [0;0m ⏺ Updating fingerprint examples/quic/dplpmtud [1;31mERROR[0;0m[1;33m (unexpected)[0;0m (Exception during task execution) AttributeError("'NoneType' object has no attribute 'stdout'")
[38;2;200;200;200m[369/914][0;0m [38;2;200;200;200m [0;0m ⏺ Updating fingerprint examples/quic/dplpmtud -c IncreasingPmtu [1;31mERROR[0;0m[1;33m (unexpected)[0;0m (Exception during task execution) AttributeError("'NoneType' object has no attribute 'stdout'")
[38;2;200;200;200m[370/914][0;0m [38;2;200;200;200m [0;0m ⏺ Updating fingerprint examples/quic/dplpmtud -c IncreasingPmtuWithoutPtb [1;31mERROR[0;0m[1;33m (unexpected)[0;0m (Exception during task execution) AttributeError("'NoneType' object has no attribute 'stdout'")
[38;2;200;200;200m[371/914][0;0m [38;2;200;200;200m [0;0m ⏺ Updating fingerprint examples/quic/dplpmtud -c MaxEqualsPmtu [1;31mERROR[0;0m[1;33m (unexpected)[0;0m (Exception during task execution) AttributeError("'NoneType' object has no attribute 'stdout'")
[38;2;200;200;200m[372/914][0;0m [38;2;200;200;200m [0;0m ⏺ Updating fingerprint examples/quic/dplpmtud -c MaxLargerPmtu [1;31mERROR[0;0m[1;33m (unexpected)[0;0m (Exception during task execution) AttributeError("'NoneType' object has no attribute 'stdout'")
[38;2;200;200;200m[373/914][0;0m [38;2;200;200;200m [0;0m ⏺ Updating fingerprint examples/quic/dplpmtud -c MaxLargerPmtuWithoutPtb [1;31mERROR[0;0m[1;33m (unexpected)[0;0m (Exception during task execution) AttributeError("'NoneType' object has no attribute 'stdout'")
[38;2;200;200;200m[374/914][0;0m [38;2;200;200;200m [0;0m ⏺ Updating fingerprint examples/quic/flow_control_limited [1;31mERROR[0;0m[1;33m (unexpected)[0;0m (Exception during task execution) AttributeError("'NoneType' object has no attribute 'stdout'")
[38;2;200;200;200m[375/914][0;0m [38;2;200;200;200m [0;0m ⏺ Updating fingerprint examples/quic/link_utilization [1;31mERROR[0;0m[1;33m (unexpected)[0;0m (Exception during task execution) AttributeError("'NoneType' object has no attribute 'stdout'")
[38;2;200;200;200m[376/914][0;0m [38;2;200;200;200m [0;0m ⏺ Updating fingerprint examples/quic/multiserver -c oneclienthost [1;31mERROR[0;0m[1;33m (unexpected)[0;0m (Exception during task execution) AttributeError("'NoneType' object has no attribute 'stdout'")
[38;2;200;200;200m[377/914][0;0m [38;2;200;200;200m [0;0m ⏺ Updating fingerprint examples/quic/multiserver -c oneclienthost_reconnect [1;31mERROR[0;0m[1;33m (unexpected)[0;0m (Exception during task execution) AttributeError("'NoneType' object has no attribute 'stdout'")
[38;2;200;200;200m[378/914][0;0m [38;2;200;200;200m [0;0m ⏺ Updating fingerprint examples/quic/multiserver -c twoclienthosts [1;31mERROR[0;0m[1;33m (unexpected)[0;0m (Exception during task execution) AttributeError("'NoneType' object has no attribute 'stdout'")
[38;2;200;200;200m[379/914][0;0m [38;2;200;200;200m [0;0m ⏺ Updating fingerprint examples/quic/persistent_congestion [1;31mERROR[0;0m[1;33m (unexpected)[0;0m (Exception during task execution) AttributeError("'NoneType' object has no attribute 'stdout'")
[38;2;200;200;200m[380/914][0;0m [38;2;200;200;200m [0;0m ⏺ Updating fingerprint examples/quic/persistent_congestion -c WithDPLPMTUD [1;31mERROR[0;0m[1;33m (unexpected)[0;0m (Exception during task execution) AttributeError("'NoneType' object has no attribute 'stdout'")
[38;2;200;200;200m[381/914][0;0m [38;2;200;200;200m [0;0m ⏺ Updating fingerprint examples/quic/shared_link [1;31mERROR[0;0m[1;33m (unexpected)[0;0m (Exception during task execution) AttributeError("'NoneType' object has no attribute 'stdout'")
[38;2;200;200;200m[382/914][0;0m [38;2;200;200;200m [0;0m ⏺ Updating fingerprint examples/quic/throughput_packet_loss [1;31mERROR[0;0m[1;33m (unexpected)[0;0m (Exception during task execution) AttributeError("'NoneType' object has no attribute 'stdout'")
[38;2;200;200;200m[383/914][0;0m [38;2;200;200;200m [0;0m ⏺ Updating fingerprint examples/quic/trafficgen [1;31mERROR[0;0m[1;33m (unexpected)[0;0m (Exception during task execution) AttributeError("'NoneType' object has no attribute 'stdout'")
[38;2;200;200;200m[384/914][0;0m [38;2;200;200;200m [0;0m ⏺ Updating fingerprint examples/quic/zerortt [1;31mERROR[0;0m[1;33m (unexpected)[0;0m (Exception during task execution) AttributeError("'NoneType' object has no attribute 'stdout'")
[38;2;200;200;200m[385/914][0;0m [38;2;200;200;200m [0;0m ⏺ Updating fingerprint examples/quic/zerortt -c invalidClientTokenString [1;31mERROR[0;0m[1;33m (unexpected)[0;0m (Exception during task execution) AttributeError("'NoneType' object has no attribute 'stdout'")
[38;2;200;200;200m[386/914][0;0m [38;2;200;200;200m [0;0m ⏺ Updating fingerprint examples/quic/zerortt -c sendInvalidToken [1;31mERROR[0;0m[1;33m (unexpected)[0;0m (Exception during task execution) AttributeError("'NoneType' object has no attribute 'stdout'")
[38;2;200;200;200m[387/914][0;0m [38;2;200;200;200m [0;0m ⏺ Updating fingerprint examples/pim/dm for 300s [1;33mINSERT[0;0m 8241-37e2/tplx
[38;2;200;200;200m[388/914][0;0m [38;2;200;200;200m [0;0m ⏺ Updating fingerprint examples/pim/sm -c Scenario2 for 150s [1;33mINSERT[0;0m 2c25-fc89/tplx
[38;2;200;200;200m[389/914][0;0m [38;2;200;200;200m [0;0m ⏺ Updating fingerprint examples/pim/sm -c Scenario1 for 100s [1;33mINSERT[0;0m 56e3-62b0/tplx
[38;2;200;200;200m[390/914][0;0m [38;2;200;200;200m [0;0m ⏺ Updating fingerprint examples/pim/sm -c Scenario3 for 300s [1;33mINSERT[0;0m 4bda-160c/tplx
[38;2;200;200;200m[391/914][0;0m [38;2;200;200;200m [0;0m ⏺ Updating fingerprint examples/pim/ssm_ipv6 for 60s [1;33mINSERT[0;0m e9e5-9162/tplx
[38;2;200;200;200m[392/914][0;0m [38;2;200;200;200m [0;0m ⏺ Updating fingerprint examples/quic/byte_order for 200s [1;33mINSERT[0;0m e67e-125b/tplx
[38;2;200;200;200m[393/914][0;0m [38;2;200;200;200m [0;0m ⏺ Updating fingerprint examples/pim/sm_ipv6 for 120s [1;33mINSERT[0;0m 7720-4257/tplx
[38;2;200;200;200m[394/914][0;0m [38;2;200;200;200m [0;0m ⏺ Updating fingerprint examples/pim/iptv -c PIM_DM for 35s [1;33mUPDATE[0;0m 0de9-42a4/tplx
[38;2;200;200;200m[395/914][0;0m [38;2;200;200;200m [0;0m ⏺ Updating fingerprint examples/pim/sm -c Scenario4 for 100s [1;33mINSERT[0;0m a17a-7ad0/tplx
[38;2;200;200;200m[396/914][0;0m [38;2;200;200;200m [0;0m ⏺ Updating fingerprint examples/ospfv2/dynamictest -c dynamic2 for 600s [1;33mINSERT[0;0m 67ef-580c/tplx
[38;2;200;200;200m[397/914][0;0m [38;2;200;200;200m [0;0m ⏺ Updating fingerprint examples/pim/iptv -c PIM_SM for 35s [1;33mUPDATE[0;0m d660-1f93/tplx
[38;2;200;200;200m[398/914][0;0m [38;2;200;200;200m [0;0m ⏺ Updating fingerprint examples/ospfv2/dynamictest -c dynamic1 for 600s [1;33mINSERT[0;0m 97ba-460e/tplx
[38;2;200;200;200m[399/914][0;0m [38;2;200;200;200m [0;0m ⏺ Updating fingerprint examples/rip/dynamictest -c dynamic1 for 600s [1;33mINSERT[0;0m 1744-37ca/tplx
[38;2;200;200;200m[400/914][0;0m [38;2;200;200;200m [0;0m ⏺ Updating fingerprint examples/rip/infinitycount for 80s [1;33mINSERT[0;0m d721-53e8/tplx
[38;2;200;200;200m[401/914][0;0m [38;2;200;200;200m [0;0m ⏺ Updating fingerprint examples/rip/dynamictest -c dynamic2 for 600s [1;33mINSERT[0;0m 0152-cee2/tplx
[38;2;200;200;200m[402/914][0;0m [38;2;200;200;200m [0;0m ⏺ Updating fingerprint examples/ospfv2/dynamictest -c static for 600s [1;33mINSERT[0;0m 60bd-3411/tplx
[38;2;200;200;200m[403/914][0;0m [38;2;200;200;200m [0;0m ⏺ Updating fingerprint examples/rip/dynamictest -c stable for 600s [1;33mINSERT[0;0m 001f-17fd/tplx
[38;2;200;200;200m[404/914][0;0m [38;2;200;200;200m [0;0m ⏺ Updating fingerprint examples/rtp/unicast1 for 1000s [1;33mUPDATE[0;0m 8b89-1d79/tplx
[38;2;200;200;200m[405/914][0;0m [38;2;200;200;200m [0;0m ⏺ Updating fingerprint examples/rip/mixednetwork -c stable for 60s [1;33mINSERT[0;0m 0ebf-354a/tplx
[38;2;200;200;200m[406/914][0;0m [38;2;200;200;200m [0;0m ⏺ Updating fingerprint examples/rtp/multicast1 for 500s [1;33mUPDATE[0;0m 3acc-24d9/tplx
[38;2;200;200;200m[407/914][0;0m [38;2;200;200;200m [0;0m ⏺ Updating fingerprint examples/rip/mixednetwork -c disconnect for 150s [1;33mINSERT[0;0m fb2a-b4e5/tplx
[38;2;200;200;200m[408/914][0;0m [38;2;200;200;200m [0;0m ⏺ Updating fingerprint examples/sctp/multihomed for 500s [1;33mUPDATE[0;0m 3cae-8482/tplx
[38;2;200;200;200m[409/914][0;0m [38;2;200;200;200m [0;0m ⏺ Updating fingerprint examples/rip/mixednetwork -c shutdown-restart for 280s [1;33mINSERT[0;0m f3ac-6d55/tplx
[38;2;200;200;200m[410/914][0;0m [38;2;200;200;200m [0;0m ⏺ Updating fingerprint examples/sctp/nclients for 500s [1;33mUPDATE[0;0m 679d-92c7/tplx
[38;2;200;200;200m[411/914][0;0m [38;2;200;200;200m [0;0m ⏺ Updating fingerprint examples/ospfv2/simpletest -c CrashAndReboot for 500s [1;33mUPDATE[0;0m e670-db25/tplx
[38;2;200;200;200m[412/914][0;0m [38;2;200;200;200m [0;0m ⏺ Updating fingerprint examples/rtp/unicast2 for 500s [1;33mUPDATE[0;0m ab7f-eaff/tplx
[38;2;200;200;200m[413/914][0;0m [38;2;200;200;200m [0;0m ⏺ Updating fingerprint examples/ospfv2/simpletest -c ShutdownAndRestart for 500s [1;33mUPDATE[0;0m 5edb-8038/tplx
[38;2;200;200;200m[414/914][0;0m [38;2;200;200;200m [0;0m ⏺ Updating fingerprint examples/ospfv2/simpletest -c AlwaysUp for 500s [1;33mUPDATE[0;0m 36e0-c7c5/tplx
[38;2;200;200;200m[415/914][0;0m [38;2;200;200;200m [0;0m ⏺ Updating fingerprint examples/rtp/unicast for 1500s [1;33mUPDATE[0;0m a33b-9d9d/tplx
[38;2;200;200;200m[416/914][0;0m [38;2;200;200;200m [0;0m ⏺ Updating fingerprint examples/voip -c BadChannel for 200s [1;33mUPDATE[0;0m da7b-3247/tplx
[38;2;200;200;200m[417/914][0;0m [38;2;200;200;200m [0;0m ⏺ Updating fingerprint examples/voip -c GoodChannel for 200s [1;33mUPDATE[0;0m 0f2b-63b7/tplx
[38;2;200;200;200m[418/914][0;0m [38;2;200;200;200m [0;0m ⏺ Updating fingerprint examples/voip -c PeriodicChannel for 200s [1;33mUPDATE[0;0m 8468-2737/tplx
[38;2;200;200;200m[419/914][0;0m [38;2;200;200;200m [0;0m ⏺ Updating fingerprint examples/inet/tcpthroughput -c Delay-01us for 100s [1;33mINSERT[0;0m 5bda-f21c/tplx
[38;2;200;200;200m[420/914][0;0m [38;2;200;200;200m [0;0m ⏺ Updating fingerprint examples/wireless/combo -c ApskRadioWithScalarAnalogModel for 90s [1;33mINSERT[0;0m 91e0-38c3/tplx
[38;2;200;200;200m[421/914][0;0m [38;2;200;200;200m [0;0m ⏺ Updating fingerprint examples/wireless/combo -c ApskRadioWithUnitDiskAnalogModel for 90s [1;33mINSERT[0;0m 91e0-38c3/tplx
[38;2;200;200;200m[422/914][0;0m [38;2;200;200;200m [0;0m ⏺ Updating fingerprint examples/seaport for 1000s [1;33mUPDATE[0;0m 886d-eca4/tplx
[38;2;200;200;200m[423/914][0;0m [38;2;200;200;200m [0;0m ⏺ Updating fingerprint examples/wireless/combo -c ApskRadioWithDimensionalAnalogModel for 90s [1;33mINSERT[0;0m 91e0-38c3/tplx
[38;2;200;200;200m[424/914][0;0m [38;2;200;200;200m [0;0m ⏺ Updating fingerprint examples/wireless/combo -c GenericRadioWithScalarAnalogModel for 90s [1;33mINSERT[0;0m 1827-b1a2/tplx
[38;2;200;200;200m[425/914][0;0m [38;2;200;200;200m [0;0m ⏺ Updating fingerprint examples/timing for 0.1s [1;33mUPDATE[0;0m 5ce7-8e88/tplx
[38;2;200;200;200m[426/914][0;0m [38;2;200;200;200m [0;0m ⏺ Updating fingerprint examples/wireless/combo -c GenericRadioWithDimensionalAnalogModel for 90s [1;33mINSERT[0;0m 1827-b1a2/tplx
[38;2;200;200;200m[427/914][0;0m [38;2;200;200;200m [0;0m ⏺ Updating fingerprint examples/wireless/antenna -c OrbitX for 1h [1;33mINSERT[0;0m dc52-5c4d/tplx
[38;2;200;200;200m[428/914][0;0m [38;2;200;200;200m [0;0m ⏺ Updating fingerprint examples/wireless/antenna -c RotationY for 1h [1;33mINSERT[0;0m 3290-1db0/tplx
[38;2;200;200;200m[429/914][0;0m [38;2;200;200;200m [0;0m ⏺ Updating fingerprint examples/wireless/antenna -c OrbitY for 1h [1;33mINSERT[0;0m 91c9-bb95/tplx
[38;2;200;200;200m[430/914][0;0m [38;2;200;200;200m [0;0m ⏺ Updating fingerprint examples/wireless/combo -c GenericRadioWithUnitDiskAnalogModel for 90s [1;33mINSERT[0;0m 1827-b1a2/tplx
[38;2;200;200;200m[431/914][0;0m [38;2;200;200;200m [0;0m ⏺ Updating fingerprint examples/wireless/antenna -c OrbitZ for 1h [1;33mINSERT[0;0m 1a6f-6cc9/tplx
[38;2;200;200;200m[432/914][0;0m [38;2;200;200;200m [0;0m ⏺ Updating fingerprint examples/wireless/antenna -c RotationX for 1h [1;33mINSERT[0;0m 3290-1db0/tplx
[38;2;200;200;200m[433/914][0;0m [38;2;200;200;200m [0;0m ⏺ Updating fingerprint examples/wireless/antenna -c RotationZ for 1h [1;33mINSERT[0;0m 3290-1db0/tplx
[38;2;200;200;200m[434/914][0;0m [38;2;200;200;200m [0;0m ⏺ Updating fingerprint examples/manetrouting/multiradio -c SingleRadio for 100s [1;33mINSERT[0;0m 51d0-242d/tplx
[38;2;200;200;200m[435/914][0;0m [38;2;200;200;200m [0;0m ⏺ Updating fingerprint examples/wireless/corruptionmode -c BitCorruptionMode for 10s [1;33mUPDATE[0;0m af44-f606/tplx
[38;2;200;200;200m[436/914][0;0m [38;2;200;200;200m [0;0m ⏺ Updating fingerprint examples/wireless/corruptionmode -c ByteCorruptionMode for 10s [1;33mUPDATE[0;0m f495-f22b/tplx
[38;2;200;200;200m[437/914][0;0m [38;2;200;200;200m [0;0m ⏺ Updating fingerprint examples/wireless/combo -c Ieee80211RadioWithScalarAnalogModel for 90s [1;33mINSERT[0;0m ef2b-6401/tplx
[38;2;200;200;200m[438/914][0;0m [38;2;200;200;200m [0;0m ⏺ Updating fingerprint examples/wireless/combo -c Ieee80211RadioWithUnitDiskAnalogModel for 90s [1;33mINSERT[0;0m ef2b-6401/tplx
[38;2;200;200;200m[439/914][0;0m [38;2;200;200;200m [0;0m ⏺ Updating fingerprint examples/wireless/combo -c Ieee80211RadioWithDimensionalAnalogModel for 90s [1;33mINSERT[0;0m ef2b-6401/tplx
[38;2;200;200;200m[440/914][0;0m [38;2;200;200;200m [0;0m ⏺ Updating fingerprint examples/wireless/corruptionmode -c ChunkCorruptionMode for 10s [1;33mUPDATE[0;0m 0a56-2912/tplx
[38;2;200;200;200m[441/914][0;0m [38;2;200;200;200m [0;0m ⏺ Updating fingerprint examples/wireless/dynamic for 100s [1;33mUPDATE[0;0m 14f0-2742/tplx
[38;2;200;200;200m[442/914][0;0m [38;2;200;200;200m [0;0m ⏺ Updating fingerprint examples/wireless/corruptionmode -c PacketCorruptionMode for 10s [1;33mUPDATE[0;0m 018a-e962/tplx
[38;2;200;200;200m[443/914][0;0m [38;2;200;200;200m [0;0m ⏺ Updating fingerprint examples/wireless/crosstalk for 0.1s [1;33mINSERT[0;0m 6755-8358/tplx
[38;2;200;200;200m[444/914][0;0m [38;2;200;200;200m [0;0m ⏺ Updating fingerprint examples/wireless/configurator for 100s [1;33mUPDATE[0;0m 5785-37cd/tplx
[38;2;200;200;200m[445/914][0;0m [38;2;200;200;200m [0;0m ⏺ Updating fingerprint examples/wireless/errorrate for 10s [1;33mINSERT[0;0m 4345-e5e8/tplx
[1;33mSTDERR [0;36mopp_run_release [0;0m<!> Error: The simulation attempted to prompt for user input, set cmdenv-interactive=true to allow it: "Enter parameter 'Lan80211.numHosts' (unassigned):" -- in module (omnetpp::cModule) Lan80211 (id=1), during network setup
[38;2;200;200;200m[446/914][0;0m [38;2;200;200;200m [0;0m ⏺ Updating fingerprint examples/wireless/lan80211 -f omnetpp-ftp.ini -c NHosts for 100s [1;31mERROR[0;0m None (Calculated fingerprint not found)
[38;2;200;200;200m[447/914][0;0m [38;2;200;200;200m [0;0m ⏺ Updating fingerprint examples/wireless/lan80211ac [1;31mERROR[0;0m[1;33m (unexpected)[0;0m (Exception during task execution) AttributeError("'NoneType' object has no attribute 'stdout'")
[38;2;200;200;200m[448/914][0;0m [38;2;200;200;200m [0;0m ⏺ Updating fingerprint examples/wireless/filtering -c ListeningFilter for 100s [1;33mUPDATE[0;0m 0c9b-9995/tplx
[38;2;200;200;200m[449/914][0;0m [38;2;200;200;200m [0;0m ⏺ Updating fingerprint examples/wireless/filtering -c MacAddressFilter for 100s [1;33mUPDATE[0;0m 14a7-ae63/tplx
[38;2;200;200;200m[450/914][0;0m [38;2;200;200;200m [0;0m ⏺ Updating fingerprint examples/wireless/filtering -c CommunicationRangeFilter for 100s [1;33mUPDATE[0;0m 1c05-3106/tplx
[1;33mSTDERR [0;36mopp_run_release [0;0m<!> Error: The simulation attempted to prompt for user input, set cmdenv-interactive=true to allow it: "Enter parameter 'Lan80211.numHosts' (unassigned):" -- in module (omnetpp::cModule) Lan80211 (id=1), during network setup
[38;2;200;200;200m[451/914][0;0m [38;2;200;200;200m [0;0m ⏺ Updating fingerprint examples/wireless/filtering -c RadioModeFilter for 100s [1;33mUPDATE[0;0m ac56-bc84/tplx
[38;2;200;200;200m[452/914][0;0m [38;2;200;200;200m [0;0m ⏺ Updating fingerprint examples/wireless/lan80211 -f omnetpp-streaming.ini -c Streaming2 for 50s [1;31mERROR[0;0m None (Calculated fingerprint not found)
[38;2;200;200;200m[453/914][0;0m [38;2;200;200;200m [0;0m ⏺ Updating fingerprint examples/wireless/ieee80211levelofdetail -c Default for 1000s [1;33mINSERT[0;0m c32a-9aa9/tplx
[38;2;200;200;200m[454/914][0;0m [38;2;200;200;200m [0;0m ⏺ Updating fingerprint examples/wireless/hiddennode for 5s [1;33mUPDATE[0;0m d965-e9b7/tplx
[38;2;200;200;200m[455/914][0;0m [38;2;200;200;200m [0;0m ⏺ Updating fingerprint examples/sctp/cmttest for 100s [1;33mUPDATE[0;0m a7ca-ddf1/tplx
[1;33mSTDERR [0;36mopp_run_release [0;0m<!> Error: The simulation attempted to prompt for user input, set cmdenv-interactive=true to allow it: "Enter parameter 'Lan80211.numHosts' (unassigned):" -- in module (omnetpp::cModule) Lan80211 (id=1), during network setup
[38;2;200;200;200m[456/914][0;0m [38;2;200;200;200m [0;0m ⏺ Updating fingerprint examples/wireless/lan80211 -c Ping2 for 25s [1;31mERROR[0;0m None (Calculated fingerprint not found)
[1;33mSTDERR [0;36mopp_run_release [0;0m<!> Error: The simulation attempted to prompt for user input, set cmdenv-interactive=true to allow it: "Enter parameter 'Lan80211ac.numHosts' (unassigned):" -- in module (omnetpp::cModule) Lan80211ac (id=1), during network setup
[38;2;200;200;200m[457/914][0;0m [38;2;200;200;200m [0;0m ⏺ Updating fingerprint examples/wireless/lan80211ac -c Ping2 for 100s [1;31mERROR[0;0m None (Calculated fingerprint not found)
[38;2;200;200;200m[458/914][0;0m [38;2;200;200;200m [0;0m ⏺ Updating fingerprint examples/manetrouting/multiradio -c MultiRadio for 100s [1;33mINSERT[0;0m b695-79a3/tplx
[38;2;200;200;200m[459/914][0;0m [38;2;200;200;200m [0;0m ⏺ Updating fingerprint examples/rip/simpletest -c MultiIPv4 for 600s [1;33mINSERT[0;0m 53d6-21ac/tplx
[38;2;200;200;200m[460/914][0;0m [38;2;200;200;200m [0;0m ⏺ Updating fingerprint examples/rip/simpletest -c IPv6 for 600s [1;33mINSERT[0;0m 6b23-c511/tplx
[38;2;200;200;200m[461/914][0;0m [38;2;200;200;200m [0;0m ⏺ Updating fingerprint examples/rip/simpletest -c IPv4 for 600s [1;33mINSERT[0;0m 5dd0-ee3a/tplx
[38;2;200;200;200m[462/914][0;0m [38;2;200;200;200m [0;0m ⏺ Updating fingerprint examples/wireless/layered80211 -c LayeredCompliant80211Ping for 5s [1;33mINSERT[0;0m b399-b62d/tplx
[38;2;200;200;200m[463/914][0;0m [38;2;200;200;200m [0;0m ⏺ Updating fingerprint examples/wireless/mactest -c MacDcf for 100s [1;33mUPDATE[0;0m 43ad-94cd/tplx
[38;2;200;200;200m[464/914][0;0m [38;2;200;200;200m [0;0m ⏺ Updating fingerprint examples/wireless/layeredapsk for 100s [1;33mUPDATE[0;0m cc04-1144/tplx
[38;2;200;200;200m[465/914][0;0m [38;2;200;200;200m [0;0m ⏺ Updating fingerprint examples/wireless/layered80211 -c LayeredNonCompliant80211Ping for 5s [1;33mINSERT[0;0m eb01-3ead/tplx
[38;2;200;200;200m[466/914][0;0m [38;2;200;200;200m [0;0m ⏺ Updating fingerprint examples/wireless/mactest -c MacEdca for 100s [1;33mUPDATE[0;0m 8e2a-63cf/tplx
[38;2;200;200;200m[467/914][0;0m [38;2;200;200;200m [0;0m ⏺ Updating fingerprint examples/wireless/lan80211 -f omnetpp-ftp.ini -c TwoHosts for 100s [1;33mUPDATE[0;0m 9456-ae1f/tplx
[38;2;200;200;200m[468/914][0;0m [38;2;200;200;200m [0;0m ⏺ Updating fingerprint examples/wireless/multiradio -c IndependentWlans for 100s [1;33mUPDATE[0;0m fb25-c4a9/tplx
[38;2;200;200;200m[469/914][0;0m [38;2;200;200;200m [0;0m ⏺ Updating fingerprint examples/wireless/nic -c AckingMacWithApskScalarRadio for 100s [1;33mUPDATE[0;0m d597-a8ec/tplx
[38;2;200;200;200m[470/914][0;0m [38;2;200;200;200m [0;0m ⏺ Updating fingerprint examples/wireless/nic -c AckingMacWithApskDimensionalRadio for 100s [1;33mUPDATE[0;0m d597-a8ec/tplx
[38;2;200;200;200m[471/914][0;0m [38;2;200;200;200m [0;0m ⏺ Updating fingerprint examples/wireless/multiradio -c RoutedWlans for 100s [1;33mUPDATE[0;0m 574f-1392/tplx
[38;2;200;200;200m[472/914][0;0m [38;2;200;200;200m [0;0m ⏺ Updating fingerprint examples/wireless/nic -c AckingMacWithUnitDiskRadio for 100s [1;33mUPDATE[0;0m d597-a8ec/tplx
[38;2;200;200;200m[473/914][0;0m [38;2;200;200;200m [0;0m ⏺ Updating fingerprint examples/wireless/multiradio -c SwitchedWlans for 100s [1;33mUPDATE[0;0m b466-c285/tplx
[38;2;200;200;200m[474/914][0;0m [38;2;200;200;200m [0;0m ⏺ Updating fingerprint examples/wireless/nic -c BMacWithApskScalarRadio for 100s [1;33mUPDATE[0;0m f2ec-8bfd/tplx
[38;2;200;200;200m[475/914][0;0m [38;2;200;200;200m [0;0m ⏺ Updating fingerprint examples/wireless/nic -c CSMAWithApskDimensionalRadio for 100s [1;33mUPDATE[0;0m fef6-6cf4/tplx
[38;2;200;200;200m[476/914][0;0m [38;2;200;200;200m [0;0m ⏺ Updating fingerprint examples/wireless/nic -c BMacWithApskDimensionalRadio for 100s [1;33mUPDATE[0;0m f2ec-8bfd/tplx
[38;2;200;200;200m[477/914][0;0m [38;2;200;200;200m [0;0m ⏺ Updating fingerprint examples/wireless/nic -c CSMAWithApskScalarRadio for 100s [1;33mUPDATE[0;0m fef6-6cf4/tplx
[38;2;200;200;200m[478/914][0;0m [38;2;200;200;200m [0;0m ⏺ Updating fingerprint examples/wireless/nic -c CSMAWithUnitDiskRadio for 100s [1;33mUPDATE[0;0m fef6-6cf4/tplx
[38;2;200;200;200m[479/914][0;0m [38;2;200;200;200m [0;0m ⏺ Updating fingerprint examples/wireless/nic -c BMacWithUnitDiskRadio for 100s [1;33mUPDATE[0;0m 7cf6-dcfa/tplx
[38;2;200;200;200m[480/914][0;0m [38;2;200;200;200m [0;0m ⏺ Updating fingerprint examples/wireless/nic -c Ieee80211MacV2X for 1s [1;33mUPDATE[0;0m bf81-6b04/tplx
[38;2;200;200;200m[481/914][0;0m [38;2;200;200;200m [0;0m ⏺ Updating fingerprint examples/wireless/nic -c Ieee80211MacWithIeee80211ScalarRadio for 100s [1;33mUPDATE[0;0m c408-388b/tplx
[38;2;200;200;200m[482/914][0;0m [38;2;200;200;200m [0;0m ⏺ Updating fingerprint examples/wireless/nic -c Ieee80211MacWithIeee80211DimensionalRadio for 100s [1;33mUPDATE[0;0m cfee-f6e5/tplx
[38;2;200;200;200m[483/914][0;0m [38;2;200;200;200m [0;0m ⏺ Updating fingerprint examples/wireless/nic -c LMacWithApskDimensionalRadio for 100s [1;33mUPDATE[0;0m e326-1b39/tplx
[38;2;200;200;200m[484/914][0;0m [38;2;200;200;200m [0;0m ⏺ Updating fingerprint examples/wireless/nic -c Ieee80211MacWithUnitDiskRadio for 100s [1;33mUPDATE[0;0m 6015-b8d7/tplx
[38;2;200;200;200m[485/914][0;0m [38;2;200;200;200m [0;0m ⏺ Updating fingerprint examples/wireless/nic -c LMacWithApskScalarRadio for 100s [1;33mUPDATE[0;0m e326-1b39/tplx
[38;2;200;200;200m[486/914][0;0m [38;2;200;200;200m [0;0m ⏺ Updating fingerprint examples/ospfv2/areas for 500s [1;33mUPDATE[0;0m f0d4-bd31/tplx
[38;2;200;200;200m[487/914][0;0m [38;2;200;200;200m [0;0m ⏺ Updating fingerprint examples/wireless/nic -c LMacWithUnitDiskRadio for 100s [1;33mUPDATE[0;0m e751-d270/tplx
[38;2;200;200;200m[488/914][0;0m [38;2;200;200;200m [0;0m ⏺ Updating fingerprint examples/wireless/obstacle -c Indoor for 100s [1;33mUPDATE[0;0m 813f-3384/tplx
[38;2;200;200;200m[489/914][0;0m [38;2;200;200;200m [0;0m ⏺ Updating fingerprint examples/wireless/handover for 1500s [1;33mUPDATE[0;0m 96a4-92d2/tplx
[38;2;200;200;200m[490/914][0;0m [38;2;200;200;200m [0;0m ⏺ Updating fingerprint examples/wireless/lan80211 -c Ping1 for 25s [1;33mUPDATE[0;0m 8bfe-5609/tplx
[38;2;200;200;200m[491/914][0;0m [38;2;200;200;200m [0;0m ⏺ Updating fingerprint examples/wireless/nic -c XMacWithApskDimensionalRadio for 100s [1;33mUPDATE[0;0m 7cb2-0f66/tplx
[38;2;200;200;200m[492/914][0;0m [38;2;200;200;200m [0;0m ⏺ Updating fingerprint examples/wireless/nic -c XMacWithUnitDiskRadio for 100s [1;33mUPDATE[0;0m 7cb2-0f66/tplx
[38;2;200;200;200m[493/914][0;0m [38;2;200;200;200m [0;0m ⏺ Updating fingerprint examples/wireless/nic -c XMacWithApskScalarRadio for 100s [1;33mUPDATE[0;0m 7cb2-0f66/tplx
[38;2;200;200;200m[494/914][0;0m [38;2;200;200;200m [0;0m ⏺ Updating fingerprint examples/wireless/nic -c CsmaCaWithUnitDiskRadio for 100s [1;33mUPDATE[0;0m 21d4-4833/tplx
[38;2;200;200;200m[495/914][0;0m [38;2;200;200;200m [0;0m ⏺ Updating fingerprint examples/wireless/obstacle -c Orbit for 100s [1;33mUPDATE[0;0m 6979-b446/tplx
[38;2;200;200;200m[496/914][0;0m [38;2;200;200;200m [0;0m ⏺ Updating fingerprint examples/wireless/nic -c CsmaCaWithApskScalarRadio for 100s [1;33mUPDATE[0;0m 21d4-4833/tplx
[38;2;200;200;200m[497/914][0;0m [38;2;200;200;200m [0;0m ⏺ Updating fingerprint examples/wireless/nic -c CsmaCaWithApskDimensionalRadio for 100s [1;33mUPDATE[0;0m 21d4-4833/tplx
[38;2;200;200;200m[498/914][0;0m [38;2;200;200;200m [0;0m ⏺ Updating fingerprint examples/wireless/obstacle -c Outdoor for 100s [1;33mUPDATE[0;0m 26c6-2d00/tplx
[38;2;200;200;200m[499/914][0;0m [38;2;200;200;200m [0;0m ⏺ Updating fingerprint examples/wireless/ratecontrol -c Mac for 100s [1;33mUPDATE[0;0m f334-e87b/tplx
[38;2;200;200;200m[500/914][0;0m [38;2;200;200;200m [0;0m ⏺ Updating fingerprint examples/wireless/shortcut -c ShortcutMac for 1000s [1;33mUPDATE[0;0m a4e0-6490/tplx
[38;2;200;200;200m[501/914][0;0m [38;2;200;200;200m [0;0m ⏺ Updating fingerprint examples/wireless/shortcut -c ShortcutRadio for 1000s [1;33mUPDATE[0;0m ad8b-11b6/tplx
[38;2;200;200;200m[502/914][0;0m [38;2;200;200;200m [0;0m ⏺ Updating fingerprint examples/wireless/hosttohost -c Throughput1 for 5s [1;33mUPDATE[0;0m 93b6-a2e4/tplx
[38;2;200;200;200m[503/914][0;0m [38;2;200;200;200m [0;0m ⏺ Updating fingerprint examples/wireless/lan80211 -f omnetpp-streaming.ini -c Streaming1 for 50s [1;33mUPDATE[0;0m a2f3-9077/tplx
[1;33mSTDERR [0;36mopp_run_release [0;0m<!> Error: Submodule app: No module type named 'VoipStreamSender' found that implements module interface inet.applications.contract.IApp (not in the loaded NED files?), at /home/levy/workspace/inet-fp-master/src/inet/node/base/ApplicationLayerNodeBase.ned:32 -- in module (inet::NodeBase) DiffservNetwork.voipPhone1 (id=3), during network setup
[38;2;200;200;200m[504/914][0;0m [38;2;200;200;200m [0;0m ⏺ Updating fingerprint showcases/general/diffserv -c VoIP_WithPolicing for 50s [1;31mERROR[0;0m None Submodule app: No module type named 'VoipStreamSender' found that implements module interface inet.applications.contract.IApp (not in the loaded NED files?), at /home/levy/workspace/inet-fp-master/src/inet/node/base/ApplicationLayerNodeBase.ned:32 -- in module (inet::NodeBase) DiffservNetwork.voipPhone1 (id=3), during network setup (Calculated fingerprint not found)
[1;33mSTDERR [0;36mopp_run_release [0;0m<!> Error: Submodule app: No module type named 'VoipStreamSender' found that implements module interface inet.applications.contract.IApp (not in the loaded NED files?), at /home/levy/workspace/inet-fp-master/src/inet/node/base/ApplicationLayerNodeBase.ned:32 -- in module (inet::NodeBase) DiffservNetwork.voipPhone1 (id=3), during network setup
[38;2;200;200;200m[505/914][0;0m [38;2;200;200;200m [0;0m ⏺ Updating fingerprint showcases/general/diffserv -c VoIP_WithPolicingAndQueueing for 50s [1;31mERROR[0;0m None Submodule app: No module type named 'VoipStreamSender' found that implements module interface inet.applications.contract.IApp (not in the loaded NED files?), at /home/levy/workspace/inet-fp-master/src/inet/node/base/ApplicationLayerNodeBase.ned:32 -- in module (inet::NodeBase) DiffservNetwork.voipPhone1 (id=3), during network setup (Calculated fingerprint not found)
[38;2;200;200;200m[506/914][0;0m [38;2;200;200;200m [0;0m ⏺ Updating fingerprint examples/wireless/power for 100s [1;33mUPDATE[0;0m 875e-6ee3/tplx
[1;33mSTDERR [0;36mopp_run_release [0;0m<!> Error: Submodule app: No module type named 'VoipStreamSender' found that implements module interface inet.applications.contract.IApp (not in the loaded NED files?), at /home/levy/workspace/inet-fp-master/src/inet/node/base/ApplicationLayerNodeBase.ned:32 -- in module (inet::NodeBase) DiffservNetwork.voipPhone1 (id=3), during network setup
[38;2;200;200;200m[507/914][0;0m [38;2;200;200;200m [0;0m ⏺ Updating fingerprint examples/wireless/scaling -c UnitDiskRadioMedium for 0.1s [1;33mINSERT[0;0m 41a2-4868/tplx
[38;2;200;200;200m[508/914][0;0m [38;2;200;200;200m [0;0m ⏺ Updating fingerprint showcases/general/diffserv -c VoIP_WithoutQoS for 50s [1;31mERROR[0;0m None Submodule app: No module type named 'VoipStreamSender' found that implements module interface inet.applications.contract.IApp (not in the loaded NED files?), at /home/levy/workspace/inet-fp-master/src/inet/node/base/ApplicationLayerNodeBase.ned:32 -- in module (inet::NodeBase) DiffservNetwork.voipPhone1 (id=3), during network setup (Calculated fingerprint not found)
[38;2;200;200;200m[509/914][0;0m [38;2;200;200;200m [0;0m ⏺ Updating fingerprint showcases/general/diffserv -c WithPolicing for 50s [1;33mINSERT[0;0m 5626-a8d5/tplx
[38;2;200;200;200m[510/914][0;0m [38;2;200;200;200m [0;0m ⏺ Updating fingerprint examples/wireless/scaling -c ScalarRadioMedium for 0.1s [1;33mINSERT[0;0m df16-f6c3/tplx
[38;2;200;200;200m[511/914][0;0m [38;2;200;200;200m [0;0m ⏺ Updating fingerprint showcases/general/diffserv -c WithoutQoS for 50s [1;33mINSERT[0;0m c4c1-50c9/tplx
[38;2;200;200;200m[512/914][0;0m [38;2;200;200;200m [0;0m ⏺ Updating fingerprint showcases/general/diffserv -c WithQueueing for 50s [1;33mINSERT[0;0m e3eb-358a/tplx
[38;2;200;200;200m[513/914][0;0m [38;2;200;200;200m [0;0m ⏺ Updating fingerprint examples/wireless/throughput -c Throughput1 for 20s [1;33mUPDATE[0;0m 7cf1-34a3/tplx
[38;2;200;200;200m[514/914][0;0m [38;2;200;200;200m [0;0m ⏺ Updating fingerprint examples/wireless/wiredandwirelesshostswithap for 400s [1;33mINSERT[0;0m e981-233e/tplx
[38;2;200;200;200m[515/914][0;0m [38;2;200;200;200m [0;0m ⏺ Updating fingerprint examples/wireless/throughput -c Throughput2 for 10s [1;33mUPDATE[0;0m c974-418c/tplx
[38;2;200;200;200m[516/914][0;0m [38;2;200;200;200m [0;0m ⏺ Updating fingerprint showcases/measurement/relationships for 1s [1;33mINSERT[0;0m 0000-0000/tplx
[38;2;200;200;200m[517/914][0;0m [38;2;200;200;200m [0;0m ⏺ Updating fingerprint showcases/measurement/datarate for 1s [1;33mUPDATE[0;0m 7128-d56c/tplx
[38;2;200;200;200m[518/914][0;0m [38;2;200;200;200m [0;0m ⏺ Updating fingerprint examples/wireless/scaling -c DimensionalRadioMedium for 0.1s [1;33mUPDATE[0;0m df16-f6c3/tplx
[38;2;200;200;200m[519/914][0;0m [38;2;200;200;200m [0;0m ⏺ Updating fingerprint showcases/measurement/endtoenddelay for 1s [1;33mUPDATE[0;0m 3661-0865/tplx
[38;2;200;200;200m[520/914][0;0m [38;2;200;200;200m [0;0m ⏺ Updating fingerprint examples/wireless/testnewmac -c Mac for 10s [1;33mUPDATE[0;0m b486-dff7/tplx
[38;2;200;200;200m[521/914][0;0m [38;2;200;200;200m [0;0m ⏺ Updating fingerprint examples/wireless/synchronized -c Synchronized for 2s [1;33mUPDATE[0;0m 4d92-b4a5/tplx
[38;2;200;200;200m[522/914][0;0m [38;2;200;200;200m [0;0m ⏺ Updating fingerprint showcases/measurement/propagationtime for 1s [1;33mUPDATE[0;0m f903-e0e6/tplx
[38;2;200;200;200m[523/914][0;0m [38;2;200;200;200m [0;0m ⏺ Updating fingerprint examples/ospfv2/areatests -c backbone for 1000s [1;33mINSERT[0;0m 4300-4b97/tplx
[38;2;200;200;200m[524/914][0;0m [38;2;200;200;200m [0;0m ⏺ Updating fingerprint showcases/measurement/throughput for 1s [1;33mUPDATE[0;0m fd39-e02b/tplx
[38;2;200;200;200m[525/914][0;0m [38;2;200;200;200m [0;0m ⏺ Updating fingerprint showcases/mobility/basic -c BonnMotionMobility for 100s [1;33mUPDATE[0;0m 747c-414a/tplx
[38;2;200;200;200m[526/914][0;0m [38;2;200;200;200m [0;0m ⏺ Updating fingerprint showcases/mobility/basic -c CircleMobility for 100s [1;33mUPDATE[0;0m 4e3c-92ab/tplx
[38;2;200;200;200m[527/914][0;0m [38;2;200;200;200m [0;0m ⏺ Updating fingerprint showcases/measurement/residencetime for 1s [1;33mUPDATE[0;0m 16a1-e3bb/tplx
[38;2;200;200;200m[528/914][0;0m [38;2;200;200;200m [0;0m ⏺ Updating fingerprint showcases/mobility/basic -c FacingMobility for 100s [1;33mUPDATE[0;0m a9c2-c940/tplx
[38;2;200;200;200m[529/914][0;0m [38;2;200;200;200m [0;0m ⏺ Updating fingerprint showcases/mobility/basic -c LinearMobility for 100s [1;33mUPDATE[0;0m e1a6-88f3/tplx
[38;2;200;200;200m[530/914][0;0m [38;2;200;200;200m [0;0m ⏺ Updating fingerprint showcases/mobility/basic -c GaussMarkovMobility for 100s [1;33mUPDATE[0;0m e1a6-88f3/tplx
[38;2;200;200;200m[531/914][0;0m [38;2;200;200;200m [0;0m ⏺ Updating fingerprint examples/wireless/ieee80211levelofdetail -c Layered for 1000s [1;33mINSERT[0;0m c9fb-af89/tplx
[38;2;200;200;200m[532/914][0;0m [38;2;200;200;200m [0;0m ⏺ Updating fingerprint showcases/mobility/basic -c StaticGridMobility for 100s [0;32mKEEP[0;0m 0000-0000/tplx
[38;2;200;200;200m[533/914][0;0m [38;2;200;200;200m [0;0m ⏺ Updating fingerprint showcases/measurement/utilization for 1s [1;33mUPDATE[0;0m 979d-a3e7/tplx
[38;2;200;200;200m[534/914][0;0m [38;2;200;200;200m [0;0m ⏺ Updating fingerprint showcases/mobility/basic -c TurtleMobility for 100s [1;33mUPDATE[0;0m 8510-0854/tplx
[38;2;200;200;200m[535/914][0;0m [38;2;200;200;200m [0;0m ⏺ Updating fingerprint showcases/mobility/basic -c StationaryMobility for 100s [0;32mKEEP[0;0m 0000-0000/tplx
[38;2;200;200;200m[536/914][0;0m [38;2;200;200;200m [0;0m ⏺ Updating fingerprint examples/wireless/lan80211ac -c Ping1 for 100s [1;33mUPDATE[0;0m b4a8-23a9/tplx
[38;2;200;200;200m[537/914][0;0m [38;2;200;200;200m [0;0m ⏺ Updating fingerprint showcases/measurement/transmissiontime for 1s [1;33mUPDATE[0;0m e317-ff76/tplx
[38;2;200;200;200m[538/914][0;0m [38;2;200;200;200m [0;0m ⏺ Updating fingerprint showcases/mobility/combining -c Attached1 for 100s [1;33mUPDATE[0;0m 6456-50a1/tplx
[38;2;200;200;200m[539/914][0;0m [38;2;200;200;200m [0;0m ⏺ Updating fingerprint showcases/mobility/combining -c AntennaOrientation for 10000s [1;33mINSERT[0;0m a7d2-5209/tplx
[38;2;200;200;200m[540/914][0;0m [38;2;200;200;200m [0;0m ⏺ Updating fingerprint showcases/mobility/combining -c Attached3D for 100s [1;33mUPDATE[0;0m 8099-3af1/tplx
[38;2;200;200;200m[541/914][0;0m [38;2;200;200;200m [0;0m ⏺ Updating fingerprint showcases/mobility/combining -c Attached2 for 100s [1;33mUPDATE[0;0m 6456-50a1/tplx
[38;2;200;200;200m[542/914][0;0m [38;2;200;200;200m [0;0m ⏺ Updating fingerprint showcases/mobility/combining -c Superpositioning1 for 100s [1;33mUPDATE[0;0m 8306-6fda/tplx
[38;2;200;200;200m[543/914][0;0m [38;2;200;200;200m [0;0m ⏺ Updating fingerprint showcases/mobility/combining -c Superpositioning2 for 100s [1;33mUPDATE[0;0m 8099-3af1/tplx
[38;2;200;200;200m[544/914][0;0m [38;2;200;200;200m [0;0m ⏺ Updating fingerprint examples/wireless/synchronized -c NonSynchronized for 2s [1;33mUPDATE[0;0m 881f-af31/tplx
[38;2;200;200;200m[545/914][0;0m [38;2;200;200;200m [0;0m ⏺ Updating fingerprint showcases/general/pcaprecording -c PcapRecording for 10s [1;33mUPDATE[0;0m 1346-2d4f/tplx
[38;2;200;200;200m[546/914][0;0m [38;2;200;200;200m [0;0m ⏺ Updating fingerprint showcases/mobility/spatial -c Spiral for 100s [1;33mUPDATE[0;0m 4ff6-dab8/tplx
[38;2;200;200;200m[547/914][0;0m [38;2;200;200;200m [0;0m ⏺ Updating fingerprint showcases/mobility/spatial -c Drone for 100s [1;33mUPDATE[0;0m 2e52-cdaa/tplx
[38;2;200;200;200m[548/914][0;0m [38;2;200;200;200m [0;0m ⏺ Updating fingerprint showcases/measurement/jitter for 5s [1;33mINSERT[0;0m bca1-54c6/tplx
[38;2;200;200;200m[549/914][0;0m [38;2;200;200;200m [0;0m ⏺ Updating fingerprint showcases/measurement/queueingtime for 5s [1;33mINSERT[0;0m e79c-cac7/tplx
[38;2;200;200;200m[550/914][0;0m [38;2;200;200;200m [0;0m ⏺ Updating fingerprint showcases/tsn/combiningfeatures/fpandtas for 10ms [1;33mUPDATE[0;0m 3b7e-2e89/tplx
[1;33mSTDERR [0;36mopp_run_release [0;0m<!> Error: Submodule gateScheduleConfigurator: No module type named 'Z3GateScheduleConfigurator' found that implements module interface inet.linklayer.configurator.gatescheduling.contract.IGateScheduleConfigurator (not in the loaded NED files?), at /home/levy/workspace/inet-fp-master/src/inet/networks/base/TsnNetworkBase.ned:21 -- in module (inet::NetworkBase) TsnDumbbellNetwork (id=1), during network setup
[38;2;200;200;200m[551/914][0;0m [38;2;200;200;200m [0;0m ⏺ Updating fingerprint showcases/tsn/combiningfeatures/gsandcs -c SAT for 0.2s [1;31mERROR[0;0m None Submodule gateScheduleConfigurator: No module type named 'Z3GateScheduleConfigurator' found that implements module interface inet.linklayer.configurator.gatescheduling.contract.IGateScheduleConfigurator (not in the loaded NED files?), at /home/levy/workspace/inet-fp-master/src/inet/networks/base/TsnNetworkBase.ned:21 -- in module (inet::NetworkBase) TsnDumbbellNetwork (id=1), during network setup (Calculated fingerprint not found)
[38;2;200;200;200m[552/914][0;0m [38;2;200;200;200m [0;0m ⏺ Updating fingerprint showcases/routing/manet -c Aodv for 100s [1;33mUPDATE[0;0m beb0-0b5c/tplx
[38;2;200;200;200m[553/914][0;0m [38;2;200;200;200m [0;0m ⏺ Updating fingerprint examples/wireless/qos -c MacQosWithBlockAck for 10s [1;33mUPDATE[0;0m f1c5-bc05/tplx
[38;2;200;200;200m[554/914][0;0m [38;2;200;200;200m [0;0m ⏺ Updating fingerprint showcases/routing/aodvexternal for 50s [1;33mINSERT[0;0m e463-97fe/tplx
[38;2;200;200;200m[555/914][0;0m [38;2;200;200;200m [0;0m ⏺ Updating fingerprint showcases/tsn/combiningfeatures/invehicle -c StandardEthernet for 10ms [1;33mUPDATE[0;0m f5ed-5580/tplx
[38;2;200;200;200m[556/914][0;0m [38;2;200;200;200m [0;0m ⏺ Updating fingerprint examples/wireless/qos -c MacNonQos for 10s [1;33mUPDATE[0;0m 5300-822c/tplx
[38;2;200;200;200m[557/914][0;0m [38;2;200;200;200m [0;0m ⏺ Updating fingerprint showcases/routing/manet -c Gpsr for 100s [1;33mUPDATE[0;0m 5557-e96e/tplx
[38;2;200;200;200m[558/914][0;0m [38;2;200;200;200m [0;0m ⏺ Updating fingerprint showcases/tsn/combiningfeatures/frerandcs for 0.1s [1;33mINSERT[0;0m 0a5e-0c01/tplx
[38;2;200;200;200m[559/914][0;0m [38;2;200;200;200m [0;0m ⏺ Updating fingerprint examples/wireless/qos -c MacQosWithRtsCts for 10s [1;33mUPDATE[0;0m d471-ab45/tplx
[38;2;200;200;200m[560/914][0;0m [38;2;200;200;200m [0;0m ⏺ Updating fingerprint examples/wireless/qos -c MacQos for 10s [1;33mUPDATE[0;0m 8964-1426/tplx
[38;2;200;200;200m[561/914][0;0m [38;2;200;200;200m [0;0m ⏺ Updating fingerprint showcases/routing/manet -c Dsdv for 100s [1;33mUPDATE[0;0m deef-1e7d/tplx
[38;2;200;200;200m[562/914][0;0m [38;2;200;200;200m [0;0m ⏺ Updating fingerprint showcases/tsn/combiningfeatures/frerandtas for 5s [1;33mINSERT[0;0m d68e-1ee0/tplx
[38;2;200;200;200m[563/914][0;0m [38;2;200;200;200m [0;0m ⏺ Updating fingerprint showcases/tsn/framereplication/automaticfailureprotection -c NoFrameReplication for 0.1s [1;33mINSERT[0;0m c07b-fcc0/tplx
[38;2;200;200;200m[564/914][0;0m [38;2;200;200;200m [0;0m ⏺ Updating fingerprint showcases/tsn/framereplication/manualconfiguration for 0.1s [1;33mUPDATE[0;0m a989-6cc3/tplx
[38;2;200;200;200m[565/914][0;0m [38;2;200;200;200m [0;0m ⏺ Updating fingerprint showcases/tsn/framereplication/automaticmultipathconfiguration for 0.1s [1;33mUPDATE[0;0m 11ab-794a/tplx
[38;2;200;200;200m[566/914][0;0m [38;2;200;200;200m [0;0m ⏺ Updating fingerprint showcases/tsn/framereplication/automaticfailureprotection -c FrameReplication for 0.1s [1;33mINSERT[0;0m da4e-e0d9/tplx
[38;2;200;200;200m[567/914][0;0m [38;2;200;200;200m [0;0m ⏺ Updating fingerprint showcases/tsn/cutthroughswitching -c StoreAndForward for 1s [1;33mUPDATE[0;0m 9223-b057/tplx
[38;2;200;200;200m[568/914][0;0m [38;2;200;200;200m [0;0m ⏺ Updating fingerprint showcases/tsn/cutthroughswitching -c CutthroughSwitching for 1s [1;33mUPDATE[0;0m 6351-c226/tplx
[38;2;200;200;200m[569/914][0;0m [38;2;200;200;200m [0;0m ⏺ Updating fingerprint showcases/tsn/combiningfeatures/invehicle -c AutomaticTsn for 10ms [1;33mINSERT[0;0m 2124-479c/tplx
[38;2;200;200;200m[570/914][0;0m [38;2;200;200;200m [0;0m ⏺ Updating fingerprint showcases/tsn/framereplication/multicastfailureprotection for 10ms [1;33mINSERT[0;0m 4392-0348/tplx
[1;33mSTDERR [0;36mopp_run_release [0;0m<!> Error: Submodule gateScheduleConfigurator: No module type named 'Z3GateScheduleConfigurator' found that implements module interface inet.linklayer.configurator.gatescheduling.contract.IGateScheduleConfigurator (not in the loaded NED files?), at /home/levy/workspace/inet-fp-master/src/inet/networks/base/TsnNetworkBase.ned:21 -- in module (inet::NetworkBase) TsnDumbbellNetwork (id=1), during network setup
[38;2;200;200;200m[571/914][0;0m [38;2;200;200;200m [0;0m ⏺ Updating fingerprint showcases/tsn/gatescheduling/sat -c SAT for 0.2s [1;31mERROR[0;0m None Submodule gateScheduleConfigurator: No module type named 'Z3GateScheduleConfigurator' found that implements module interface inet.linklayer.configurator.gatescheduling.contract.IGateScheduleConfigurator (not in the loaded NED files?), at /home/levy/workspace/inet-fp-master/src/inet/networks/base/TsnNetworkBase.ned:21 -- in module (inet::NetworkBase) TsnDumbbellNetwork (id=1), during network setup (Calculated fingerprint not found)
[38;2;200;200;200m[572/914][0;0m [38;2;200;200;200m [0;0m ⏺ Updating fingerprint showcases/tsn/combiningfeatures/invehicle -c ManualTsn for 10ms [1;33mINSERT[0;0m fabe-ce7c/tplx
[38;2;200;200;200m[573/914][0;0m [38;2;200;200;200m [0;0m ⏺ Updating fingerprint examples/wireless/qos -c MacQosWithoutAggregation for 10s [1;33mUPDATE[0;0m 72bf-134e/tplx
[38;2;200;200;200m[574/914][0;0m [38;2;200;200;200m [0;0m ⏺ Updating fingerprint showcases/tsn/framepreemption -c FifoQueueing for 1s [1;33mUPDATE[0;0m 4501-3bb9/tplx
[38;2;200;200;200m[575/914][0;0m [38;2;200;200;200m [0;0m ⏺ Updating fingerprint showcases/tsn/streamfiltering/underthehood for 1s [1;33mUPDATE[0;0m 83e1-10c1/tplx
[38;2;200;200;200m[576/914][0;0m [38;2;200;200;200m [0;0m ⏺ Updating fingerprint showcases/tsn/gatescheduling/eager -c Eager for 0.2s [1;33mUPDATE[0;0m b8ff-4f97/tplx
[38;2;200;200;200m[577/914][0;0m [38;2;200;200;200m [0;0m ⏺ Updating fingerprint showcases/tsn/framepreemption -c RealisticFifoQueueing for 1s [1;33mUPDATE[0;0m 8fd2-8d9e/tplx
[38;2;200;200;200m[578/914][0;0m [38;2;200;200;200m [0;0m ⏺ Updating fingerprint showcases/tsn/framepreemption -c PriorityQueueing for 1s [1;33mUPDATE[0;0m 31eb-8ea7/tplx
[38;2;200;200;200m[579/914][0;0m [38;2;200;200;200m [0;0m ⏺ Updating fingerprint showcases/tsn/framepreemption -c RealisticPriorityQueueing for 1s [1;33mUPDATE[0;0m 071d-7a94/tplx
[38;2;200;200;200m[580/914][0;0m [38;2;200;200;200m [0;0m ⏺ Updating fingerprint showcases/tsn/streamfiltering/tokenbucket -c NoStreamFiltering for 1s [1;33mINSERT[0;0m edbe-22a1/tplx
[38;2;200;200;200m[581/914][0;0m [38;2;200;200;200m [0;0m ⏺ Updating fingerprint showcases/tsn/timesynchronization/gptp -c OneMasterClock for 1s [1;33mUPDATE[0;0m 6a1d-b77d/tplx
[38;2;200;200;200m[582/914][0;0m [38;2;200;200;200m [0;0m ⏺ Updating fingerprint showcases/quic/linksharing for 50s [1;33mINSERT[0;0m 91c3-186e/tplx
[38;2;200;200;200m[583/914][0;0m [38;2;200;200;200m [0;0m ⏺ Updating fingerprint showcases/tsn/timesynchronization/gptp -c PrimaryAndHotStandbyMasterClocks for 1s [1;33mUPDATE[0;0m 9d3b-f594/tplx
[38;2;200;200;200m[584/914][0;0m [38;2;200;200;200m [0;0m ⏺ Updating fingerprint showcases/tsn/framepreemption -c FramePreemption for 1s [1;33mUPDATE[0;0m 858f-98ec/tplx
[38;2;200;200;200m[585/914][0;0m [38;2;200;200;200m [0;0m ⏺ Updating fingerprint showcases/tsn/framepreemption -c RealisticFramePreemption for 1s [1;33mUPDATE[0;0m 14de-3f45/tplx
[38;2;200;200;200m[586/914][0;0m [38;2;200;200;200m [0;0m ⏺ Updating fingerprint showcases/tsn/timesynchronization/gptp -c TwoMasterClocksExploitingNetworkRedundancy for 1s [1;33mUPDATE[0;0m 09e2-4617/tplx
[38;2;200;200;200m[587/914][0;0m [38;2;200;200;200m [0;0m ⏺ Updating fingerprint showcases/tsn/combiningfeatures/gptpandtas -f extras.ini -c Recovery for 4s [1;33mINSERT[0;0m 7043-9406/tplx
[38;2;200;200;200m[588/914][0;0m [38;2;200;200;200m [0;0m ⏺ Updating fingerprint examples/inet/ipv4largenet -c IPv4LargeNet for 120s [1;33mINSERT[0;0m c6ab-305c/tplx
[38;2;200;200;200m[589/914][0;0m [38;2;200;200;200m [0;0m ⏺ Updating fingerprint showcases/tsn/combiningfeatures/gptpandtas -c LinkFailure for 4s [1;33mINSERT[0;0m 3f92-610f/tplx
[38;2;200;200;200m[590/914][0;0m [38;2;200;200;200m [0;0m ⏺ Updating fingerprint showcases/tsn/combiningfeatures/gptpandtas -c NormalOperation for 4s [1;33mINSERT[0;0m b3cc-ccd3/tplx
[38;2;200;200;200m[591/914][0;0m [38;2;200;200;200m [0;0m ⏺ Updating fingerprint showcases/visualizer/canvas/datalinkactivity -c ActivityLevel for 100s [1;33mUPDATE[0;0m 5369-a3a5/tplx
[38;2;200;200;200m[592/914][0;0m [38;2;200;200;200m [0;0m ⏺ Updating fingerprint showcases/tsn/streamfiltering/tokenbucket -c StreamFiltering for 1s [1;33mINSERT[0;0m 7684-0d2d/tplx
[38;2;200;200;200m[593/914][0;0m [38;2;200;200;200m [0;0m ⏺ Updating fingerprint showcases/tsn/combiningfeatures/gptpandtas -c Failover for 4s [1;33mINSERT[0;0m 98a7-b7d9/tplx
[38;2;200;200;200m[594/914][0;0m [38;2;200;200;200m [0;0m ⏺ Updating fingerprint showcases/visualizer/canvas/datalinkactivity -c EnablingVisualizationWired for 500s [1;33mUPDATE[0;0m 4235-e5dd/tplx
[38;2;200;200;200m[595/914][0;0m [38;2;200;200;200m [0;0m ⏺ Updating fingerprint showcases/visualizer/canvas/datalinkactivity -c EnablingVisualizationWireless for 500s [1;33mUPDATE[0;0m d80a-3f2b/tplx
[38;2;200;200;200m[596/914][0;0m [38;2;200;200;200m [0;0m ⏺ Updating fingerprint showcases/tsn/timesynchronization/clockdrift -c ConstantClockDrift for 0.1s [1;33mUPDATE[0;0m ba5e-d005/tplx
[38;2;200;200;200m[597/914][0;0m [38;2;200;200;200m [0;0m ⏺ Updating fingerprint showcases/visualizer/canvas/ieee80211 -c MultipleNetworks for 5s [1;33mUPDATE[0;0m a84d-f0b0/tplx
[38;2;200;200;200m[598/914][0;0m [38;2;200;200;200m [0;0m ⏺ Updating fingerprint showcases/visualizer/canvas/datalinkactivity -c Filtering for 500s [1;33mUPDATE[0;0m 79a7-f5a4/tplx
[38;2;200;200;200m[599/914][0;0m [38;2;200;200;200m [0;0m ⏺ Updating fingerprint showcases/tsn/trafficshaping/timeawareshaper -c NoTrafficShaping for 1s [1;33mINSERT[0;0m eb71-1ba7/tplx
[38;2;200;200;200m[600/914][0;0m [38;2;200;200;200m [0;0m ⏺ Updating fingerprint showcases/visualizer/canvas/ieee80211 -c OneNetwork for 5s [1;33mUPDATE[0;0m f6b9-da59/tplx
[38;2;200;200;200m[601/914][0;0m [38;2;200;200;200m [0;0m ⏺ Updating fingerprint showcases/tsn/timesynchronization/clockdrift -c ConstantClockDriftOutOfBandSync for 0.1s [1;33mUPDATE[0;0m 8e96-fbbc/tplx
[38;2;200;200;200m[602/914][0;0m [38;2;200;200;200m [0;0m ⏺ Updating fingerprint showcases/visualizer/canvas/datalinkactivity -c Dynamic for 500s [1;33mUPDATE[0;0m 198a-955f/tplx
[38;2;200;200;200m[603/914][0;0m [38;2;200;200;200m [0;0m ⏺ Updating fingerprint showcases/tsn/timesynchronization/clockdrift -c NoClockDrift for 0.1s [1;33mUPDATE[0;0m 1b7f-2abf/tplx
[38;2;200;200;200m[604/914][0;0m [38;2;200;200;200m [0;0m ⏺ Updating fingerprint showcases/visualizer/canvas/interfacetable -c EnablingVisualization for 5s [0;32mKEEP[0;0m 0000-0000/tplx
[38;2;200;200;200m[605/914][0;0m [38;2;200;200;200m [0;0m ⏺ Updating fingerprint showcases/visualizer/canvas/interfacetable -c AdvancedFeatures for 5s [1;33mUPDATE[0;0m 005a-9ff6/tplx
[38;2;200;200;200m[606/914][0;0m [38;2;200;200;200m [0;0m ⏺ Updating fingerprint showcases/visualizer/canvas/mobility -c VisualizingFeatures for 500s [1;33mUPDATE[0;0m 5e88-7eea/tplx
[38;2;200;200;200m[607/914][0;0m [38;2;200;200;200m [0;0m ⏺ Updating fingerprint showcases/tsn/trafficshaping/timeawareshaper -c TimeAwareShaping for 1s [1;33mINSERT[0;0m ae22-6d1f/tplx
[38;2;200;200;200m[608/914][0;0m [38;2;200;200;200m [0;0m ⏺ Updating fingerprint examples/ospfv2/areatests -c mininet-A for 1000s [1;33mINSERT[0;0m eaa0-2b9a/tplx
[38;2;200;200;200m[609/914][0;0m [38;2;200;200;200m [0;0m ⏺ Updating fingerprint showcases/visualizer/canvas/ieee80211 -c VisualizingHandover for 250s [1;33mUPDATE[0;0m 272e-f5de/tplx
[38;2;200;200;200m[610/914][0;0m [38;2;200;200;200m [0;0m ⏺ Updating fingerprint showcases/visualizer/canvas/networkpathactivity -c EnablingVisualization for 500s [1;33mUPDATE[0;0m 6618-e665/tplx
[38;2;200;200;200m[611/914][0;0m [38;2;200;200;200m [0;0m ⏺ Updating fingerprint showcases/visualizer/canvas/ieee80211 -c SignalLevels for 100s [1;33mUPDATE[0;0m 990d-8312/tplx
[38;2;200;200;200m[612/914][0;0m [38;2;200;200;200m [0;0m ⏺ Updating fingerprint showcases/tsn/timesynchronization/clockdrift -c RandomClockDrift for 0.1s [1;33mUPDATE[0;0m b0f4-fb75/tplx
[38;2;200;200;200m[613/914][0;0m [38;2;200;200;200m [0;0m ⏺ Updating fingerprint showcases/tsn/trafficshaping/underthehood for 10s [1;33mINSERT[0;0m 9cc8-89a2/tplx
[38;2;200;200;200m[614/914][0;0m [38;2;200;200;200m [0;0m ⏺ Updating fingerprint showcases/visualizer/canvas/packetdrop -c InterfaceNotConnected for 500s [1;33mUPDATE[0;0m 8052-47d3/tplx
[38;2;200;200;200m[615/914][0;0m [38;2;200;200;200m [0;0m ⏺ Updating fingerprint showcases/visualizer/canvas/packetdrop -c ArpResolutionFailed for 500s [1;33mUPDATE[0;0m 1b28-bb5f/tplx
[38;2;200;200;200m[616/914][0;0m [38;2;200;200;200m [0;0m ⏺ Updating fingerprint examples/inet/tcpthroughput -c Experiment for 240s [1;33mINSERT[0;0m 127c-69ff/tplx
[38;2;200;200;200m[617/914][0;0m [38;2;200;200;200m [0;0m ⏺ Updating fingerprint showcases/visualizer/canvas/packetdrop -c NoRouteToDestination for 500s [1;33mUPDATE[0;0m dc46-093b/tplx
[38;2;200;200;200m[618/914][0;0m [38;2;200;200;200m [0;0m ⏺ Updating fingerprint showcases/visualizer/canvas/instrumentfigures for 3s [1;33mUPDATE[0;0m 2673-107f/tplx
[38;2;200;200;200m[619/914][0;0m [38;2;200;200;200m [0;0m ⏺ Updating fingerprint showcases/visualizer/canvas/radiomediumactivity -c DisplayingSignalsTransmissionsReceptions for 1000s [1;33mINSERT[0;0m 77ff-41a6/tplx
[38;2;200;200;200m[620/914][0;0m [38;2;200;200;200m [0;0m ⏺ Updating fingerprint showcases/visualizer/canvas/networkpathactivity -c Mobile for 500s [1;33mUPDATE[0;0m fbb6-cddd/tplx
[38;2;200;200;200m[621/914][0;0m [38;2;200;200;200m [0;0m ⏺ Updating fingerprint showcases/visualizer/canvas/packetdrop -c MACRetryLimitReached for 500s [1;33mUPDATE[0;0m cb05-1cbf/tplx
[38;2;200;200;200m[622/914][0;0m [38;2;200;200;200m [0;0m ⏺ Updating fingerprint showcases/tsn/timesynchronization/clockdrift -c RandomClockDriftOutOfBandSync for 0.1s [1;33mUPDATE[0;0m 4dce-6950/tplx
[38;2;200;200;200m[623/914][0;0m [38;2;200;200;200m [0;0m ⏺ Updating fingerprint showcases/visualizer/canvas/physicallinkactivity -c EnablingVisualization for 500s [1;33mUPDATE[0;0m c747-26e5/tplx
[38;2;200;200;200m[624/914][0;0m [38;2;200;200;200m [0;0m ⏺ Updating fingerprint showcases/tsn/timesynchronization/clockdrift -c RandomClockDriftGptpSync for 0.1s [1;33mUPDATE[0;0m 1d38-b024/tplx
[38;2;200;200;200m[625/914][0;0m [38;2;200;200;200m [0;0m ⏺ Updating fingerprint showcases/visualizer/canvas/packetdrop -c QueueOverflow for 2002ms [1;33mUPDATE[0;0m 1fe7-ad5d/tplx
[38;2;200;200;200m[626/914][0;0m [38;2;200;200;200m [0;0m ⏺ Updating fingerprint showcases/visualizer/canvas/routingtable -c DisplayingAll for 500s [0;32mKEEP[0;0m 0000-0000/tplx
[38;2;200;200;200m[627/914][0;0m [38;2;200;200;200m [0;0m ⏺ Updating fingerprint showcases/visualizer/canvas/radiomediumactivity -c MultipleNodes for 1000s [1;33mINSERT[0;0m 75a1-6c7e/tplx
[38;2;200;200;200m[628/914][0;0m [38;2;200;200;200m [0;0m ⏺ Updating fingerprint showcases/visualizer/canvas/networkpathactivity -c StaticNetworkPaths for 500s [1;33mUPDATE[0;0m 66fc-ed9c/tplx
[38;2;200;200;200m[629/914][0;0m [38;2;200;200;200m [0;0m ⏺ Updating fingerprint showcases/visualizer/canvas/physicallinkactivity -c Filtering for 250s [1;33mUPDATE[0;0m befb-6e36/tplx
[38;2;200;200;200m[630/914][0;0m [38;2;200;200;200m [0;0m ⏺ Updating fingerprint showcases/visualizer/canvas/networkpathactivity -c ChangingPaths for 250s [1;33mUPDATE[0;0m 33cf-0e9a/tplx
[38;2;200;200;200m[631/914][0;0m [38;2;200;200;200m [0;0m ⏺ Updating fingerprint examples/ospfv2/areatests -c mininet-B for 1000s [1;33mINSERT[0;0m 0a23-ee70/tplx
[38;2;200;200;200m[632/914][0;0m [38;2;200;200;200m [0;0m ⏺ Updating fingerprint showcases/visualizer/canvas/routingtable -c Filtered for 500s [0;32mKEEP[0;0m 0000-0000/tplx
[38;2;200;200;200m[633/914][0;0m [38;2;200;200;200m [0;0m ⏺ Updating fingerprint showcases/visualizer/canvas/routingtable -c Unfiltered for 500s [0;32mKEEP[0;0m 0000-0000/tplx
[38;2;200;200;200m[634/914][0;0m [38;2;200;200;200m [0;0m ⏺ Updating fingerprint showcases/visualizer/canvas/spectrum -c Spectrogram for 1s [1;33mUPDATE[0;0m ee60-1a7b/tplx
[38;2;200;200;200m[635/914][0;0m [38;2;200;200;200m [0;0m ⏺ Updating fingerprint showcases/visualizer/canvas/spectrum -c SpectrumFigure for 1s [1;33mUPDATE[0;0m ee60-1a7b/tplx
[38;2;200;200;200m[636/914][0;0m [38;2;200;200;200m [0;0m ⏺ Updating fingerprint showcases/visualizer/canvas/styling -c Font for 25s [1;33mUPDATE[0;0m a2fe-82b0/tplx
[38;2;200;200;200m[637/914][0;0m [38;2;200;200;200m [0;0m ⏺ Updating fingerprint showcases/visualizer/canvas/statistic -c PingRtt for 500s [1;33mUPDATE[0;0m 466c-5eb4/tplx
[38;2;200;200;200m[638/914][0;0m [38;2;200;200;200m [0;0m ⏺ Updating fingerprint showcases/visualizer/canvas/spectrum -c PowerDensityMap for 1s [1;33mUPDATE[0;0m c025-25aa/tplx
[38;2;200;200;200m[639/914][0;0m [38;2;200;200;200m [0;0m ⏺ Updating fingerprint showcases/visualizer/canvas/styling -c Line for 25s [1;33mUPDATE[0;0m a2fe-82b0/tplx
[38;2;200;200;200m[640/914][0;0m [38;2;200;200;200m [0;0m ⏺ Updating fingerprint showcases/visualizer/canvas/physicallinkactivity -c Mobile for 500s [1;33mUPDATE[0;0m 6567-ee41/tplx
[38;2;200;200;200m[641/914][0;0m [38;2;200;200;200m [0;0m ⏺ Updating fingerprint showcases/visualizer/canvas/transportpathactivity -c EnablingPathVisualizationWireless for 500s [1;33mUPDATE[0;0m d6ca-cd2f/tplx
[38;2;200;200;200m[642/914][0;0m [38;2;200;200;200m [0;0m ⏺ Updating fingerprint showcases/visualizer/canvas/radiomediumactivity -c InterferingSignals for 1000s [1;33mINSERT[0;0m b5cd-def6/tplx
[38;2;200;200;200m[643/914][0;0m [38;2;200;200;200m [0;0m ⏺ Updating fingerprint showcases/visualizer/canvas/transportpathactivity -c EnablingPathVisualizationWired for 500s [1;33mUPDATE[0;0m faa1-bb96/tplx
[38;2;200;200;200m[644/914][0;0m [38;2;200;200;200m [0;0m ⏺ Updating fingerprint showcases/visualizer/canvas/submoduleinfo -c MACStates for 5s [1;33mUPDATE[0;0m 3313-475d/tplx
[38;2;200;200;200m[645/914][0;0m [38;2;200;200;200m [0;0m ⏺ Updating fingerprint showcases/visualizer/canvas/transportpathactivity -c Filtering for 100s [1;33mUPDATE[0;0m f0ad-f5a3/tplx
[38;2;200;200;200m[646/914][0;0m [38;2;200;200;200m [0;0m ⏺ Updating fingerprint showcases/visualizer/canvas/submoduleinfo -c PacketCounts for 5s [1;33mUPDATE[0;0m 3313-475d/tplx
[38;2;200;200;200m[647/914][0;0m [38;2;200;200;200m [0;0m ⏺ Updating fingerprint showcases/wireless/analogmodel -c Routing for 5s [1;33mUPDATE[0;0m e5d5-e111/tplx
[38;2;200;200;200m[648/914][0;0m [38;2;200;200;200m [0;0m ⏺ Updating fingerprint showcases/visualizer/canvas/routingtable -c Dynamic for 500s [1;33mUPDATE[0;0m fd54-46ee/tplx
[38;2;200;200;200m[649/914][0;0m [38;2;200;200;200m [0;0m ⏺ Updating fingerprint showcases/wireless/analogmodel -c Noise for 0.1s [1;33mUPDATE[0;0m cb2c-9afe/tplx
[38;2;200;200;200m[650/914][0;0m [38;2;200;200;200m [0;0m ⏺ Updating fingerprint showcases/wireless/analogmodel -c Distance for 2.5s [1;33mUPDATE[0;0m c206-3874/tplx
[38;2;200;200;200m[651/914][0;0m [38;2;200;200;200m [0;0m ⏺ Updating fingerprint showcases/wireless/coexistence -c WpanHosts for 5s [1;33mUPDATE[0;0m 399e-18db/tplx
[38;2;200;200;200m[652/914][0;0m [38;2;200;200;200m [0;0m ⏺ Updating fingerprint showcases/wireless/crosstalk -c CompletelyOverlappingFrequencyBands for 1s [1;33mUPDATE[0;0m 8e6d-c20e/tplx
[38;2;200;200;200m[653/914][0;0m [38;2;200;200;200m [0;0m ⏺ Updating fingerprint showcases/wireless/blockack -c Fragmentation for 1s [1;33mUPDATE[0;0m 515f-aa93/tplx
[38;2;200;200;200m[654/914][0;0m [38;2;200;200;200m [0;0m ⏺ Updating fingerprint showcases/wireless/blockack for 1s [1;33mINSERT[0;0m 7b22-85db/tplx
[38;2;200;200;200m[655/914][0;0m [38;2;200;200;200m [0;0m ⏺ Updating fingerprint showcases/visualizer/canvas/transportconnection -c MultipleConnections for 2s [1;33mUPDATE[0;0m 9f53-c036/tplx
[38;2;200;200;200m[656/914][0;0m [38;2;200;200;200m [0;0m ⏺ Updating fingerprint showcases/wireless/crosstalk -c IndependentFrequencyBandsOneRadioMediumModule for 1s [1;33mUPDATE[0;0m 1e19-dfc5/tplx
[38;2;200;200;200m[657/914][0;0m [38;2;200;200;200m [0;0m ⏺ Updating fingerprint showcases/wireless/blockack -c NoFragmentation for 1s [1;33mUPDATE[0;0m 7b22-85db/tplx
[38;2;200;200;200m[658/914][0;0m [38;2;200;200;200m [0;0m ⏺ Updating fingerprint showcases/wireless/crosstalk -c IndependentFrequencyBandsTwoRadioMediumModules for 1s [1;33mUPDATE[0;0m e0ea-b911/tplx
[38;2;200;200;200m[659/914][0;0m [38;2;200;200;200m [0;0m ⏺ Updating fingerprint examples/ospfv2/areatests -c backboneandtwostubs for 1000s [1;33mINSERT[0;0m f24a-1fec/tplx
[38;2;200;200;200m[660/914][0;0m [38;2;200;200;200m [0;0m ⏺ Updating fingerprint showcases/wireless/crosstalk -c PartiallyOverlappingFrequencyBands for 1s [1;33mUPDATE[0;0m 422d-75fe/tplx
[38;2;200;200;200m[661/914][0;0m [38;2;200;200;200m [0;0m ⏺ Updating fingerprint examples/mrp -c LargeNetworkWithTraffic for 3s [1;33mUPDATE[0;0m fc90-5893/tplx
[38;2;200;200;200m[662/914][0;0m [38;2;200;200;200m [0;0m ⏺ Updating fingerprint showcases/wireless/directionalantennas -c CosineAntenna for 360s [1;33mUPDATE[0;0m d23f-4582/tplx
[38;2;200;200;200m[663/914][0;0m [38;2;200;200;200m [0;0m ⏺ Updating fingerprint showcases/wireless/directionalantennas -c AxiallySymmetricAntenna for 360s [1;33mUPDATE[0;0m cb5e-b9ea/tplx
[38;2;200;200;200m[664/914][0;0m [38;2;200;200;200m [0;0m ⏺ Updating fingerprint showcases/wireless/directionalantennas -c ParabolicAntenna for 360s [1;33mUPDATE[0;0m 684f-20f0/tplx
[38;2;200;200;200m[665/914][0;0m [38;2;200;200;200m [0;0m ⏺ Updating fingerprint showcases/wireless/blockack -c MixedTraffic for 1s [1;33mUPDATE[0;0m de8b-f10a/tplx
[38;2;200;200;200m[666/914][0;0m [38;2;200;200;200m [0;0m ⏺ Updating fingerprint showcases/wireless/errorrate for 500s [1;33mINSERT[0;0m 5b22-0c1f/tplx
[38;2;200;200;200m[667/914][0;0m [38;2;200;200;200m [0;0m ⏺ Updating fingerprint showcases/wireless/directionalantennas -c IsotropicAntenna for 360s [1;33mUPDATE[0;0m 87fa-a910/tplx
[38;2;200;200;200m[668/914][0;0m [38;2;200;200;200m [0;0m ⏺ Updating fingerprint showcases/wireless/directionalantennas -c DipoleAntenna for 360s [1;33mUPDATE[0;0m 7083-5398/tplx
[38;2;200;200;200m[669/914][0;0m [38;2;200;200;200m [0;0m ⏺ Updating fingerprint showcases/wireless/fragmentation -c DCFnofrag for 10s [1;33mINSERT[0;0m fcab-fb8a/tplx
[38;2;200;200;200m[670/914][0;0m [38;2;200;200;200m [0;0m ⏺ Updating fingerprint showcases/visualizer/canvas/styling -c Annotation for 25s [1;33mUPDATE[0;0m a082-9adf/tplx
[38;2;200;200;200m[671/914][0;0m [38;2;200;200;200m [0;0m ⏺ Updating fingerprint showcases/visualizer/canvas/statistic -c PacketErrorRate for 25s [1;33mUPDATE[0;0m 3c46-07cb/tplx
[38;2;200;200;200m[672/914][0;0m [38;2;200;200;200m [0;0m ⏺ Updating fingerprint showcases/wireless/fragmentation -f parameterstudy.ini -c PacketSizeDCFnofrag for 1s [1;33mINSERT[0;0m ecf2-ca73/tplx
[38;2;200;200;200m[673/914][0;0m [38;2;200;200;200m [0;0m ⏺ Updating fingerprint showcases/visualizer/canvas/transportconnection -c EnablingVisualization for 2s [1;33mUPDATE[0;0m 3739-c5bb/tplx
[38;2;200;200;200m[674/914][0;0m [38;2;200;200;200m [0;0m ⏺ Updating fingerprint showcases/wireless/fragmentation -f parameterstudy.ini -c PacketSizeDCFfrag for 1s [1;33mINSERT[0;0m a651-2fd7/tplx
[38;2;200;200;200m[675/914][0;0m [38;2;200;200;200m [0;0m ⏺ Updating fingerprint showcases/wireless/fragmentation -f parameterstudy.ini -c PacketSizeHCFfrag for 1s [1;33mINSERT[0;0m b330-a166/tplx
[38;2;200;200;200m[676/914][0;0m [38;2;200;200;200m [0;0m ⏺ Updating fingerprint showcases/wireless/fragmentation -c DCFfrag for 10s [1;33mINSERT[0;0m 7646-c030/tplx
[38;2;200;200;200m[677/914][0;0m [38;2;200;200;200m [0;0m ⏺ Updating fingerprint showcases/wireless/fragmentation -f parameterstudy.ini -c TxPowerDCFfrag for 10s [1;33mINSERT[0;0m fe5b-053e/tplx
[38;2;200;200;200m[678/914][0;0m [38;2;200;200;200m [0;0m ⏺ Updating fingerprint showcases/visualizer/canvas/styling -c Icon for 25s [1;33mUPDATE[0;0m 8966-29f8/tplx
[38;2;200;200;200m[679/914][0;0m [38;2;200;200;200m [0;0m ⏺ Updating fingerprint showcases/wireless/fragmentation -f parameterstudy.ini -c TxPowerDCFnofrag for 10s [1;33mINSERT[0;0m e60f-7792/tplx
[38;2;200;200;200m[680/914][0;0m [38;2;200;200;200m [0;0m ⏺ Updating fingerprint showcases/wireless/coexistence -c WifiHosts for 5s [1;33mUPDATE[0;0m ecf7-1090/tplx
[38;2;200;200;200m[681/914][0;0m [38;2;200;200;200m [0;0m ⏺ Updating fingerprint showcases/wireless/fragmentation -f parameterstudy.ini -c PacketSizeHCFfragblockack for 1s [1;33mINSERT[0;0m 5de7-c868/tplx
[38;2;200;200;200m[682/914][0;0m [38;2;200;200;200m [0;0m ⏺ Updating fingerprint showcases/wireless/coexistence -c Coexistence for 5s [1;33mUPDATE[0;0m 7738-2871/tplx
[38;2;200;200;200m[683/914][0;0m [38;2;200;200;200m [0;0m ⏺ Updating fingerprint showcases/wireless/hiddennode -c WallOffRtsOff for 5s [1;33mUPDATE[0;0m abf5-d5d9/tplx
[1;33mSTDERR [0;36mopp_run_release [0;0m<!> Error: Unknown sequence number: 4095 -- in module (inet::ieee80211::RecipientQosMacDataService) FragmentationShowcase.wifiHost2.wlan[0].mac.hcf.recipientMacDataService (id=170), at t=4.100042698544s, event #279216
[38;2;200;200;200m[684/914][0;0m [38;2;200;200;200m [0;0m ⏺ Updating fingerprint showcases/wireless/handover for 250s [1;33mUPDATE[0;0m ad76-9b0e/tplx
[38;2;200;200;200m[685/914][0;0m [38;2;200;200;200m [0;0m ⏺ Updating fingerprint showcases/wireless/fragmentation -f parameterstudy.ini -c OnlyPacketSizeHCFfragblockack for 10s [1;31mERROR[0;0m None Unknown sequence number: 4095 (Calculated fingerprint not found)
[38;2;200;200;200m[686/914][0;0m [38;2;200;200;200m [0;0m ⏺ Updating fingerprint showcases/wireless/fragmentation -f parameterstudy.ini -c OnlyPacketSizeDCFnofrag for 10s [1;33mINSERT[0;0m 65fc-ffa3/tplx
[38;2;200;200;200m[687/914][0;0m [38;2;200;200;200m [0;0m ⏺ Updating fingerprint showcases/wireless/pathloss for 9.14ms [1;33mINSERT[0;0m 549f-c7f1/tplx
[38;2;200;200;200m[688/914][0;0m [38;2;200;200;200m [0;0m ⏺ Updating fingerprint showcases/wireless/fragmentation -f parameterstudy.ini -c OnlyPacketSizeDCFfrag for 10s [1;33mINSERT[0;0m 65fc-ffa3/tplx
[38;2;200;200;200m[689/914][0;0m [38;2;200;200;200m [0;0m ⏺ Updating fingerprint showcases/wireless/hiddennode -c WallOffRtsOn for 5s [1;33mUPDATE[0;0m eb8a-a6ab/tplx
[38;2;200;200;200m[690/914][0;0m [38;2;200;200;200m [0;0m ⏺ Updating fingerprint showcases/wireless/hiddennode -c WallOnRtsOff for 5s [1;33mUPDATE[0;0m efc9-a238/tplx
[38;2;200;200;200m[691/914][0;0m [38;2;200;200;200m [0;0m ⏺ Updating fingerprint showcases/wireless/multiradio for 100s [1;33mUPDATE[0;0m c45d-8da1/tplx
[38;2;200;200;200m[692/914][0;0m [38;2;200;200;200m [0;0m ⏺ Updating fingerprint showcases/wireless/hiddennode -c WallOnRtsOn for 5s [1;33mUPDATE[0;0m ddd4-6029/tplx
[38;2;200;200;200m[693/914][0;0m [38;2;200;200;200m [0;0m ⏺ Updating fingerprint showcases/wireless/fragmentation -c HCFfrag for 10s [1;33mINSERT[0;0m f9ef-b224/tplx
[38;2;200;200;200m[694/914][0;0m [38;2;200;200;200m [0;0m ⏺ Updating fingerprint showcases/wireless/fragmentation -f parameterstudy.ini -c TxPowerHCFfragblockack for 10s [1;33mINSERT[0;0m 5b43-2ce7/tplx
[38;2;200;200;200m[695/914][0;0m [38;2;200;200;200m [0;0m ⏺ Updating fingerprint showcases/wireless/sensornetwork -c BMac for 25s [1;33mUPDATE[0;0m 3d11-06e1/tplx
[38;2;200;200;200m[696/914][0;0m [38;2;200;200;200m [0;0m ⏺ Updating fingerprint showcases/wireless/ieee802154 -c Ieee802154Power for 100s [1;33mUPDATE[0;0m 374b-e5d7/tplx
[38;2;200;200;200m[697/914][0;0m [38;2;200;200;200m [0;0m ⏺ Updating fingerprint showcases/wireless/sensornetwork -c LMac for 25s [1;33mUPDATE[0;0m a003-856f/tplx
[38;2;200;200;200m[698/914][0;0m [38;2;200;200;200m [0;0m ⏺ Updating fingerprint showcases/wireless/fragmentation -f parameterstudy.ini -c TxPowerHCFfrag for 10s [1;33mINSERT[0;0m b124-0b4f/tplx
[38;2;200;200;200m[699/914][0;0m [38;2;200;200;200m [0;0m ⏺ Updating fingerprint showcases/wireless/sensornetwork -c StatisticBMac for 25s [1;33mINSERT[0;0m a869-a32a/tplx
[1;33mSTDERR [0;36mopp_run_release [0;0m<!> Error: I am still sending a message, while a new slot is starting!
[1;33mSTDERR [0;36mopp_run_release [0;0m -- in module (inet::LMac) SensorNetworkShowcaseB.sensor3.wlan[0].mac (id=208), at t=0.43s, event #2113
[38;2;200;200;200m[700/914][0;0m [38;2;200;200;200m [0;0m ⏺ Updating fingerprint showcases/wireless/sensornetwork -c StatisticLMac for 25s [1;31mERROR[0;0m None I am still sending a message, while a new slot is starting! (Calculated fingerprint not found)
[38;2;200;200;200m[701/914][0;0m [38;2;200;200;200m [0;0m ⏺ Updating fingerprint showcases/wireless/sensornetwork -c StatisticXMac for 25s [1;33mINSERT[0;0m 26fc-578a/tplx
[38;2;200;200;200m[702/914][0;0m [38;2;200;200;200m [0;0m ⏺ Updating fingerprint showcases/wireless/sensornetwork -c XMac for 25s [1;33mUPDATE[0;0m b496-ce67/tplx
[38;2;200;200;200m[703/914][0;0m [38;2;200;200;200m [0;0m ⏺ Updating fingerprint showcases/wireless/aggregation -c NoAggregation for 10s [1;33mINSERT[0;0m a97d-8f1d/tplx
[38;2;200;200;200m[704/914][0;0m [38;2;200;200;200m [0;0m ⏺ Updating fingerprint tests/fingerprint -f ethernet-nonstandardspeed.ini for 5s [1;33mINSERT[0;0m 806b-52da/tplx
[38;2;200;200;200m[705/914][0;0m [38;2;200;200;200m [0;0m ⏺ Updating fingerprint tests/fingerprint -f ethernet-hub.ini for 100s [1;33mUPDATE[0;0m b515-e044/tplx
[38;2;200;200;200m[706/914][0;0m [38;2;200;200;200m [0;0m ⏺ Updating fingerprint tests/fingerprint -f ethernet-switch.ini for 10s [1;33mUPDATE[0;0m 474e-a200/tplx
[38;2;200;200;200m[707/914][0;0m [38;2;200;200;200m [0;0m ⏺ Updating fingerprint examples/ospfv2/areatests -c backboneandonestub for 1000s [1;33mINSERT[0;0m 4a28-f269/tplx
[38;2;200;200;200m[708/914][0;0m [38;2;200;200;200m [0;0m ⏺ Updating fingerprint tests/fingerprint -f ethernet-hub-reconnect.ini for 5.2s [1;33mUPDATE[0;0m 2774-485f/tplx
[38;2;200;200;200m[709/914][0;0m [38;2;200;200;200m [0;0m ⏺ Updating fingerprint showcases/wireless/throughput for 1s [1;33mUPDATE[0;0m 34b0-8977/tplx
[38;2;200;200;200m[710/914][0;0m [38;2;200;200;200m [0;0m ⏺ Updating fingerprint tests/fingerprint -f ethernet-bus-reconnect.ini for 5.2s [1;33mUPDATE[0;0m 1422-c9b7/tplx
[38;2;200;200;200m[711/914][0;0m [38;2;200;200;200m [0;0m ⏺ Updating fingerprint tests/fingerprint -f ethernet-twohosts.ini for 1000s [1;33mINSERT[0;0m 21c5-2178/tplx
[38;2;200;200;200m[712/914][0;0m [38;2;200;200;200m [0;0m ⏺ Updating fingerprint tutorials/bgp -c Step1 for 1000s [1;33mINSERT[0;0m 2ab4-e12e/tplx
[38;2;200;200;200m[713/914][0;0m [38;2;200;200;200m [0;0m ⏺ Updating fingerprint showcases/wireless/fragmentation -f parameterstudy.ini -c OnlyPacketSizeHCFfrag for 10s [1;33mINSERT[0;0m 3516-00e2/tplx
[38;2;200;200;200m[714/914][0;0m [38;2;200;200;200m [0;0m ⏺ Updating fingerprint showcases/wireless/fragmentation -f parameterstudy.ini -c ThresholdDCFfrag for 10s [1;33mINSERT[0;0m 51fb-f7b8/tplx
[38;2;200;200;200m[715/914][0;0m [38;2;200;200;200m [0;0m ⏺ Updating fingerprint tutorials/bgp -c Step10 for 1000s [1;33mINSERT[0;0m 6637-e53c/tplx
[38;2;200;200;200m[716/914][0;0m [38;2;200;200;200m [0;0m ⏺ Updating fingerprint tutorials/bgp -c Step11 for 1000s [1;33mINSERT[0;0m e5c3-3b83/tplx
[38;2;200;200;200m[717/914][0;0m [38;2;200;200;200m [0;0m ⏺ Updating fingerprint tests/validation/tsn/framereplication for 0.1s [1;33mINSERT[0;0m d226-ec2b/tplx
[38;2;200;200;200m[718/914][0;0m [38;2;200;200;200m [0;0m ⏺ Updating fingerprint showcases/wireless/power for 100s [1;33mUPDATE[0;0m 2528-d8d1/tplx
[38;2;200;200;200m[719/914][0;0m [38;2;200;200;200m [0;0m ⏺ Updating fingerprint tests/validation/tsn/trafficshaping/asynchronousshaper/icct for 0.1s [1;33mINSERT[0;0m cab1-f177/tplx
[38;2;200;200;200m[720/914][0;0m [38;2;200;200;200m [0;0m ⏺ Updating fingerprint tutorials/bgp -c Step4 for 1000s [1;33mINSERT[0;0m 812f-7dcb/tplx
[38;2;200;200;200m[721/914][0;0m [38;2;200;200;200m [0;0m ⏺ Updating fingerprint showcases/wireless/aggregation -c Aggregation for 10s [1;33mINSERT[0;0m af8b-3830/tplx
[38;2;200;200;200m[722/914][0;0m [38;2;200;200;200m [0;0m ⏺ Updating fingerprint tutorials/bgp -c Step2 for 1000s [1;33mINSERT[0;0m 3333-f3e9/tplx
[38;2;200;200;200m[723/914][0;0m [38;2;200;200;200m [0;0m ⏺ Updating fingerprint tutorials/bgp -c Step5 for 1000s [1;33mINSERT[0;0m 003b-40bb/tplx
[38;2;200;200;200m[724/914][0;0m [38;2;200;200;200m [0;0m ⏺ Updating fingerprint tutorials/bgp -c Step3 for 1000s [1;33mINSERT[0;0m 96fc-20b0/tplx
[38;2;200;200;200m[725/914][0;0m [38;2;200;200;200m [0;0m ⏺ Updating fingerprint showcases/measurement/flow -c AnyLocation for 5s [1;33mINSERT[0;0m 03e0-4e4c/tplx
[38;2;200;200;200m[726/914][0;0m [38;2;200;200;200m [0;0m ⏺ Updating fingerprint showcases/wireless/qos -c NonQos for 10s [1;33mUPDATE[0;0m 8d3a-f6a9/tplx
[38;2;200;200;200m[727/914][0;0m [38;2;200;200;200m [0;0m ⏺ Updating fingerprint tutorials/configurator -c Step10A for 100s [1;33mUPDATE[0;0m 96cc-c87c/tplx
[38;2;200;200;200m[728/914][0;0m [38;2;200;200;200m [0;0m ⏺ Updating fingerprint tutorials/configurator -c Step1 for 500s [0;32mKEEP[0;0m 0000-0000/tplx
[38;2;200;200;200m[729/914][0;0m [38;2;200;200;200m [0;0m ⏺ Updating fingerprint showcases/wireless/txop for 5s [1;33mUPDATE[0;0m 8ee5-06b0/tplx
[38;2;200;200;200m[730/914][0;0m [38;2;200;200;200m [0;0m ⏺ Updating fingerprint tutorials/bgp -c Step4a for 1000s [1;33mINSERT[0;0m 6fad-a523/tplx
[38;2;200;200;200m[731/914][0;0m [38;2;200;200;200m [0;0m ⏺ Updating fingerprint tutorials/configurator -c Step10B for 100s [1;33mUPDATE[0;0m 96cc-c87c/tplx
[38;2;200;200;200m[732/914][0;0m [38;2;200;200;200m [0;0m ⏺ Updating fingerprint tutorials/configurator -c Step10C for 100s [1;33mUPDATE[0;0m e452-47b4/tplx
[38;2;200;200;200m[733/914][0;0m [38;2;200;200;200m [0;0m ⏺ Updating fingerprint showcases/wireless/fragmentation -f parameterstudy.ini -c ThresholdHCFfrag for 10s [1;33mINSERT[0;0m 28d9-bee6/tplx
[38;2;200;200;200m[734/914][0;0m [38;2;200;200;200m [0;0m ⏺ Updating fingerprint tutorials/bgp -c Step5b for 1000s [1;33mINSERT[0;0m 26df-4411/tplx
[38;2;200;200;200m[735/914][0;0m [38;2;200;200;200m [0;0m ⏺ Updating fingerprint tutorials/configurator -c Step11A for 500s [0;32mKEEP[0;0m 0000-0000/tplx
[38;2;200;200;200m[736/914][0;0m [38;2;200;200;200m [0;0m ⏺ Updating fingerprint tutorials/bgp -c Step5a for 1000s [1;33mINSERT[0;0m 205f-8722/tplx
[38;2;200;200;200m[737/914][0;0m [38;2;200;200;200m [0;0m ⏺ Updating fingerprint tutorials/configurator -c Step2 for 500s [0;32mKEEP[0;0m 0000-0000/tplx
[38;2;200;200;200m[738/914][0;0m [38;2;200;200;200m [0;0m ⏺ Updating fingerprint showcases/wireless/fragmentation -c HCFfragblockack for 10s [1;33mINSERT[0;0m 45ce-fff7/tplx
[38;2;200;200;200m[739/914][0;0m [38;2;200;200;200m [0;0m ⏺ Updating fingerprint tutorials/configurator -c Step3 for 500s [0;32mKEEP[0;0m 0000-0000/tplx
[38;2;200;200;200m[740/914][0;0m [38;2;200;200;200m [0;0m ⏺ Updating fingerprint tutorials/bgp -c Step9 for 1000s [1;33mINSERT[0;0m 8810-bd17/tplx
[38;2;200;200;200m[741/914][0;0m [38;2;200;200;200m [0;0m ⏺ Updating fingerprint showcases/wireless/qos -c Qos for 10s [1;33mUPDATE[0;0m b6ae-01c8/tplx
[38;2;200;200;200m[742/914][0;0m [38;2;200;200;200m [0;0m ⏺ Updating fingerprint tutorials/configurator -c Step4 for 500s [1;33mUPDATE[0;0m 4f49-5e26/tplx
[38;2;200;200;200m[743/914][0;0m [38;2;200;200;200m [0;0m ⏺ Updating fingerprint tutorials/configurator -c Step11B for 500s [1;33mUPDATE[0;0m 9886-f4cc/tplx
[38;2;200;200;200m[744/914][0;0m [38;2;200;200;200m [0;0m ⏺ Updating fingerprint tutorials/configurator -c Step12 for 100s [1;33mUPDATE[0;0m 136d-fcf7/tplx
[38;2;200;200;200m[745/914][0;0m [38;2;200;200;200m [0;0m ⏺ Updating fingerprint tutorials/configurator -c Step5A for 500s [1;33mUPDATE[0;0m bb4f-2668/tplx
[38;2;200;200;200m[746/914][0;0m [38;2;200;200;200m [0;0m ⏺ Updating fingerprint tutorials/configurator -c Step5B for 500s [1;33mUPDATE[0;0m 4888-3f7a/tplx
[38;2;200;200;200m[747/914][0;0m [38;2;200;200;200m [0;0m ⏺ Updating fingerprint tutorials/configurator -c Step6A for 500s [1;33mUPDATE[0;0m 016e-869f/tplx
[38;2;200;200;200m[748/914][0;0m [38;2;200;200;200m [0;0m ⏺ Updating fingerprint tutorials/bgp -c Step7 for 1000s [1;33mINSERT[0;0m 21f3-3c50/tplx
[38;2;200;200;200m[749/914][0;0m [38;2;200;200;200m [0;0m ⏺ Updating fingerprint tutorials/configurator -c Step7A for 500s [0;32mKEEP[0;0m 0000-0000/tplx
[38;2;200;200;200m[750/914][0;0m [38;2;200;200;200m [0;0m ⏺ Updating fingerprint tutorials/configurator -c Step6B for 500s [1;33mUPDATE[0;0m 016e-869f/tplx
[38;2;200;200;200m[751/914][0;0m [38;2;200;200;200m [0;0m ⏺ Updating fingerprint tutorials/configurator -c Step7C for 500s [0;32mKEEP[0;0m 0000-0000/tplx
[38;2;200;200;200m[752/914][0;0m [38;2;200;200;200m [0;0m ⏺ Updating fingerprint tutorials/configurator -c Step7B for 500s [0;32mKEEP[0;0m 0000-0000/tplx
[38;2;200;200;200m[753/914][0;0m [38;2;200;200;200m [0;0m ⏺ Updating fingerprint tutorials/bgp -c Step8 for 1000s [1;33mINSERT[0;0m 78f3-3572/tplx
[38;2;200;200;200m[754/914][0;0m [38;2;200;200;200m [0;0m ⏺ Updating fingerprint tutorials/bgp -c Step6 for 1000s [1;33mINSERT[0;0m 2fae-8cae/tplx
[38;2;200;200;200m[755/914][0;0m [38;2;200;200;200m [0;0m ⏺ Updating fingerprint tutorials/fingerprint -c Ethernet for 0.2s [1;33mINSERT[0;0m 6325-3a21/tplx
[38;2;200;200;200m[756/914][0;0m [38;2;200;200;200m [0;0m ⏺ Updating fingerprint tutorials/configurator -c Step8B for 100s [1;33mUPDATE[0;0m c2ea-f31c/tplx
[38;2;200;200;200m[757/914][0;0m [38;2;200;200;200m [0;0m ⏺ Updating fingerprint tutorials/configurator -c Step8A for 100s [1;33mUPDATE[0;0m a38a-9cf5/tplx
[38;2;200;200;200m[758/914][0;0m [38;2;200;200;200m [0;0m ⏺ Updating fingerprint tutorials/configurator -c Step9 for 100s [1;33mUPDATE[0;0m 9ad7-cb9e/tplx
[38;2;200;200;200m[759/914][0;0m [38;2;200;200;200m [0;0m ⏺ Updating fingerprint tutorials/fingerprint -c EthernetShortPacket for 0.2s [1;33mINSERT[0;0m 53d3-5b55/tplx
[38;2;200;200;200m[760/914][0;0m [38;2;200;200;200m [0;0m ⏺ Updating fingerprint tutorials/ospf -c Step11 for 1000s [1;33mINSERT[0;0m f5e1-f5a8/tplx
[38;2;200;200;200m[761/914][0;0m [38;2;200;200;200m [0;0m ⏺ Updating fingerprint tutorials/ospf -c Step10a for 1000s [1;33mINSERT[0;0m 7cc1-436c/tplx
[38;2;200;200;200m[762/914][0;0m [38;2;200;200;200m [0;0m ⏺ Updating fingerprint tutorials/ospf -c Step10b for 1000s [1;33mINSERT[0;0m 26cc-e82b/tplx
[38;2;200;200;200m[763/914][0;0m [38;2;200;200;200m [0;0m ⏺ Updating fingerprint tutorials/ospf -c Step10d for 1000s [1;33mINSERT[0;0m 7399-40be/tplx
[38;2;200;200;200m[764/914][0;0m [38;2;200;200;200m [0;0m ⏺ Updating fingerprint tutorials/ospf -c Step10 for 1000s [1;33mINSERT[0;0m 7f46-2aa3/tplx
[38;2;200;200;200m[765/914][0;0m [38;2;200;200;200m [0;0m ⏺ Updating fingerprint tutorials/ospf -c Step12 for 1000s [1;33mINSERT[0;0m 5128-48f9/tplx
[38;2;200;200;200m[766/914][0;0m [38;2;200;200;200m [0;0m ⏺ Updating fingerprint tutorials/ospf -c Step13 for 1000s [1;33mINSERT[0;0m 1453-9124/tplx
[38;2;200;200;200m[767/914][0;0m [38;2;200;200;200m [0;0m ⏺ Updating fingerprint tutorials/ospf -c Step14 for 1000s [1;33mINSERT[0;0m dab4-97b1/tplx
[38;2;200;200;200m[768/914][0;0m [38;2;200;200;200m [0;0m ⏺ Updating fingerprint tutorials/ospf -c Step15 for 1000s [1;33mINSERT[0;0m 59bf-fba0/tplx
[38;2;200;200;200m[769/914][0;0m [38;2;200;200;200m [0;0m ⏺ Updating fingerprint tutorials/ospf -c Step17 for 1000s [1;33mINSERT[0;0m 3c8f-39c5/tplx
[38;2;200;200;200m[770/914][0;0m [38;2;200;200;200m [0;0m ⏺ Updating fingerprint tutorials/ospf -c Step18a for 1000s [1;33mINSERT[0;0m ce3f-39fa/tplx
[38;2;200;200;200m[771/914][0;0m [38;2;200;200;200m [0;0m ⏺ Updating fingerprint tutorials/ospf -c Step18 for 1000s [1;33mINSERT[0;0m 929f-8a9a/tplx
[38;2;200;200;200m[772/914][0;0m [38;2;200;200;200m [0;0m ⏺ Updating fingerprint tutorials/ospf -c Step17a for 1000s [1;33mINSERT[0;0m ec23-de1e/tplx
[38;2;200;200;200m[773/914][0;0m [38;2;200;200;200m [0;0m ⏺ Updating fingerprint tutorials/ospf -c Step18c for 1000s [1;33mINSERT[0;0m c4f7-00a8/tplx
[38;2;200;200;200m[774/914][0;0m [38;2;200;200;200m [0;0m ⏺ Updating fingerprint tutorials/ospf -c Step17b for 1000s [1;33mINSERT[0;0m bf5b-2bf8/tplx
[38;2;200;200;200m[775/914][0;0m [38;2;200;200;200m [0;0m ⏺ Updating fingerprint tutorials/ospf -c Step1 for 1000s [1;33mINSERT[0;0m a937-694c/tplx
[38;2;200;200;200m[776/914][0;0m [38;2;200;200;200m [0;0m ⏺ Updating fingerprint tutorials/ospf -c Step18b for 1000s [1;33mINSERT[0;0m 929f-8a9a/tplx
[38;2;200;200;200m[777/914][0;0m [38;2;200;200;200m [0;0m ⏺ Updating fingerprint tutorials/ospf -c Step18d for 1000s [1;33mINSERT[0;0m d422-57a2/tplx
[38;2;200;200;200m[778/914][0;0m [38;2;200;200;200m [0;0m ⏺ Updating fingerprint tutorials/ospf -c Step16 for 1000s [1;33mINSERT[0;0m 2906-3656/tplx
[38;2;200;200;200m[779/914][0;0m [38;2;200;200;200m [0;0m ⏺ Updating fingerprint showcases/tsn/trafficshaping/cbsandtas for 10s [1;33mINSERT[0;0m 7dba-056f/tplx
[38;2;200;200;200m[780/914][0;0m [38;2;200;200;200m [0;0m ⏺ Updating fingerprint tutorials/ospf -c Step23 for 1000s [1;33mINSERT[0;0m 676e-63aa/tplx
[38;2;200;200;200m[781/914][0;0m [38;2;200;200;200m [0;0m ⏺ Updating fingerprint tutorials/ospf -c Step22 for 1000s [1;33mINSERT[0;0m ce37-b0f9/tplx
[38;2;200;200;200m[782/914][0;0m [38;2;200;200;200m [0;0m ⏺ Updating fingerprint tutorials/ospf -c Step19 for 1000s [1;33mINSERT[0;0m 3621-41ee/tplx
[38;2;200;200;200m[783/914][0;0m [38;2;200;200;200m [0;0m ⏺ Updating fingerprint tutorials/ospf -c Step18e for 1000s [1;33mINSERT[0;0m 1fdc-dadc/tplx
[38;2;200;200;200m[784/914][0;0m [38;2;200;200;200m [0;0m ⏺ Updating fingerprint tests/validation/tsn/trafficshaping/creditbasedshaper for 1s [1;33mINSERT[0;0m 5c06-6fb9/tplx
[38;2;200;200;200m[785/914][0;0m [38;2;200;200;200m [0;0m ⏺ Updating fingerprint tutorials/protocol -f Network90.ini [1;31mERROR[0;0m[1;33m (unexpected)[0;0m (Exception during task execution) AttributeError("'NoneType' object has no attribute 'stdout'")
[38;2;200;200;200m[786/914][0;0m [38;2;200;200;200m [0;0m ⏺ Updating fingerprint tutorials/protocol -f Network91.ini [1;31mERROR[0;0m[1;33m (unexpected)[0;0m (Exception during task execution) AttributeError("'NoneType' object has no attribute 'stdout'")
[38;2;200;200;200m[787/914][0;0m [38;2;200;200;200m [0;0m ⏺ Updating fingerprint tutorials/protocol -c Network1 [1;31mERROR[0;0m[1;33m (unexpected)[0;0m (Exception during task execution) AttributeError("'NoneType' object has no attribute 'stdout'")
[38;2;200;200;200m[788/914][0;0m [38;2;200;200;200m [0;0m ⏺ Updating fingerprint tutorials/protocol -c Network2 [1;31mERROR[0;0m[1;33m (unexpected)[0;0m (Exception during task execution) AttributeError("'NoneType' object has no attribute 'stdout'")
[38;2;200;200;200m[789/914][0;0m [38;2;200;200;200m [0;0m ⏺ Updating fingerprint tutorials/protocol -c Network3 [1;31mERROR[0;0m[1;33m (unexpected)[0;0m (Exception during task execution) AttributeError("'NoneType' object has no attribute 'stdout'")
[38;2;200;200;200m[790/914][0;0m [38;2;200;200;200m [0;0m ⏺ Updating fingerprint tutorials/protocol -c Network4 [1;31mERROR[0;0m[1;33m (unexpected)[0;0m (Exception during task execution) AttributeError("'NoneType' object has no attribute 'stdout'")
[38;2;200;200;200m[791/914][0;0m [38;2;200;200;200m [0;0m ⏺ Updating fingerprint tutorials/protocol -c Network5 [1;31mERROR[0;0m[1;33m (unexpected)[0;0m (Exception during task execution) AttributeError("'NoneType' object has no attribute 'stdout'")
[38;2;200;200;200m[792/914][0;0m [38;2;200;200;200m [0;0m ⏺ Updating fingerprint tutorials/protocol -c Network6 [1;31mERROR[0;0m[1;33m (unexpected)[0;0m (Exception during task execution) AttributeError("'NoneType' object has no attribute 'stdout'")
[38;2;200;200;200m[793/914][0;0m [38;2;200;200;200m [0;0m ⏺ Updating fingerprint tutorials/protocol -c Network7 [1;31mERROR[0;0m[1;33m (unexpected)[0;0m (Exception during task execution) AttributeError("'NoneType' object has no attribute 'stdout'")
[38;2;200;200;200m[794/914][0;0m [38;2;200;200;200m [0;0m ⏺ Updating fingerprint showcases/tsn/trafficshaping/creditbasedshaper for 10s [1;33mINSERT[0;0m 1e56-2a8d/tplx
[38;2;200;200;200m[795/914][0;0m [38;2;200;200;200m [0;0m ⏺ Updating fingerprint tests/validation/tsn/trafficshaping/asynchronousshaper/core4inet for 1s [1;33mINSERT[0;0m b053-97ee/tplx
[38;2;200;200;200m[796/914][0;0m [38;2;200;200;200m [0;0m ⏺ Updating fingerprint tutorials/ospf -c Step21 for 1000s [1;33mINSERT[0;0m 547f-62bc/tplx
[38;2;200;200;200m[797/914][0;0m [38;2;200;200;200m [0;0m ⏺ Updating fingerprint tutorials/ospf -c Step20 for 1000s [1;33mINSERT[0;0m 4fc1-9e63/tplx
[38;2;200;200;200m[798/914][0;0m [38;2;200;200;200m [0;0m ⏺ Updating fingerprint tutorials/ospf -c Step3 for 1000s [1;33mINSERT[0;0m 534f-bf89/tplx
[38;2;200;200;200m[799/914][0;0m [38;2;200;200;200m [0;0m ⏺ Updating fingerprint showcases/tsn/streamfiltering/statistical -c NoStreamFiltering for 1s [1;33mINSERT[0;0m cc3c-a16e/tplx
[38;2;200;200;200m[800/914][0;0m [38;2;200;200;200m [0;0m ⏺ Updating fingerprint tutorials/queueing -c ActiveSourcePassiveSink for 10s [1;33mUPDATE[0;0m a7f5-0035/tplx
[38;2;200;200;200m[801/914][0;0m [38;2;200;200;200m [0;0m ⏺ Updating fingerprint tutorials/queueing -c Buffer for 10s [1;33mUPDATE[0;0m 8d3a-a21f/tplx
[38;2;200;200;200m[802/914][0;0m [38;2;200;200;200m [0;0m ⏺ Updating fingerprint tutorials/queueing -c CompoundQueue for 10s [1;33mUPDATE[0;0m aa36-82f2/tplx
[38;2;200;200;200m[803/914][0;0m [38;2;200;200;200m [0;0m ⏺ Updating fingerprint tutorials/queueing -c Comparator for 10s [1;33mUPDATE[0;0m 69f1-fbb6/tplx
[38;2;200;200;200m[804/914][0;0m [38;2;200;200;200m [0;0m ⏺ Updating fingerprint tutorials/ospf -c Step2 for 1000s [1;33mINSERT[0;0m 2861-629e/tplx
[38;2;200;200;200m[805/914][0;0m [38;2;200;200;200m [0;0m ⏺ Updating fingerprint tutorials/queueing -c Cloner for 10s [1;33mUPDATE[0;0m 6b40-2f8a/tplx
[38;2;200;200;200m[806/914][0;0m [38;2;200;200;200m [0;0m ⏺ Updating fingerprint tutorials/ospf -c Step2a for 1000s [1;33mINSERT[0;0m 1dca-00ea/tplx
[38;2;200;200;200m[807/914][0;0m [38;2;200;200;200m [0;0m ⏺ Updating fingerprint tutorials/queueing -c ContentBasedClassifier for 10s [1;33mUPDATE[0;0m 7cf2-ef56/tplx
[38;2;200;200;200m[808/914][0;0m [38;2;200;200;200m [0;0m ⏺ Updating fingerprint tutorials/ospf -c Step4 for 1000s [1;33mINSERT[0;0m c903-dff6/tplx
[38;2;200;200;200m[809/914][0;0m [38;2;200;200;200m [0;0m ⏺ Updating fingerprint tutorials/ospf -c Step25 for 1000s [1;33mINSERT[0;0m a937-694c/tplx
[38;2;200;200;200m[810/914][0;0m [38;2;200;200;200m [0;0m ⏺ Updating fingerprint tutorials/ospf -c Step24 for 1000s [1;33mINSERT[0;0m d40c-2009/tplx
[38;2;200;200;200m[811/914][0;0m [38;2;200;200;200m [0;0m ⏺ Updating fingerprint tutorials/queueing -c ContentBasedTagger for 10s [1;33mUPDATE[0;0m 1bda-a00b/tplx
[38;2;200;200;200m[812/914][0;0m [38;2;200;200;200m [0;0m ⏺ Updating fingerprint tutorials/ospf -c Step5 for 1000s [1;33mINSERT[0;0m fe66-b1c5/tplx
[38;2;200;200;200m[813/914][0;0m [38;2;200;200;200m [0;0m ⏺ Updating fingerprint tutorials/ospf -c Step4a for 1000s [1;33mINSERT[0;0m 5eb5-b897/tplx
[38;2;200;200;200m[814/914][0;0m [38;2;200;200;200m [0;0m ⏺ Updating fingerprint tutorials/queueing -c Delayer for 10s [1;33mUPDATE[0;0m 121d-0f19/tplx
[38;2;200;200;200m[815/914][0;0m [38;2;200;200;200m [0;0m ⏺ Updating fingerprint showcases/wireless/fragmentation -f parameterstudy.ini -c ThresholdHCFfragblockack for 10s [1;33mINSERT[0;0m cb06-3944/tplx
[38;2;200;200;200m[816/914][0;0m [38;2;200;200;200m [0;0m ⏺ Updating fingerprint tutorials/queueing -c ContentBasedScheduler for 10s [1;33mUPDATE[0;0m 0e6e-28f6/tplx
[38;2;200;200;200m[817/914][0;0m [38;2;200;200;200m [0;0m ⏺ Updating fingerprint tutorials/queueing -c Demultiplexer for 10s [1;33mUPDATE[0;0m a350-b1e0/tplx
[38;2;200;200;200m[818/914][0;0m [38;2;200;200;200m [0;0m ⏺ Updating fingerprint tutorials/queueing -c ExampleNetwork for 10s [1;33mUPDATE[0;0m d092-6286/tplx
[38;2;200;200;200m[819/914][0;0m [38;2;200;200;200m [0;0m ⏺ Updating fingerprint tutorials/queueing -c DropTailQueue for 10s [1;33mUPDATE[0;0m f74b-1e8b/tplx
[38;2;200;200;200m[820/914][0;0m [38;2;200;200;200m [0;0m ⏺ Updating fingerprint tutorials/queueing -c Filter2 for 10s [1;33mUPDATE[0;0m b42a-fbc7/tplx
[38;2;200;200;200m[821/914][0;0m [38;2;200;200;200m [0;0m ⏺ Updating fingerprint tutorials/queueing -c Filter1 for 10s [1;33mUPDATE[0;0m 2d74-f4ae/tplx
[38;2;200;200;200m[822/914][0;0m [38;2;200;200;200m [0;0m ⏺ Updating fingerprint tutorials/queueing -c Gate1 for 10s [1;33mUPDATE[0;0m 1500-a84b/tplx
[38;2;200;200;200m[823/914][0;0m [38;2;200;200;200m [0;0m ⏺ Updating fingerprint tutorials/ospf -c Step5a for 1000s [1;33mINSERT[0;0m e862-50ef/tplx
[38;2;200;200;200m[824/914][0;0m [38;2;200;200;200m [0;0m ⏺ Updating fingerprint tutorials/queueing -c Duplicator for 10s [1;33mUPDATE[0;0m 1649-6833/tplx
[38;2;200;200;200m[825/914][0;0m [38;2;200;200;200m [0;0m ⏺ Updating fingerprint tutorials/queueing -c Gate2 for 10s [1;33mUPDATE[0;0m 9a7c-7263/tplx
[38;2;200;200;200m[826/914][0;0m [38;2;200;200;200m [0;0m ⏺ Updating fingerprint tutorials/queueing -c GenericClassifier for 10s [1;33mUPDATE[0;0m 7d4c-e8c0/tplx
[38;2;200;200;200m[827/914][0;0m [38;2;200;200;200m [0;0m ⏺ Updating fingerprint tutorials/queueing -c GenericScheduler for 10s [1;33mUPDATE[0;0m 3812-4023/tplx
[38;2;200;200;200m[828/914][0;0m [38;2;200;200;200m [0;0m ⏺ Updating fingerprint tutorials/fingerprint -c Wifi for 5s [1;33mINSERT[0;0m 8994-d02f/tplx
[38;2;200;200;200m[829/914][0;0m [38;2;200;200;200m [0;0m ⏺ Updating fingerprint tutorials/fingerprint -c WifiShortPacket for 5s [1;33mINSERT[0;0m 406d-27d4/tplx
[38;2;200;200;200m[830/914][0;0m [38;2;200;200;200m [0;0m ⏺ Updating fingerprint examples/mpls/net37 for 500s [1;33mINSERT[0;0m 8aef-9c47/tplx
[38;2;200;200;200m[831/914][0;0m [38;2;200;200;200m [0;0m ⏺ Updating fingerprint tutorials/ospf -c Step8 for 1000s [1;33mINSERT[0;0m 04eb-f855/tplx
[38;2;200;200;200m[832/914][0;0m [38;2;200;200;200m [0;0m ⏺ Updating fingerprint tutorials/queueing -c MarkovScheduler for 100s [1;33mUPDATE[0;0m a927-8ba6/tplx
[38;2;200;200;200m[833/914][0;0m [38;2;200;200;200m [0;0m ⏺ Updating fingerprint tutorials/queueing -c MarkovClassifier for 100s [1;33mUPDATE[0;0m bb44-4e19/tplx
[38;2;200;200;200m[834/914][0;0m [38;2;200;200;200m [0;0m ⏺ Updating fingerprint tutorials/queueing -c Labeler for 10s [1;33mUPDATE[0;0m 14aa-9658/tplx
[38;2;200;200;200m[835/914][0;0m [38;2;200;200;200m [0;0m ⏺ Updating fingerprint tutorials/queueing -c InputQueueSwitching for 1000s [1;33mINSERT[0;0m e4c4-cce5/tplx
[38;2;200;200;200m[836/914][0;0m [38;2;200;200;200m [0;0m ⏺ Updating fingerprint tutorials/queueing -c Meter for 100s [1;33mUPDATE[0;0m cc62-f970/tplx
[38;2;200;200;200m[837/914][0;0m [38;2;200;200;200m [0;0m ⏺ Updating fingerprint tutorials/queueing -c LeakyBucket for 10s [1;33mUPDATE[0;0m 2235-fdff/tplx
[38;2;200;200;200m[838/914][0;0m [38;2;200;200;200m [0;0m ⏺ Updating fingerprint tutorials/queueing -c Multiplexer for 10s [1;33mUPDATE[0;0m 07f4-f39e/tplx
[38;2;200;200;200m[839/914][0;0m [38;2;200;200;200m [0;0m ⏺ Updating fingerprint tutorials/queueing -c OrdinalBasedDropper for 10s [1;33mUPDATE[0;0m 6e34-58f8/tplx
[38;2;200;200;200m[840/914][0;0m [38;2;200;200;200m [0;0m ⏺ Updating fingerprint tutorials/queueing -c OrdinalBasedDuplicator for 10s [1;33mUPDATE[0;0m 5eab-c8fe/tplx
[38;2;200;200;200m[841/914][0;0m [38;2;200;200;200m [0;0m ⏺ Updating fingerprint tutorials/queueing -c PacketBasedTokenGenerator for 10s [1;33mUPDATE[0;0m 33de-8b34/tplx
[38;2;200;200;200m[842/914][0;0m [38;2;200;200;200m [0;0m ⏺ Updating fingerprint tutorials/queueing -c PacketQueue for 10s [1;33mUPDATE[0;0m 90ed-2e78/tplx
[38;2;200;200;200m[843/914][0;0m [38;2;200;200;200m [0;0m ⏺ Updating fingerprint tutorials/queueing -c PriorityBuffer for 10s [1;33mUPDATE[0;0m d212-3da1/tplx
[38;2;200;200;200m[844/914][0;0m [38;2;200;200;200m [0;0m ⏺ Updating fingerprint tutorials/queueing -c PassiveSourceActiveSink for 10s [1;33mUPDATE[0;0m 55fd-f7dd/tplx
[38;2;200;200;200m[845/914][0;0m [38;2;200;200;200m [0;0m ⏺ Updating fingerprint tutorials/queueing -c PriorityClassifier for 10s [1;33mUPDATE[0;0m 95f8-a79f/tplx
[38;2;200;200;200m[846/914][0;0m [38;2;200;200;200m [0;0m ⏺ Updating fingerprint tutorials/ospf -c Step7 for 1000s [1;33mINSERT[0;0m ad5d-253d/tplx
[38;2;200;200;200m[847/914][0;0m [38;2;200;200;200m [0;0m ⏺ Updating fingerprint showcases/wireless/ratecontrol -c NoRateControl for 25s [1;33mINSERT[0;0m 31ba-4227/tplx
[38;2;200;200;200m[848/914][0;0m [38;2;200;200;200m [0;0m ⏺ Updating fingerprint tutorials/queueing -c OutputQueueSwitching for 1000s [1;33mINSERT[0;0m 73cf-cede/tplx
[38;2;200;200;200m[849/914][0;0m [38;2;200;200;200m [0;0m ⏺ Updating fingerprint tutorials/queueing -c PriorityScheduler for 10s [1;33mUPDATE[0;0m 67f9-8e48/tplx
[38;2;200;200;200m[850/914][0;0m [38;2;200;200;200m [0;0m ⏺ Updating fingerprint tutorials/queueing -c QueueBasedTokenGenerator for 10s [1;33mUPDATE[0;0m 0623-118f/tplx
[38;2;200;200;200m[851/914][0;0m [38;2;200;200;200m [0;0m ⏺ Updating fingerprint tutorials/queueing -c PriorityQueue for 10s [1;33mUPDATE[0;0m 4a23-b1a0/tplx
[38;2;200;200;200m[852/914][0;0m [38;2;200;200;200m [0;0m ⏺ Updating fingerprint tutorials/ospf -c Step6 for 1000s [1;33mINSERT[0;0m 5ddd-30d5/tplx
[38;2;200;200;200m[853/914][0;0m [38;2;200;200;200m [0;0m ⏺ Updating fingerprint tutorials/queueing -c QueueFiller for 10s [1;33mUPDATE[0;0m fbe9-56fb/tplx
[38;2;200;200;200m[854/914][0;0m [38;2;200;200;200m [0;0m ⏺ Updating fingerprint tutorials/queueing -c Tagger for 10s [1;33mUPDATE[0;0m 9aed-9a7b/tplx
[38;2;200;200;200m[855/914][0;0m [38;2;200;200;200m [0;0m ⏺ Updating fingerprint tutorials/queueing -c SignalBasedTokenGenerator for 10s [1;33mUPDATE[0;0m 4ba9-a181/tplx
[38;2;200;200;200m[856/914][0;0m [38;2;200;200;200m [0;0m ⏺ Updating fingerprint tutorials/queueing -c RedDropper for 100s [1;33mUPDATE[0;0m 0f37-fb20/tplx
[38;2;200;200;200m[857/914][0;0m [38;2;200;200;200m [0;0m ⏺ Updating fingerprint tutorials/queueing -c Server for 10s [1;33mUPDATE[0;0m 446f-0c0e/tplx
[38;2;200;200;200m[858/914][0;0m [38;2;200;200;200m [0;0m ⏺ Updating fingerprint tutorials/queueing -c TimeBasedTokenGenerator for 10s [1;33mUPDATE[0;0m 35c0-b87e/tplx
[38;2;200;200;200m[859/914][0;0m [38;2;200;200;200m [0;0m ⏺ Updating fingerprint tutorials/queueing -c RequestResponse for 100s [1;33mUPDATE[0;0m 349d-2b7a/tplx
[38;2;200;200;200m[860/914][0;0m [38;2;200;200;200m [0;0m ⏺ Updating fingerprint tutorials/queueing -c Telnet for 100s [1;33mUPDATE[0;0m 28e0-8cb4/tplx
[38;2;200;200;200m[861/914][0;0m [38;2;200;200;200m [0;0m ⏺ Updating fingerprint tutorials/queueing -c TokenBasedServer for 10s [1;33mUPDATE[0;0m e824-5a8a/tplx
[38;2;200;200;200m[862/914][0;0m [38;2;200;200;200m [0;0m ⏺ Updating fingerprint tutorials/queueing -c TokenBucket for 10s [1;33mUPDATE[0;0m 91fb-8bfc/tplx
[38;2;200;200;200m[863/914][0;0m [38;2;200;200;200m [0;0m ⏺ Updating fingerprint tutorials/queueing -c WrrScheduler for 100s [1;33mUPDATE[0;0m 650a-3075/tplx
[38;2;200;200;200m[864/914][0;0m [38;2;200;200;200m [0;0m ⏺ Updating fingerprint tutorials/queueing -c WrrClassifier for 100s [1;33mUPDATE[0;0m 92f6-5179/tplx
[38;2;200;200;200m[865/914][0;0m [38;2;200;200;200m [0;0m ⏺ Updating fingerprint tutorials/ospf -c Step9 for 1000s [1;33mINSERT[0;0m 90ba-8099/tplx
[38;2;200;200;200m[866/914][0;0m [38;2;200;200;200m [0;0m ⏺ Updating fingerprint tutorials/rip -c Step10 for 100s [1;33mINSERT[0;0m d77a-2347/tplx
[38;2;200;200;200m[867/914][0;0m [38;2;200;200;200m [0;0m ⏺ Updating fingerprint tutorials/rip -c Step1 for 100s [1;33mINSERT[0;0m 565a-d690/tplx
[38;2;200;200;200m[868/914][0;0m [38;2;200;200;200m [0;0m ⏺ Updating fingerprint tutorials/rip -c Step2 for 100s [1;33mINSERT[0;0m 7d58-2dc9/tplx
[38;2;200;200;200m[869/914][0;0m [38;2;200;200;200m [0;0m ⏺ Updating fingerprint tutorials/rip -c Step6 for 500s [1;33mINSERT[0;0m 370a-953e/tplx
[38;2;200;200;200m[870/914][0;0m [38;2;200;200;200m [0;0m ⏺ Updating fingerprint tutorials/rip -c Step6DifferentTimings for 200s [1;33mINSERT[0;0m a49c-e1a2/tplx
[38;2;200;200;200m[871/914][0;0m [38;2;200;200;200m [0;0m ⏺ Updating fingerprint tutorials/rip -c Step6Solution2 for 200s [1;33mINSERT[0;0m 1883-c00c/tplx
[38;2;200;200;200m[872/914][0;0m [38;2;200;200;200m [0;0m ⏺ Updating fingerprint tutorials/rip -c Step3 for 200s [1;33mINSERT[0;0m 1701-fc9d/tplx
[38;2;200;200;200m[873/914][0;0m [38;2;200;200;200m [0;0m ⏺ Updating fingerprint tutorials/rip -c Step5 for 200s [1;33mINSERT[0;0m 12c7-ae7f/tplx
[38;2;200;200;200m[874/914][0;0m [38;2;200;200;200m [0;0m ⏺ Updating fingerprint tutorials/rip -c Step6Solution1 for 200s [1;33mINSERT[0;0m d6d4-ce22/tplx
[38;2;200;200;200m[875/914][0;0m [38;2;200;200;200m [0;0m ⏺ Updating fingerprint tutorials/rip -c Step4A for 1000s [1;33mINSERT[0;0m 0ab4-4acf/tplx
[38;2;200;200;200m[876/914][0;0m [38;2;200;200;200m [0;0m ⏺ Updating fingerprint tutorials/rip -c Step7 for 500s [1;33mINSERT[0;0m 8d8d-2c86/tplx
[38;2;200;200;200m[877/914][0;0m [38;2;200;200;200m [0;0m ⏺ Updating fingerprint tutorials/rip -c Step7SplitHorizon for 500s [1;33mINSERT[0;0m a314-639c/tplx
[38;2;200;200;200m[878/914][0;0m [38;2;200;200;200m [0;0m ⏺ Updating fingerprint tutorials/rip -c Step8 for 500s [1;33mINSERT[0;0m 8d8d-2c86/tplx
[38;2;200;200;200m[879/914][0;0m [38;2;200;200;200m [0;0m ⏺ Updating fingerprint tutorials/rip -c Step7TriggeredUpdates for 200s [1;33mINSERT[0;0m 7598-45a1/tplx
[38;2;200;200;200m[880/914][0;0m [38;2;200;200;200m [0;0m ⏺ Updating fingerprint tutorials/stp -c Step1 for 20s [1;33mINSERT[0;0m cfe2-955e/tplx
[38;2;200;200;200m[881/914][0;0m [38;2;200;200;200m [0;0m ⏺ Updating fingerprint tutorials/rip -c Step4C for 1000s [1;33mINSERT[0;0m b9de-45ec/tplx
[38;2;200;200;200m[882/914][0;0m [38;2;200;200;200m [0;0m ⏺ Updating fingerprint tutorials/rip -c Step4B for 1000s [1;33mINSERT[0;0m c98c-42ae/tplx
[38;2;200;200;200m[883/914][0;0m [38;2;200;200;200m [0;0m ⏺ Updating fingerprint tutorials/wireless -c Wireless01 for 20s [1;33mINSERT[0;0m f43b-fcd4/tplx
[38;2;200;200;200m[884/914][0;0m [38;2;200;200;200m [0;0m ⏺ Updating fingerprint tutorials/wireless -c Wireless03 for 20s [1;33mINSERT[0;0m 2c5b-896e/tplx
[38;2;200;200;200m[885/914][0;0m [38;2;200;200;200m [0;0m ⏺ Updating fingerprint tutorials/wireless -c Wireless02 for 20s [1;33mINSERT[0;0m f43b-fcd4/tplx
[38;2;200;200;200m[886/914][0;0m [38;2;200;200;200m [0;0m ⏺ Updating fingerprint tutorials/stp -c Step6 for 30s [1;33mINSERT[0;0m 86cd-1450/tplx
[38;2;200;200;200m[887/914][0;0m [38;2;200;200;200m [0;0m ⏺ Updating fingerprint tutorials/rip -c Step9NoNetmaskRoutes for 1500s [1;33mINSERT[0;0m bece-1800/tplx
[38;2;200;200;200m[888/914][0;0m [38;2;200;200;200m [0;0m ⏺ Updating fingerprint tutorials/wireless -c Wireless04 for 20s [1;33mINSERT[0;0m d36a-2aca/tplx
[38;2;200;200;200m[889/914][0;0m [38;2;200;200;200m [0;0m ⏺ Updating fingerprint tutorials/stp -c Step3 for 100s [1;33mINSERT[0;0m cd64-e68d/tplx
[38;2;200;200;200m[890/914][0;0m [38;2;200;200;200m [0;0m ⏺ Updating fingerprint tutorials/wireless -c Wireless06 for 20s [1;33mINSERT[0;0m d584-55d1/tplx
[38;2;200;200;200m[891/914][0;0m [38;2;200;200;200m [0;0m ⏺ Updating fingerprint tutorials/wireless -c Wireless05 for 20s [1;33mINSERT[0;0m 11dc-15b9/tplx
[38;2;200;200;200m[892/914][0;0m [38;2;200;200;200m [0;0m ⏺ Updating fingerprint tutorials/stp -c Step2 for 100s [1;33mINSERT[0;0m 4d6d-5758/tplx
[38;2;200;200;200m[893/914][0;0m [38;2;200;200;200m [0;0m ⏺ Updating fingerprint tutorials/wireless -c Wireless12 for 20s [1;33mINSERT[0;0m aae8-c7d3/tplx
[38;2;200;200;200m[894/914][0;0m [38;2;200;200;200m [0;0m ⏺ Updating fingerprint tutorials/wireless -c Wireless11 for 20s [1;33mINSERT[0;0m 129e-e6ce/tplx
[38;2;200;200;200m[895/914][0;0m [38;2;200;200;200m [0;0m ⏺ Updating fingerprint tutorials/wireless -c Wireless09 for 20s [1;33mINSERT[0;0m bade-8193/tplx
[38;2;200;200;200m[896/914][0;0m [38;2;200;200;200m [0;0m ⏺ Updating fingerprint tutorials/rip -c Step9 for 1500s [1;33mINSERT[0;0m fc76-914d/tplx
[38;2;200;200;200m[897/914][0;0m [38;2;200;200;200m [0;0m ⏺ Updating fingerprint tutorials/wireless -c Wireless07 for 20s [1;33mINSERT[0;0m 9231-5157/tplx
[38;2;200;200;200m[898/914][0;0m [38;2;200;200;200m [0;0m ⏺ Updating fingerprint tutorials/stp -c Step4 for 200s [1;33mINSERT[0;0m c420-4ec1/tplx
[38;2;200;200;200m[899/914][0;0m [38;2;200;200;200m [0;0m ⏺ Updating fingerprint tutorials/wireless -c Wireless08 for 20s [1;33mINSERT[0;0m 9231-5157/tplx
[38;2;200;200;200m[900/914][0;0m [38;2;200;200;200m [0;0m ⏺ Updating fingerprint tutorials/wireless -c Wireless10 for 20s [1;33mINSERT[0;0m 10ba-5495/tplx
[38;2;200;200;200m[901/914][0;0m [38;2;200;200;200m [0;0m ⏺ Updating fingerprint tutorials/wireless -c Wireless13 for 20s [1;33mINSERT[0;0m 7d20-cecf/tplx
[38;2;200;200;200m[902/914][0;0m [38;2;200;200;200m [0;0m ⏺ Updating fingerprint tutorials/wireless -c Wireless14 for 20s [1;33mINSERT[0;0m 8d11-82fa/tplx
[38;2;200;200;200m[903/914][0;0m [38;2;200;200;200m [0;0m ⏺ Updating fingerprint showcases/tsn/trafficshaping/cbsandats for 10s [1;33mINSERT[0;0m 70da-a5fd/tplx
[38;2;200;200;200m[904/914][0;0m [38;2;200;200;200m [0;0m ⏺ Updating fingerprint showcases/tsn/trafficshaping/asynchronousshaper for 10s [1;33mINSERT[0;0m 320e-827b/tplx
[38;2;200;200;200m[905/914][0;0m [38;2;200;200;200m [0;0m ⏺ Updating fingerprint showcases/wireless/aggregation -c VoicePriorityAggregation for 10s [1;33mINSERT[0;0m 37e3-1dc8/tplx
[38;2;200;200;200m[906/914][0;0m [38;2;200;200;200m [0;0m ⏺ Updating fingerprint showcases/measurement/flow -c Basic for 5s [1;33mINSERT[0;0m f553-dc6e/tplx
[38;2;200;200;200m[907/914][0;0m [38;2;200;200;200m [0;0m ⏺ Updating fingerprint showcases/wireless/ratecontrol -c AarfRateControl for 25s [1;33mINSERT[0;0m 5e88-25a4/tplx
[38;2;200;200;200m[908/914][0;0m [38;2;200;200;200m [0;0m ⏺ Updating fingerprint showcases/tsn/streamfiltering/statistical -c StreamFiltering for 1s [1;33mINSERT[0;0m bfa4-3344/tplx
[38;2;200;200;200m[909/914][0;0m [38;2;200;200;200m [0;0m ⏺ Updating fingerprint examples/inet/hierarchical -c Hosts1280 for 1s [1;33mUPDATE[0;0m 9a74-3176/tplx
[38;2;200;200;200m[910/914][0;0m [38;2;200;200;200m [0;0m ⏺ Updating fingerprint tutorials/stp -c Step5 for 1000s [1;33mINSERT[0;0m 6deb-f8b5/tplx
[38;2;200;200;200m[911/914][0;0m [38;2;200;200;200m [0;0m ⏺ Updating fingerprint tutorials/stp -c Step8 for 1000s [1;33mINSERT[0;0m d38d-49f9/tplx
[38;2;200;200;200m[912/914][0;0m [38;2;200;200;200m [0;0m ⏺ Updating fingerprint tutorials/stp -c Step7 for 1000s [1;33mINSERT[0;0m a8cb-1260/tplx
[38;2;200;200;200m[913/914][0;0m [38;2;200;200;200m [0;0m ⏺ Updating fingerprint examples/ospfv2/fulltest for 1000s [1;33mINSERT[0;0m abe8-3267/tplx
[38;2;200;200;200m[914/914][0;0m ◉ Updated update fingerprint (912 concurrent): 912 TOTAL, [0;32m14 KEEP[0;0m, [1;33m357 INSERT[1;33m (unexpected)[0;0m[0;0m, [1;33m477 UPDATE[1;33m (unexpected)[0;0m[0;0m, [1;31m64 ERROR[1;33m (unexpected)[0;0m[0;0m in 1:00.702
  examples/adhoc/hostautoconf for 60min [1;33mINSERT[0;0m 3782-ca0d/tplx
  examples/adhoc/qos -c Fragmentation for 5s [1;33mINSERT[0;0m 9555-934c/tplx
  examples/adhoc/qos -c MacNonQos for 5s [1;33mINSERT[0;0m 1570-9e40/tplx
  examples/adhoc/qos -c MacQos for 5s [1;33mINSERT[0;0m dda7-2839/tplx
  examples/adhoc/qos -c MsduAggregation for 5s [1;33mINSERT[0;0m 1186-eda6/tplx
  examples/aodv -c StaticExternal for 50s [1;33mINSERT[0;0m d07e-7d2e/tplx
  examples/bgpv4/Bgp2RoutersInAS for 60s [1;33mINSERT[0;0m 9882-761e/tplx
  examples/bgpv4/Bgp3Routers for 100s [1;33mINSERT[0;0m 00a2-d254/tplx
  examples/bgpv4/BgpAndOspf for 60s [1;33mINSERT[0;0m 8b65-1daf/tplx
  examples/bgpv4/BgpAndOspfSimple for 40s [1;33mINSERT[0;0m c188-b57d/tplx
  examples/bgpv4/BgpAndOspfv3 for 100s [1;33mINSERT[0;0m 3bac-1a48/tplx
  examples/bgpv4/BgpAndOspfv3 -c OspfOnly for 100s [1;33mINSERT[0;0m 66c4-c7a1/tplx
  examples/bgpv4/BgpCompleteTest for 200s [1;33mINSERT[0;0m 41af-3142/tplx
  examples/bgpv4/BgpDiamondFailover for 160s [1;33mINSERT[0;0m c1d2-27aa/tplx
  examples/bgpv4/BgpDiamondFailover6 for 160s [1;33mINSERT[0;0m 934c-c054/tplx
  examples/bgpv4/BgpIpv6Basic for 30s [1;33mINSERT[0;0m 3fa9-1d6d/tplx
  examples/bgpv4/BgpLifecycle for 900s [1;33mINSERT[0;0m b065-71c5/tplx
  examples/bgpv4/BgpWithdrawal for 100s [1;33mINSERT[0;0m cad6-631c/tplx
  examples/bgpv4/BgpWithdrawal -c Restart for 160s [1;33mINSERT[0;0m b2cd-92a5/tplx
  examples/bgpv4/BgpWithdrawal6 for 100s [1;33mINSERT[0;0m 19e7-8e35/tplx
  examples/bgpv4/BgpWithdrawal6 -c Restart for 160s [1;33mINSERT[0;0m 34dd-89de/tplx
  examples/ethernet/TenBaseT1S -f latency.ini -c Latency for 100ms [1;33mINSERT[0;0m 24fb-8a3b/tplx
  examples/ethernet/TenBaseT1S -f mixed.ini -c Mixed for 1ms [1;33mINSERT[0;0m 449b-ed88/tplx
  examples/ethernet/TenBaseT1S -f multidrop.ini -c Multidrop for 1ms [1;33mINSERT[0;0m 6a01-b2f4/tplx
  examples/ethernet/TenBaseT1S -f notraffic.ini -c NoTraffic for 100us [1;33mINSERT[0;0m 5e15-ec33/tplx
  examples/ethernet/TenBaseT1S -f paper.ini -c Paper for 1s [1;33mINSERT[0;0m 42ad-822e/tplx
  examples/ethernet/TenBaseT1S -f smoke.ini -c Smoke for 100ms [1;33mINSERT[0;0m 026a-9a12/tplx
  examples/ethernet/TenBaseT1S -f throughput.ini -c Throughput for 1s [1;33mINSERT[0;0m d5cc-4186/tplx
  examples/ethernet/TenBaseT1S -f validation.ini -c CSMACD for 100ms [1;33mINSERT[0;0m 85bb-dc76/tplx
  examples/ethernet/TenBaseT1S -f validation.ini -c HalfDuplex for 100ms [1;33mINSERT[0;0m e6bd-0fe8/tplx
  examples/ethernet/TenBaseT1S -f validation.ini -c PLCA for 100ms [1;33mINSERT[0;0m a3b7-9c3f/tplx
  examples/ethernet/lans -f bus.ini -c BusLAN for 120s [1;33mINSERT[0;0m 8108-b7b4/tplx
  examples/ethernet/lans -f duplexswitch.ini -c SwitchedDuplexLAN for 120s [1;33mINSERT[0;0m a013-005b/tplx
  examples/ethernet/lans -f hub.ini -c Hub1 for 10s [1;33mINSERT[0;0m 2ccb-4877/tplx
  examples/ethernet/lans -f hub.ini -c Hub3 for 10s [1;33mINSERT[0;0m 2ccb-4877/tplx
  examples/ethernet/lans -f mixed.ini -c MixedLAN for 120s [1;33mINSERT[0;0m de94-722a/tplx
  examples/ethernet/lans -c MixedLAN1 for 1200s [1;33mINSERT[0;0m a3af-d699/tplx
  examples/ethernet/lans -f twoHosts.ini -c TwoHosts1 for 120s [1;33mINSERT[0;0m f5ae-6cc3/tplx
  examples/ethernet/simple for 10s [1;33mINSERT[0;0m f29d-ffac/tplx
  examples/gptp -c nosync1 for 10s [1;33mINSERT[0;0m d849-e220/tplx
  examples/gptp -c nosync2 for 10s [1;33mINSERT[0;0m 5ce7-481c/tplx
  examples/gptp -c nosync3 for 10s [1;33mINSERT[0;0m 8bdb-abca/tplx
  examples/gptp -c nosync4 for 10s [1;33mINSERT[0;0m 3ee8-d669/tplx
  examples/gptp -c sync1 for 10s [1;33mINSERT[0;0m 0ee3-0815/tplx
  examples/gptp -c sync2 for 10s [1;33mINSERT[0;0m 158a-0c2d/tplx
  examples/gptp -c sync3 for 10s [1;33mINSERT[0;0m 7531-7a18/tplx
  examples/gptp -c sync4 for 10s [1;33mINSERT[0;0m 3a5d-df4c/tplx
  examples/ieee8021d -c RSTP-LargeNet for 200s [1;33mINSERT[0;0m 860a-ecca/tplx
  examples/ieee8021d -c RSTP-LinkReconnect for 200s [1;33mINSERT[0;0m 9be1-428d/tplx
  examples/ieee8021d -c RSTP-Switch1RootByMAC for 200s [1;33mINSERT[0;0m 7212-1cf5/tplx
  examples/ieee8021d -c RSTP-Switch3RootByPriority for 200s [1;33mINSERT[0;0m 4cc7-bf95/tplx
  examples/ieee8021d -c RSTP-Switch7to4BySrcPriority for 200s [1;33mINSERT[0;0m 9704-8f4b/tplx
  examples/ieee8021d -c STP-LargeNet for 200s [1;33mINSERT[0;0m f095-39ee/tplx
  examples/ieee8021d -c STP-LinkReconnect for 200s [1;33mINSERT[0;0m c1ca-77f1/tplx
  examples/ieee8021d -c STP-Switch1RootByMAC for 200s [1;33mINSERT[0;0m 72f2-343a/tplx
  examples/ieee8021d -c STP-Switch3RootByPriority for 200s [1;33mINSERT[0;0m 2bf3-7341/tplx
  examples/ieee8021d -c STP-Switch7to4BySrcPriority for 200s [1;33mINSERT[0;0m 5b9b-84d0/tplx
  examples/inet/ber -c ber-flavour-experiment for 60.0s [1;33mINSERT[0;0m 23e2-a704/tplx
  examples/inet/ber -c ber-sack-experiment for 60.0s [1;33mINSERT[0;0m 8885-1816/tplx
  examples/inet/ipsec -f ipv6.ini -c Multicast6 for 200s [1;33mINSERT[0;0m 5595-a1a2/tplx
  examples/inet/ipsec -f ipv6.ini -c TCPTraffic6 for 200s [1;33mINSERT[0;0m 94fe-7d69/tplx
  examples/inet/ipsec -f ipv6.ini -c UDPTraffic6 for 200s [1;33mINSERT[0;0m 6c88-badb/tplx
  examples/inet/ipv4largenet -c IPv4LargeNet for 120s [1;33mINSERT[0;0m c6ab-305c/tplx
  examples/inet/nclients -f basicHTTP.ini for 1d [1;33mINSERT[0;0m bfb5-001b/tplx
  examples/inet/nclients -c inet__inet for 3000s [1;33mINSERT[0;0m b166-7740/tplx
  examples/inet/netperfmeter -c TraceFile-Sctp for 3600s 1ms [1;33mINSERT[0;0m fc6e-eba9/tplx
  examples/inet/netperfmeter -c TraceFile-Tcp for 3600s 1ms [1;33mINSERT[0;0m 00ec-da7e/tplx
  examples/inet/netperfmeter -c TraceFile-Udp for 3600s 1ms [1;33mINSERT[0;0m e88f-7202/tplx
  examples/inet/tcp_pmtud -c PmtudDisabled for 300s [1;33mINSERT[0;0m 4f86-3105/tplx
  examples/inet/tcp_pmtud -c PmtudEnabled for 300s [1;33mINSERT[0;0m f876-19cc/tplx
  examples/inet/tcp_pmtud -c PmtudProbe for 300s [1;33mINSERT[0;0m c881-11e3/tplx
  examples/inet/tcpthroughput -c Delay-01us for 100s [1;33mINSERT[0;0m 5bda-f21c/tplx
  examples/inet/tcpthroughput -c Delay-100ms for 100s [1;33mINSERT[0;0m 0d48-362f/tplx
  examples/inet/tcpthroughput -c Delay-100ms-advWin64K for 100s [1;33mINSERT[0;0m f6c4-0177/tplx
  examples/inet/tcpthroughput -c Experiment for 240s [1;33mINSERT[0;0m 127c-69ff/tplx
  examples/inet/tcpwindowscale -c WS_disabled for 600.0s [1;33mINSERT[0;0m fc47-e5de/tplx
  examples/inet/tcpwindowscale -c WS_enabled for 600.0s [1;33mINSERT[0;0m 31f6-2653/tplx
  examples/ipv6/ipv6configurator -c CustomRA for 120s [1;33mINSERT[0;0m 9b33-b846/tplx
  examples/ipv6/ipv6configurator -c Default for 60s [1;33mINSERT[0;0m 42e6-5e96/tplx
  examples/ipv6/ipv6configurator -c Hierarchical for 60s [1;33mINSERT[0;0m 42e6-5e96/tplx
  examples/ipv6/ipv6configurator -c ManualRouters for 120s [1;33mINSERT[0;0m 3872-e566/tplx
  examples/ipv6/mipv6 -c Handover for 70s [1;33mINSERT[0;0m c81c-3ad9/tplx
  examples/ipv6/mipv6 -c RouteOptimizationTwoCNs for 60s [1;33mINSERT[0;0m 9e08-436f/tplx
  examples/ipv6/mipv6roaming -c Roaming for 70s [1;33mINSERT[0;0m a1e5-80dc/tplx
  examples/ipv6/mld for 30s [1;33mINSERT[0;0m 6337-95bf/tplx
  examples/ipv6/mld -c MldDemo for 30s [1;33mINSERT[0;0m d930-18f9/tplx
  examples/ipv6/mld -c MldV2Ssm for 30s [1;33mINSERT[0;0m f8a5-9499/tplx
  examples/ipv6/pmipv6 for 60s [1;33mINSERT[0;0m e4a2-db15/tplx
  examples/manetrouting/multiradio -c MultiRadio for 100s [1;33mINSERT[0;0m b695-79a3/tplx
  examples/manetrouting/multiradio -c SingleRadio for 100s [1;33mINSERT[0;0m 51d0-242d/tplx
  examples/mobility -c AnsimMobility for 1000s [1;33mINSERT[0;0m 83cf-733a/tplx
  examples/mobility -c AttachedMobility for 1000s [1;33mINSERT[0;0m 110b-28ce/tplx
  examples/mobility -c BonnMotionMobility1 for 1000s [1;33mINSERT[0;0m f3f6-9eb3/tplx
  examples/mobility -c BonnMotionMobility2 for 1000s [1;33mINSERT[0;0m bad6-7623/tplx
  examples/mobility -c ChiangMobility for 1000s [1;33mINSERT[0;0m 110b-28ce/tplx
  examples/mobility -c CircleMobility1 for 1000s [1;33mINSERT[0;0m 41b6-beae/tplx
  examples/mobility -c CircleMobility2 for 1000s [1;33mINSERT[0;0m 41b6-beae/tplx
  examples/mobility -c GaussMarkovMobility for 1000s [1;33mINSERT[0;0m 110b-28ce/tplx
  examples/mobility -c LinearMobility01 for 1000s [1;33mINSERT[0;0m e184-b4fc/tplx
  examples/mobility -c LinearMobility1 for 1000s [1;33mINSERT[0;0m e095-3a3d/tplx
  examples/mobility -c LinearMobility10 for 1000s [1;33mINSERT[0;0m 53a6-dc16/tplx
  examples/mobility -c LinearMobility100 for 1000s [1;33mINSERT[0;0m 169f-2258/tplx
  examples/mobility -c LinearMobility1000 for 1000s [1;33mINSERT[0;0m 5f08-4c80/tplx
  examples/mobility -c MassMobility for 1000s [1;33mINSERT[0;0m 47e8-349d/tplx
  examples/mobility -c MassMobilityWithScenario for 1000s [1;33mINSERT[0;0m 618a-2da8/tplx
  examples/mobility -c MoBANMobility1 for 1000s [1;33mINSERT[0;0m ee50-ffbd/tplx
  examples/mobility -c MoBANMobility2 for 1000s [1;33mINSERT[0;0m 1053-067a/tplx
  examples/mobility -c RandomWaypointMobility1 for 1000s [1;33mINSERT[0;0m 7ce8-4dc5/tplx
  examples/mobility -c RandomWaypointMobility2 for 1000s [1;33mINSERT[0;0m 0385-5461/tplx
  examples/mobility -c RectangleMobility for 1000s [1;33mINSERT[0;0m e184-b4fc/tplx
  examples/mobility -c SatelliteMobility for 48h [1;33mINSERT[0;0m 0e77-ed31/tplx
  examples/mobility -c StaticGridMobility for 1000s [1;33mINSERT[0;0m 0000-0000/tplx
  examples/mobility -c StationaryMobility for 1000s [1;33mINSERT[0;0m 0000-0000/tplx
  examples/mobility -c SuperpositioningMobility for 1000s [1;33mINSERT[0;0m 93af-be07/tplx
  examples/mobility -c TractorMobility for 1000s [1;33mINSERT[0;0m 110b-28ce/tplx
  examples/mobility -c TurtleMobility1 for 1000s [1;33mINSERT[0;0m 5fb8-0c5e/tplx
  examples/mobility -c TurtleMobility2 for 1000s [1;33mINSERT[0;0m 2861-5cdf/tplx
  examples/mobility -c TurtleMobility3 for 1000s [1;33mINSERT[0;0m 3056-9756/tplx
  examples/mobility -c TurtleMobility4 for 1000s [1;33mINSERT[0;0m bef7-b1b5/tplx
  examples/mobility -c TurtleMobility5 for 1000s [1;33mINSERT[0;0m bef7-b1b5/tplx
  examples/mobility -c TurtleMobility6 for 1000s [1;33mINSERT[0;0m 1964-14bc/tplx
  examples/mobility -c VehicleMobility for 1000s [1;33mINSERT[0;0m 110b-28ce/tplx
  examples/mpls/ldp for 15s [1;33mINSERT[0;0m 10ac-5f09/tplx
  examples/mpls/net37 for 500s [1;33mINSERT[0;0m 8aef-9c47/tplx
  examples/mpls/testte_failure for 6s [1;33mINSERT[0;0m fe7f-7a0e/tplx
  examples/mpls/testte_failure2 for 6s [1;33mINSERT[0;0m 2b1f-5e5e/tplx
  examples/mpls/testte_reroute for 5s [1;33mINSERT[0;0m 1314-2821/tplx
  examples/mpls/testte_routing for 5s [1;33mINSERT[0;0m fe69-f918/tplx
  examples/mpls/testte_tunnel for 5s [1;33mINSERT[0;0m 1355-b9a0/tplx
  examples/mrp -c MediumNetworkBase for 3s [1;33mINSERT[0;0m bf95-9c8b/tplx
  examples/mrp -c MediumNetworkBaseWithTraffic for 3s [1;33mINSERT[0;0m b615-bf11/tplx
  examples/mrp -c MediumNetworkRCWithTraffic for 3s [1;33mINSERT[0;0m b615-bf11/tplx
  examples/mrp -c SmallNetworkBase for 3s [1;33mINSERT[0;0m 57e9-7e5a/tplx
  examples/mrp -c SmallNetworkBaseWithTraffic for 3s [1;33mINSERT[0;0m 7ba5-eac3/tplx
  examples/objectcache -c BvhObjectCache for 5s [1;33mINSERT[0;0m 56ba-9b98/tplx
  examples/objectcache -c GridObjectCache for 5s [1;33mINSERT[0;0m 56ba-9b98/tplx
  examples/objectcache -c WithoutCache for 5s [1;33mINSERT[0;0m 56ba-9b98/tplx
  examples/ospfv2/areatests -c backbone for 1000s [1;33mINSERT[0;0m 4300-4b97/tplx
  examples/ospfv2/areatests -c backboneandonestub for 1000s [1;33mINSERT[0;0m 4a28-f269/tplx
  examples/ospfv2/areatests -c backboneandtwostubs for 1000s [1;33mINSERT[0;0m f24a-1fec/tplx
  examples/ospfv2/areatests -c mininet-A for 1000s [1;33mINSERT[0;0m eaa0-2b9a/tplx
  examples/ospfv2/areatests -c mininet-B for 1000s [1;33mINSERT[0;0m 0a23-ee70/tplx
  examples/ospfv2/dynamictest -c dynamic1 for 600s [1;33mINSERT[0;0m 97ba-460e/tplx
  examples/ospfv2/dynamictest -c dynamic2 for 600s [1;33mINSERT[0;0m 67ef-580c/tplx
  examples/ospfv2/dynamictest -c static for 600s [1;33mINSERT[0;0m 60bd-3411/tplx
  examples/ospfv2/fulltest for 1000s [1;33mINSERT[0;0m abe8-3267/tplx
  examples/pim/dm for 300s [1;33mINSERT[0;0m 8241-37e2/tplx
  examples/pim/dm_ipv6 for 120s [1;33mINSERT[0;0m 6922-c366/tplx
  examples/pim/sm -c Scenario1 for 100s [1;33mINSERT[0;0m 56e3-62b0/tplx
  examples/pim/sm -c Scenario2 for 150s [1;33mINSERT[0;0m 2c25-fc89/tplx
  examples/pim/sm -c Scenario3 for 300s [1;33mINSERT[0;0m 4bda-160c/tplx
  examples/pim/sm -c Scenario4 for 100s [1;33mINSERT[0;0m a17a-7ad0/tplx
  examples/pim/sm_ipv6 for 120s [1;33mINSERT[0;0m 7720-4257/tplx
  examples/pim/ssm_ipv6 for 60s [1;33mINSERT[0;0m e9e5-9162/tplx
  examples/quic/byte_order for 200s [1;33mINSERT[0;0m e67e-125b/tplx
  examples/rip/dynamictest -c dynamic1 for 600s [1;33mINSERT[0;0m 1744-37ca/tplx
  examples/rip/dynamictest -c dynamic2 for 600s [1;33mINSERT[0;0m 0152-cee2/tplx
  examples/rip/dynamictest -c stable for 600s [1;33mINSERT[0;0m 001f-17fd/tplx
  examples/rip/infinitycount for 80s [1;33mINSERT[0;0m d721-53e8/tplx
  examples/rip/mixednetwork -c disconnect for 150s [1;33mINSERT[0;0m fb2a-b4e5/tplx
  examples/rip/mixednetwork -c shutdown-restart for 280s [1;33mINSERT[0;0m f3ac-6d55/tplx
  examples/rip/mixednetwork -c stable for 60s [1;33mINSERT[0;0m 0ebf-354a/tplx
  examples/rip/simpletest -c IPv4 for 600s [1;33mINSERT[0;0m 5dd0-ee3a/tplx
  examples/rip/simpletest -c IPv6 for 600s [1;33mINSERT[0;0m 6b23-c511/tplx
  examples/rip/simpletest -c MultiIPv4 for 600s [1;33mINSERT[0;0m 53d6-21ac/tplx
  examples/wireless/antenna -c OrbitX for 1h [1;33mINSERT[0;0m dc52-5c4d/tplx
  examples/wireless/antenna -c OrbitY for 1h [1;33mINSERT[0;0m 91c9-bb95/tplx
  examples/wireless/antenna -c OrbitZ for 1h [1;33mINSERT[0;0m 1a6f-6cc9/tplx
  examples/wireless/antenna -c RotationX for 1h [1;33mINSERT[0;0m 3290-1db0/tplx
  examples/wireless/antenna -c RotationY for 1h [1;33mINSERT[0;0m 3290-1db0/tplx
  examples/wireless/antenna -c RotationZ for 1h [1;33mINSERT[0;0m 3290-1db0/tplx
  examples/wireless/combo -c ApskRadioWithDimensionalAnalogModel for 90s [1;33mINSERT[0;0m 91e0-38c3/tplx
  examples/wireless/combo -c ApskRadioWithScalarAnalogModel for 90s [1;33mINSERT[0;0m 91e0-38c3/tplx
  examples/wireless/combo -c ApskRadioWithUnitDiskAnalogModel for 90s [1;33mINSERT[0;0m 91e0-38c3/tplx
  examples/wireless/combo -c GenericRadioWithDimensionalAnalogModel for 90s [1;33mINSERT[0;0m 1827-b1a2/tplx
  examples/wireless/combo -c GenericRadioWithScalarAnalogModel for 90s [1;33mINSERT[0;0m 1827-b1a2/tplx
  examples/wireless/combo -c GenericRadioWithUnitDiskAnalogModel for 90s [1;33mINSERT[0;0m 1827-b1a2/tplx
  examples/wireless/combo -c Ieee80211RadioWithDimensionalAnalogModel for 90s [1;33mINSERT[0;0m ef2b-6401/tplx
  examples/wireless/combo -c Ieee80211RadioWithScalarAnalogModel for 90s [1;33mINSERT[0;0m ef2b-6401/tplx
  examples/wireless/combo -c Ieee80211RadioWithUnitDiskAnalogModel for 90s [1;33mINSERT[0;0m ef2b-6401/tplx
  examples/wireless/crosstalk for 0.1s [1;33mINSERT[0;0m 6755-8358/tplx
  examples/wireless/errorrate for 10s [1;33mINSERT[0;0m 4345-e5e8/tplx
  examples/wireless/ieee80211levelofdetail -c Default for 1000s [1;33mINSERT[0;0m c32a-9aa9/tplx
  examples/wireless/ieee80211levelofdetail -c Layered for 1000s [1;33mINSERT[0;0m c9fb-af89/tplx
  examples/wireless/layered80211 -c LayeredCompliant80211Ping for 5s [1;33mINSERT[0;0m b399-b62d/tplx
  examples/wireless/layered80211 -c LayeredNonCompliant80211Ping for 5s [1;33mINSERT[0;0m eb01-3ead/tplx
  examples/wireless/scaling -c ScalarRadioMedium for 0.1s [1;33mINSERT[0;0m df16-f6c3/tplx
  examples/wireless/scaling -c UnitDiskRadioMedium for 0.1s [1;33mINSERT[0;0m 41a2-4868/tplx
  examples/wireless/wiredandwirelesshostswithap for 400s [1;33mINSERT[0;0m e981-233e/tplx
  showcases/general/diffserv -c WithPolicing for 50s [1;33mINSERT[0;0m 5626-a8d5/tplx
  showcases/general/diffserv -c WithQueueing for 50s [1;33mINSERT[0;0m e3eb-358a/tplx
  showcases/general/diffserv -c WithoutQoS for 50s [1;33mINSERT[0;0m c4c1-50c9/tplx
  showcases/measurement/flow -c AnyLocation for 5s [1;33mINSERT[0;0m 03e0-4e4c/tplx
  showcases/measurement/flow -c Basic for 5s [1;33mINSERT[0;0m f553-dc6e/tplx
  showcases/measurement/jitter for 5s [1;33mINSERT[0;0m bca1-54c6/tplx
  showcases/measurement/queueingtime for 5s [1;33mINSERT[0;0m e79c-cac7/tplx
  showcases/measurement/relationships for 1s [1;33mINSERT[0;0m 0000-0000/tplx
  showcases/mobility/combining -c AntennaOrientation for 10000s [1;33mINSERT[0;0m a7d2-5209/tplx
  showcases/quic/linksharing for 50s [1;33mINSERT[0;0m 91c3-186e/tplx
  showcases/routing/aodvexternal for 50s [1;33mINSERT[0;0m e463-97fe/tplx
  showcases/tsn/combiningfeatures/frerandcs for 0.1s [1;33mINSERT[0;0m 0a5e-0c01/tplx
  showcases/tsn/combiningfeatures/frerandtas for 5s [1;33mINSERT[0;0m d68e-1ee0/tplx
  showcases/tsn/combiningfeatures/gptpandtas -f extras.ini -c Recovery for 4s [1;33mINSERT[0;0m 7043-9406/tplx
  showcases/tsn/combiningfeatures/gptpandtas -c Failover for 4s [1;33mINSERT[0;0m 98a7-b7d9/tplx
  showcases/tsn/combiningfeatures/gptpandtas -c LinkFailure for 4s [1;33mINSERT[0;0m 3f92-610f/tplx
  showcases/tsn/combiningfeatures/gptpandtas -c NormalOperation for 4s [1;33mINSERT[0;0m b3cc-ccd3/tplx
  showcases/tsn/combiningfeatures/invehicle -c AutomaticTsn for 10ms [1;33mINSERT[0;0m 2124-479c/tplx
  showcases/tsn/combiningfeatures/invehicle -c ManualTsn for 10ms [1;33mINSERT[0;0m fabe-ce7c/tplx
  showcases/tsn/framereplication/automaticfailureprotection -c FrameReplication for 0.1s [1;33mINSERT[0;0m da4e-e0d9/tplx
  showcases/tsn/framereplication/automaticfailureprotection -c NoFrameReplication for 0.1s [1;33mINSERT[0;0m c07b-fcc0/tplx
  showcases/tsn/framereplication/multicastfailureprotection for 10ms [1;33mINSERT[0;0m 4392-0348/tplx
  showcases/tsn/streamfiltering/statistical -c NoStreamFiltering for 1s [1;33mINSERT[0;0m cc3c-a16e/tplx
  showcases/tsn/streamfiltering/statistical -c StreamFiltering for 1s [1;33mINSERT[0;0m bfa4-3344/tplx
  showcases/tsn/streamfiltering/tokenbucket -c NoStreamFiltering for 1s [1;33mINSERT[0;0m edbe-22a1/tplx
  showcases/tsn/streamfiltering/tokenbucket -c StreamFiltering for 1s [1;33mINSERT[0;0m 7684-0d2d/tplx
  showcases/tsn/trafficshaping/asynchronousshaper for 10s [1;33mINSERT[0;0m 320e-827b/tplx
  showcases/tsn/trafficshaping/cbsandats for 10s [1;33mINSERT[0;0m 70da-a5fd/tplx
  showcases/tsn/trafficshaping/cbsandtas for 10s [1;33mINSERT[0;0m 7dba-056f/tplx
  showcases/tsn/trafficshaping/creditbasedshaper for 10s [1;33mINSERT[0;0m 1e56-2a8d/tplx
  showcases/tsn/trafficshaping/timeawareshaper -c NoTrafficShaping for 1s [1;33mINSERT[0;0m eb71-1ba7/tplx
  showcases/tsn/trafficshaping/timeawareshaper -c TimeAwareShaping for 1s [1;33mINSERT[0;0m ae22-6d1f/tplx
  showcases/tsn/trafficshaping/underthehood for 10s [1;33mINSERT[0;0m 9cc8-89a2/tplx
  showcases/visualizer/canvas/radiomediumactivity -c DisplayingSignalsTransmissionsReceptions for 1000s [1;33mINSERT[0;0m 77ff-41a6/tplx
  showcases/visualizer/canvas/radiomediumactivity -c InterferingSignals for 1000s [1;33mINSERT[0;0m b5cd-def6/tplx
  showcases/visualizer/canvas/radiomediumactivity -c MultipleNodes for 1000s [1;33mINSERT[0;0m 75a1-6c7e/tplx
  showcases/wireless/aggregation -c Aggregation for 10s [1;33mINSERT[0;0m af8b-3830/tplx
  showcases/wireless/aggregation -c NoAggregation for 10s [1;33mINSERT[0;0m a97d-8f1d/tplx
  showcases/wireless/aggregation -c VoicePriorityAggregation for 10s [1;33mINSERT[0;0m 37e3-1dc8/tplx
  showcases/wireless/blockack for 1s [1;33mINSERT[0;0m 7b22-85db/tplx
  showcases/wireless/errorrate for 500s [1;33mINSERT[0;0m 5b22-0c1f/tplx
  showcases/wireless/fragmentation -c DCFfrag for 10s [1;33mINSERT[0;0m 7646-c030/tplx
  showcases/wireless/fragmentation -c DCFnofrag for 10s [1;33mINSERT[0;0m fcab-fb8a/tplx
  showcases/wireless/fragmentation -c HCFfrag for 10s [1;33mINSERT[0;0m f9ef-b224/tplx
  showcases/wireless/fragmentation -c HCFfragblockack for 10s [1;33mINSERT[0;0m 45ce-fff7/tplx
  showcases/wireless/fragmentation -f parameterstudy.ini -c OnlyPacketSizeDCFfrag for 10s [1;33mINSERT[0;0m 65fc-ffa3/tplx
  showcases/wireless/fragmentation -f parameterstudy.ini -c OnlyPacketSizeDCFnofrag for 10s [1;33mINSERT[0;0m 65fc-ffa3/tplx
  showcases/wireless/fragmentation -f parameterstudy.ini -c OnlyPacketSizeHCFfrag for 10s [1;33mINSERT[0;0m 3516-00e2/tplx
  showcases/wireless/fragmentation -f parameterstudy.ini -c PacketSizeDCFfrag for 1s [1;33mINSERT[0;0m a651-2fd7/tplx
  showcases/wireless/fragmentation -f parameterstudy.ini -c PacketSizeDCFnofrag for 1s [1;33mINSERT[0;0m ecf2-ca73/tplx
  showcases/wireless/fragmentation -f parameterstudy.ini -c PacketSizeHCFfrag for 1s [1;33mINSERT[0;0m b330-a166/tplx
  showcases/wireless/fragmentation -f parameterstudy.ini -c PacketSizeHCFfragblockack for 1s [1;33mINSERT[0;0m 5de7-c868/tplx
  showcases/wireless/fragmentation -f parameterstudy.ini -c ThresholdDCFfrag for 10s [1;33mINSERT[0;0m 51fb-f7b8/tplx
  showcases/wireless/fragmentation -f parameterstudy.ini -c ThresholdHCFfrag for 10s [1;33mINSERT[0;0m 28d9-bee6/tplx
  showcases/wireless/fragmentation -f parameterstudy.ini -c ThresholdHCFfragblockack for 10s [1;33mINSERT[0;0m cb06-3944/tplx
  showcases/wireless/fragmentation -f parameterstudy.ini -c TxPowerDCFfrag for 10s [1;33mINSERT[0;0m fe5b-053e/tplx
  showcases/wireless/fragmentation -f parameterstudy.ini -c TxPowerDCFnofrag for 10s [1;33mINSERT[0;0m e60f-7792/tplx
  showcases/wireless/fragmentation -f parameterstudy.ini -c TxPowerHCFfrag for 10s [1;33mINSERT[0;0m b124-0b4f/tplx
  showcases/wireless/fragmentation -f parameterstudy.ini -c TxPowerHCFfragblockack for 10s [1;33mINSERT[0;0m 5b43-2ce7/tplx
  showcases/wireless/pathloss for 9.14ms [1;33mINSERT[0;0m 549f-c7f1/tplx
  showcases/wireless/ratecontrol -c AarfRateControl for 25s [1;33mINSERT[0;0m 5e88-25a4/tplx
  showcases/wireless/ratecontrol -c NoRateControl for 25s [1;33mINSERT[0;0m 31ba-4227/tplx
  showcases/wireless/sensornetwork -c StatisticBMac for 25s [1;33mINSERT[0;0m a869-a32a/tplx
  showcases/wireless/sensornetwork -c StatisticXMac for 25s [1;33mINSERT[0;0m 26fc-578a/tplx
  tests/fingerprint -f ethernet-nonstandardspeed.ini for 5s [1;33mINSERT[0;0m 806b-52da/tplx
  tests/fingerprint -f ethernet-twohosts.ini for 1000s [1;33mINSERT[0;0m 21c5-2178/tplx
  tests/validation/tsn/framereplication for 0.1s [1;33mINSERT[0;0m d226-ec2b/tplx
  tests/validation/tsn/trafficshaping/asynchronousshaper/core4inet for 1s [1;33mINSERT[0;0m b053-97ee/tplx
  tests/validation/tsn/trafficshaping/asynchronousshaper/icct for 0.1s [1;33mINSERT[0;0m cab1-f177/tplx
  tests/validation/tsn/trafficshaping/creditbasedshaper for 1s [1;33mINSERT[0;0m 5c06-6fb9/tplx
  tutorials/bgp -c Step1 for 1000s [1;33mINSERT[0;0m 2ab4-e12e/tplx
  tutorials/bgp -c Step10 for 1000s [1;33mINSERT[0;0m 6637-e53c/tplx
  tutorials/bgp -c Step11 for 1000s [1;33mINSERT[0;0m e5c3-3b83/tplx
  tutorials/bgp -c Step2 for 1000s [1;33mINSERT[0;0m 3333-f3e9/tplx
  tutorials/bgp -c Step3 for 1000s [1;33mINSERT[0;0m 96fc-20b0/tplx
  tutorials/bgp -c Step4 for 1000s [1;33mINSERT[0;0m 812f-7dcb/tplx
  tutorials/bgp -c Step4a for 1000s [1;33mINSERT[0;0m 6fad-a523/tplx
  tutorials/bgp -c Step5 for 1000s [1;33mINSERT[0;0m 003b-40bb/tplx
  tutorials/bgp -c Step5a for 1000s [1;33mINSERT[0;0m 205f-8722/tplx
  tutorials/bgp -c Step5b for 1000s [1;33mINSERT[0;0m 26df-4411/tplx
  tutorials/bgp -c Step6 for 1000s [1;33mINSERT[0;0m 2fae-8cae/tplx
  tutorials/bgp -c Step7 for 1000s [1;33mINSERT[0;0m 21f3-3c50/tplx
  tutorials/bgp -c Step8 for 1000s [1;33mINSERT[0;0m 78f3-3572/tplx
  tutorials/bgp -c Step9 for 1000s [1;33mINSERT[0;0m 8810-bd17/tplx
  tutorials/fingerprint -c Ethernet for 0.2s [1;33mINSERT[0;0m 6325-3a21/tplx
  tutorials/fingerprint -c EthernetShortPacket for 0.2s [1;33mINSERT[0;0m 53d3-5b55/tplx
  tutorials/fingerprint -c Wifi for 5s [1;33mINSERT[0;0m 8994-d02f/tplx
  tutorials/fingerprint -c WifiShortPacket for 5s [1;33mINSERT[0;0m 406d-27d4/tplx
  tutorials/ospf -c Step1 for 1000s [1;33mINSERT[0;0m a937-694c/tplx
  tutorials/ospf -c Step10 for 1000s [1;33mINSERT[0;0m 7f46-2aa3/tplx
  tutorials/ospf -c Step10a for 1000s [1;33mINSERT[0;0m 7cc1-436c/tplx
  tutorials/ospf -c Step10b for 1000s [1;33mINSERT[0;0m 26cc-e82b/tplx
  tutorials/ospf -c Step10d for 1000s [1;33mINSERT[0;0m 7399-40be/tplx
  tutorials/ospf -c Step11 for 1000s [1;33mINSERT[0;0m f5e1-f5a8/tplx
  tutorials/ospf -c Step12 for 1000s [1;33mINSERT[0;0m 5128-48f9/tplx
  tutorials/ospf -c Step13 for 1000s [1;33mINSERT[0;0m 1453-9124/tplx
  tutorials/ospf -c Step14 for 1000s [1;33mINSERT[0;0m dab4-97b1/tplx
  tutorials/ospf -c Step15 for 1000s [1;33mINSERT[0;0m 59bf-fba0/tplx
  tutorials/ospf -c Step16 for 1000s [1;33mINSERT[0;0m 2906-3656/tplx
  tutorials/ospf -c Step17 for 1000s [1;33mINSERT[0;0m 3c8f-39c5/tplx
  tutorials/ospf -c Step17a for 1000s [1;33mINSERT[0;0m ec23-de1e/tplx
  tutorials/ospf -c Step17b for 1000s [1;33mINSERT[0;0m bf5b-2bf8/tplx
  tutorials/ospf -c Step18 for 1000s [1;33mINSERT[0;0m 929f-8a9a/tplx
  tutorials/ospf -c Step18a for 1000s [1;33mINSERT[0;0m ce3f-39fa/tplx
  tutorials/ospf -c Step18b for 1000s [1;33mINSERT[0;0m 929f-8a9a/tplx
  tutorials/ospf -c Step18c for 1000s [1;33mINSERT[0;0m c4f7-00a8/tplx
  tutorials/ospf -c Step18d for 1000s [1;33mINSERT[0;0m d422-57a2/tplx
  tutorials/ospf -c Step18e for 1000s [1;33mINSERT[0;0m 1fdc-dadc/tplx
  tutorials/ospf -c Step19 for 1000s [1;33mINSERT[0;0m 3621-41ee/tplx
  tutorials/ospf -c Step2 for 1000s [1;33mINSERT[0;0m 2861-629e/tplx
  tutorials/ospf -c Step20 for 1000s [1;33mINSERT[0;0m 4fc1-9e63/tplx
  tutorials/ospf -c Step21 for 1000s [1;33mINSERT[0;0m 547f-62bc/tplx
  tutorials/ospf -c Step22 for 1000s [1;33mINSERT[0;0m ce37-b0f9/tplx
  tutorials/ospf -c Step23 for 1000s [1;33mINSERT[0;0m 676e-63aa/tplx
  tutorials/ospf -c Step24 for 1000s [1;33mINSERT[0;0m d40c-2009/tplx
  tutorials/ospf -c Step25 for 1000s [1;33mINSERT[0;0m a937-694c/tplx
  tutorials/ospf -c Step2a for 1000s [1;33mINSERT[0;0m 1dca-00ea/tplx
  tutorials/ospf -c Step3 for 1000s [1;33mINSERT[0;0m 534f-bf89/tplx
  tutorials/ospf -c Step4 for 1000s [1;33mINSERT[0;0m c903-dff6/tplx
  tutorials/ospf -c Step4a for 1000s [1;33mINSERT[0;0m 5eb5-b897/tplx
  tutorials/ospf -c Step5 for 1000s [1;33mINSERT[0;0m fe66-b1c5/tplx
  tutorials/ospf -c Step5a for 1000s [1;33mINSERT[0;0m e862-50ef/tplx
  tutorials/ospf -c Step6 for 1000s [1;33mINSERT[0;0m 5ddd-30d5/tplx
  tutorials/ospf -c Step7 for 1000s [1;33mINSERT[0;0m ad5d-253d/tplx
  tutorials/ospf -c Step8 for 1000s [1;33mINSERT[0;0m 04eb-f855/tplx
  tutorials/ospf -c Step9 for 1000s [1;33mINSERT[0;0m 90ba-8099/tplx
  tutorials/queueing -c InputQueueSwitching for 1000s [1;33mINSERT[0;0m e4c4-cce5/tplx
  tutorials/queueing -c OutputQueueSwitching for 1000s [1;33mINSERT[0;0m 73cf-cede/tplx
  tutorials/rip -c Step1 for 100s [1;33mINSERT[0;0m 565a-d690/tplx
  tutorials/rip -c Step10 for 100s [1;33mINSERT[0;0m d77a-2347/tplx
  tutorials/rip -c Step2 for 100s [1;33mINSERT[0;0m 7d58-2dc9/tplx
  tutorials/rip -c Step3 for 200s [1;33mINSERT[0;0m 1701-fc9d/tplx
  tutorials/rip -c Step4A for 1000s [1;33mINSERT[0;0m 0ab4-4acf/tplx
  tutorials/rip -c Step4B for 1000s [1;33mINSERT[0;0m c98c-42ae/tplx
  tutorials/rip -c Step4C for 1000s [1;33mINSERT[0;0m b9de-45ec/tplx
  tutorials/rip -c Step5 for 200s [1;33mINSERT[0;0m 12c7-ae7f/tplx
  tutorials/rip -c Step6 for 500s [1;33mINSERT[0;0m 370a-953e/tplx
  tutorials/rip -c Step6DifferentTimings for 200s [1;33mINSERT[0;0m a49c-e1a2/tplx
  tutorials/rip -c Step6Solution1 for 200s [1;33mINSERT[0;0m d6d4-ce22/tplx
  tutorials/rip -c Step6Solution2 for 200s [1;33mINSERT[0;0m 1883-c00c/tplx
  tutorials/rip -c Step7 for 500s [1;33mINSERT[0;0m 8d8d-2c86/tplx
  tutorials/rip -c Step7SplitHorizon for 500s [1;33mINSERT[0;0m a314-639c/tplx
  tutorials/rip -c Step7TriggeredUpdates for 200s [1;33mINSERT[0;0m 7598-45a1/tplx
  tutorials/rip -c Step8 for 500s [1;33mINSERT[0;0m 8d8d-2c86/tplx
  tutorials/rip -c Step9 for 1500s [1;33mINSERT[0;0m fc76-914d/tplx
  tutorials/rip -c Step9NoNetmaskRoutes for 1500s [1;33mINSERT[0;0m bece-1800/tplx
  tutorials/stp -c Step1 for 20s [1;33mINSERT[0;0m cfe2-955e/tplx
  tutorials/stp -c Step2 for 100s [1;33mINSERT[0;0m 4d6d-5758/tplx
  tutorials/stp -c Step3 for 100s [1;33mINSERT[0;0m cd64-e68d/tplx
  tutorials/stp -c Step4 for 200s [1;33mINSERT[0;0m c420-4ec1/tplx
  tutorials/stp -c Step5 for 1000s [1;33mINSERT[0;0m 6deb-f8b5/tplx
  tutorials/stp -c Step6 for 30s [1;33mINSERT[0;0m 86cd-1450/tplx
  tutorials/stp -c Step7 for 1000s [1;33mINSERT[0;0m a8cb-1260/tplx
  tutorials/stp -c Step8 for 1000s [1;33mINSERT[0;0m d38d-49f9/tplx
  tutorials/wireless -c Wireless01 for 20s [1;33mINSERT[0;0m f43b-fcd4/tplx
  tutorials/wireless -c Wireless02 for 20s [1;33mINSERT[0;0m f43b-fcd4/tplx
  tutorials/wireless -c Wireless03 for 20s [1;33mINSERT[0;0m 2c5b-896e/tplx
  tutorials/wireless -c Wireless04 for 20s [1;33mINSERT[0;0m d36a-2aca/tplx
  tutorials/wireless -c Wireless05 for 20s [1;33mINSERT[0;0m 11dc-15b9/tplx
  tutorials/wireless -c Wireless06 for 20s [1;33mINSERT[0;0m d584-55d1/tplx
  tutorials/wireless -c Wireless07 for 20s [1;33mINSERT[0;0m 9231-5157/tplx
  tutorials/wireless -c Wireless08 for 20s [1;33mINSERT[0;0m 9231-5157/tplx
  tutorials/wireless -c Wireless09 for 20s [1;33mINSERT[0;0m bade-8193/tplx
  tutorials/wireless -c Wireless10 for 20s [1;33mINSERT[0;0m 10ba-5495/tplx
  tutorials/wireless -c Wireless11 for 20s [1;33mINSERT[0;0m 129e-e6ce/tplx
  tutorials/wireless -c Wireless12 for 20s [1;33mINSERT[0;0m aae8-c7d3/tplx
  tutorials/wireless -c Wireless13 for 20s [1;33mINSERT[0;0m 7d20-cecf/tplx
  tutorials/wireless -c Wireless14 for 20s [1;33mINSERT[0;0m 8d11-82fa/tplx
  examples/adhoc/idealwireless -c Ping1 for 100s [1;33mUPDATE[0;0m 0733-3cf2/tplx
  examples/adhoc/ieee80211 -c Ping1 for 1000s [1;33mUPDATE[0;0m 459c-3de8/tplx
  examples/aodv -c Dynamic for 60s [1;33mUPDATE[0;0m e106-be8d/tplx
  examples/aodv -c IPv4FastMobility for 50s [1;33mUPDATE[0;0m 1433-f057/tplx
  examples/aodv -c IPv4ModerateFastMobility for 50s [1;33mUPDATE[0;0m 0053-1a16/tplx
  examples/aodv -c IPv4SlowMobility for 50s [1;33mUPDATE[0;0m 948b-cfa1/tplx
  examples/aodv -c MoreDynamic for 100s [1;33mUPDATE[0;0m db8c-6206/tplx
  examples/aodv -c ShortestPath for 100s [1;33mUPDATE[0;0m 645d-3ef5/tplx
  examples/aodv -c SimpleLifecycle for 100s [1;33mUPDATE[0;0m 3e70-6cec/tplx
  examples/aodv -c SimpleRREQ for 100s [1;33mUPDATE[0;0m f6cf-5939/tplx
  examples/aodv -c SimpleRREQ2 for 100s [1;33mUPDATE[0;0m 3cb5-c97d/tplx
  examples/aodv -c Static for 50s [1;33mUPDATE[0;0m 8aeb-81ae/tplx
  examples/bgpv4/BgpOpen for 62s [1;33mUPDATE[0;0m d831-343e/tplx
  examples/bgpv4/BgpUpdate for 30s [1;33mUPDATE[0;0m 2735-be0e/tplx
  examples/clock for 10ms [1;33mUPDATE[0;0m 6dbe-ebdf/tplx
  examples/communicationcache -c MapCommunicationCache for 10s [1;33mUPDATE[0;0m de9a-b5eb/tplx
  examples/communicationcache -c ReferenceCommunicationCache for 10s [1;33mUPDATE[0;0m de9a-b5eb/tplx
  examples/communicationcache -c VectorCommunicationCache for 10s [1;33mUPDATE[0;0m de9a-b5eb/tplx
  examples/dhcp -c RebootingDHCP for 500s [1;33mUPDATE[0;0m e5a1-ef3a/tplx
  examples/dhcp -c WiredDHCP for 5000s [1;33mUPDATE[0;0m 3f5b-0be0/tplx
  examples/dhcp -c Wireless2DHCP for 500s [1;33mUPDATE[0;0m 3454-1ecd/tplx
  examples/dhcp -c WirelessDHCP for 500s [1;33mUPDATE[0;0m 6a28-39c3/tplx
  examples/diffserv/onedomain -c Exp11 for 10s [1;33mUPDATE[0;0m 4dff-679d/tplx
  examples/diffserv/onedomain -c Exp12 for 10s [1;33mUPDATE[0;0m 8179-5675/tplx
  examples/diffserv/onedomain -c Exp13 for 10s [1;33mUPDATE[0;0m 4125-d1b1/tplx
  examples/diffserv/onedomain -c Exp14 for 10s [1;33mUPDATE[0;0m 3ba8-60c7/tplx
  examples/diffserv/onedomain -c Exp15 for 10s [1;33mUPDATE[0;0m 3a1e-a61c/tplx
  examples/diffserv/onedomain -c Exp16 for 10s [1;33mUPDATE[0;0m 9d23-6176/tplx
  examples/diffserv/onedomain -c Exp17 for 10s [1;33mUPDATE[0;0m 1a8a-502c/tplx
  examples/diffserv/onedomain -c Exp21 for 10s [1;33mUPDATE[0;0m 2dc0-2c21/tplx
  examples/diffserv/onedomain -c Exp22 for 10s [1;33mUPDATE[0;0m 2dc0-2c21/tplx
  examples/diffserv/onedomain -c Exp23 for 10s [1;33mUPDATE[0;0m 2dc0-2c21/tplx
  examples/diffserv/onedomain -c Exp24 for 10s [1;33mUPDATE[0;0m b0fa-221c/tplx
  examples/diffserv/onedomain -c Exp31 for 10s [1;33mUPDATE[0;0m c7a5-e69a/tplx
  examples/diffserv/onedomain -c Exp32 for 10s [1;33mUPDATE[0;0m 63e4-db02/tplx
  examples/diffserv/onedomain -c Exp33 for 10s [1;33mUPDATE[0;0m ea69-7607/tplx
  examples/diffserv/onedomain -c Exp51 for 10s [1;33mUPDATE[0;0m 4ed1-66d9/tplx
  examples/diffserv/onedomain -c Exp52 for 10s [1;33mUPDATE[0;0m a454-dfe6/tplx
  examples/eigrp/basic -c EIGRP_no_load_balanc for 3min [1;33mUPDATE[0;0m 6e14-1954/tplx
  examples/eigrp/basic -c EIGRP_no_split_horizon for 3min [1;33mUPDATE[0;0m 80f4-29be/tplx
  examples/eigrp/basic -c EIGRP_passive_interface for 3min [1;33mUPDATE[0;0m 3b10-e81c/tplx
  examples/eigrp/basic -c EIGRP_unequal_cost_lb for 3min [1;33mUPDATE[0;0m 0dad-4a5a/tplx
  examples/eigrp/basic -c Scenario1 for 3min [1;33mUPDATE[0;0m 5093-8e2c/tplx
  examples/eigrp/basic -c Scenario2 for 3min [1;33mUPDATE[0;0m e0e9-bf59/tplx
  examples/eigrp/snake for 3min [1;33mUPDATE[0;0m 8fea-8b84/tplx
  examples/eigrp/square_stub for 3min [1;33mUPDATE[0;0m 2cd4-d222/tplx
  examples/eigrp/square_stub_mesh for 3min [1;33mUPDATE[0;0m d5cf-cfa2/tplx
  examples/eigrp/testing_scenario for 3min [1;33mUPDATE[0;0m 5ee5-6b96/tplx
  examples/eigrp/testing_scenario6 -c EIGRP-IPv6_exp1_bandwidth-change for 3min [1;33mUPDATE[0;0m 2470-1b77/tplx
  examples/eigrp/testing_scenario6 -c EIGRP-IPv6_exp1_bandwidth-change_global-addr for 3min [1;33mUPDATE[0;0m 56f3-2ba5/tplx
  examples/eigrp/testing_scenario6 -c EIGRP-IPv6_exp2_interface-down for 3min [1;33mUPDATE[0;0m 0cf0-c9e7/tplx
  examples/eigrp/testing_scenario6 -c EIGRP-IPv6_exp2_interface-down_global-addr for 3min [1;33mUPDATE[0;0m 2dab-0701/tplx
  examples/eigrp/testing_scenario_ds -c EIGRP-IPv6_exp1_datarate-change for 3min [1;33mUPDATE[0;0m 2a12-a1b0/tplx
  examples/eigrp/testing_scenario_ds -c EIGRP-IPv6_exp1_datarate-change_global-addr for 3min [1;33mUPDATE[0;0m 0e61-26a8/tplx
  examples/eigrp/testing_scenario_ds -c EIGRP-IPv6_exp2_interface-down for 3min [1;33mUPDATE[0;0m d11d-44ff/tplx
  examples/eigrp/testing_scenario_ds -c EIGRP-IPv6_exp2_interface-down_global-addr for 3min [1;33mUPDATE[0;0m 2018-abab/tplx
  examples/eigrp/two_node for 3min [1;33mUPDATE[0;0m ad68-effd/tplx
  examples/eigrp/two_node6 for 3min [1;33mUPDATE[0;0m e780-53b7/tplx
  examples/ethernet/TenBaseT1S -f bestcase.ini -c BestCase for 1ms [1;33mUPDATE[0;0m 1f0b-7161/tplx
  examples/ethernet/TenBaseT1S -f worstcase.ini -c WorstCase for 1ms [1;33mUPDATE[0;0m 94e7-ecf7/tplx
  examples/ethernet/arptest -c ARPTest for 500s [1;33mUPDATE[0;0m 611b-9145/tplx
  examples/ethernet/arptest2 -c ARPTest for 500s [1;33mUPDATE[0;0m 4ad2-553a/tplx
  examples/ethernet/lans -f hub.ini -c Hub2 for 10s [1;33mUPDATE[0;0m 45cf-fffb/tplx
  examples/ethernet/lans -f largeNet.ini -c LargeNet for 5s [1;33mUPDATE[0;0m c767-ae40/tplx
  examples/ethernet/lans -f switch.ini -c SwitchedLAN1 for 1000s [1;33mUPDATE[0;0m b511-7932/tplx
  examples/ethernet/lans -f switch.ini -c SwitchedLanPreconf for 1000s [1;33mUPDATE[0;0m d620-9f4c/tplx
  examples/ethernet/vlan -c Asymmetric for 10ms [1;33mUPDATE[0;0m 459a-2a03/tplx
  examples/ethernet/vlan -c BetweenHosts for 10ms [1;33mUPDATE[0;0m a912-3aec/tplx
  examples/ethernet/vlan -c BetweenSwitches for 10ms [1;33mUPDATE[0;0m 2ed4-6dad/tplx
  examples/ethernet/vlan -c DoubleTagged for 10ms [1;33mUPDATE[0;0m be71-0f40/tplx
  examples/ethernet/vlan -c NoVlan for 10ms [1;33mUPDATE[0;0m 090b-62b1/tplx
  examples/ethernet/vlan -c VirtualInterface for 10ms [1;33mUPDATE[0;0m e74d-9177/tplx
  examples/geometry for 100s [1;33mUPDATE[0;0m e851-5cca/tplx
  examples/ieee8021as -c Network for 200s [1;33mUPDATE[0;0m 321e-2acc/tplx
  examples/ieee8021as -c Network_daisy_chain for 200s [1;33mUPDATE[0;0m d089-eeec/tplx
  examples/ieee8021as -c Network_with_cross_traffic for 200s [1;33mUPDATE[0;0m d664-f389/tplx
  examples/inet/broadcast for 20s [1;33mUPDATE[0;0m 0fe6-dad8/tplx
  examples/inet/bulktransfer -c inet__inet for 50s [1;33mUPDATE[0;0m 71dd-2b8c/tplx
  examples/inet/bulktransfer -c inet_inet_2a for 50s [1;33mUPDATE[0;0m 604b-1ce3/tplx
  examples/inet/bulktransfer -c inet_inet_2b for 50s [1;33mUPDATE[0;0m 6ede-bd19/tplx
  examples/inet/configurator -c Default for 10s [1;33mUPDATE[0;0m 22eb-4272/tplx
  examples/inet/configurator -c DisableDestinationInterfaces for 10s [1;33mUPDATE[0;0m cea8-3e17/tplx
  examples/inet/configurator -c DisableLink for 10s [1;33mUPDATE[0;0m be5c-0c75/tplx
  examples/inet/configurator -c DisableNode for 10s [1;33mUPDATE[0;0m 6401-fd91/tplx
  examples/inet/configurator -c DisableSourceHost for 10s [1;33mUPDATE[0;0m f241-784e/tplx
  examples/inet/dctcp -c DcTcpIncast for 100s [1;33mUPDATE[0;0m 3c20-ec82/tplx
  examples/inet/dctcp -c TcpRenoIncast for 100s [1;33mUPDATE[0;0m 7e4b-9263/tplx
  examples/inet/flatnet for 200s [1;33mUPDATE[0;0m af21-4242/tplx
  examples/inet/hierarchical -c Hosts1 for 10000s [1;33mUPDATE[0;0m 54ed-86f6/tplx
  examples/inet/hierarchical -c Hosts1280 for 1s [1;33mUPDATE[0;0m 9a74-3176/tplx
  examples/inet/hierarchical -c Hosts16 for 10000s [1;33mUPDATE[0;0m bf43-da16/tplx
  examples/inet/hierarchical -c Hosts256 for 20s [1;33mUPDATE[0;0m 2eed-1f6f/tplx
  examples/inet/hierarchical99 -f networklayer.ini -c AdaptiveProbabilisticBroadcast for 10000s [1;33mUPDATE[0;0m 81eb-37bd/tplx
  examples/inet/hierarchical99 -f networklayer.ini -c Flooding for 10000s [1;33mUPDATE[0;0m 452d-7e2d/tplx
  examples/inet/hierarchical99 -f networklayer.ini -c Generic for 10000s [1;33mUPDATE[0;0m 7a65-6a4a/tplx
  examples/inet/hierarchical99 -f networklayer.ini -c IPv4 for 10000s [1;33mUPDATE[0;0m 3c19-9e49/tplx
  examples/inet/hierarchical99 -f networklayer.ini -c IPv6 for 10000s [1;33mUPDATE[0;0m bec4-2aef/tplx
  examples/inet/hierarchical99 -f networklayer.ini -c ProbabilisticBroadcast for 10000s [1;33mUPDATE[0;0m 8fc9-5fd2/tplx
  examples/inet/hierarchical99 -f networklayer.ini -c WiseRoute for 10000s [1;33mUPDATE[0;0m 0061-3ea9/tplx
  examples/inet/igmp -c IGMPv2 for 200s [1;33mUPDATE[0;0m 48e0-8a3d/tplx
  examples/inet/igmp -c IGMPv3 for 200s [1;33mUPDATE[0;0m c7c4-a830/tplx
  examples/inet/ipsec -c Multicast for 200s [1;33mUPDATE[0;0m e1a9-4058/tplx
  examples/inet/ipsec -c TCPTraffic for 200s [1;33mUPDATE[0;0m 5c54-f340/tplx
  examples/inet/ipsec -c UDPTraffic for 200s [1;33mUPDATE[0;0m 4a8b-0d22/tplx
  examples/inet/kidsnw1 for 1000s [1;33mUPDATE[0;0m a5d5-f2b6/tplx
  examples/inet/multicast for 2000s [1;33mUPDATE[0;0m 7856-fd6a/tplx
  examples/inet/nclients -f filetransfer.ini -c Filetransfer for 50s [1;33mUPDATE[0;0m 8de5-c709/tplx
  examples/inet/nclients -f nclients2.ini for 50s [1;33mUPDATE[0;0m bfbd-c969/tplx
  examples/inet/nclients -f omnetpp-ping.ini -c Ping for 10s [1;33mUPDATE[0;0m f13d-74bd/tplx
  examples/inet/nclients for 3000s [1;33mUPDATE[0;0m b166-7740/tplx
  examples/inet/nclients -f video.ini -c Video for 50s [1;33mUPDATE[0;0m 769d-cca1/tplx
  examples/inet/netperfmeter -c SCTP-with-OLIA for 30s [1;33mUPDATE[0;0m b41a-27f7/tplx
  examples/inet/pcaprecorder for 5000s [1;33mUPDATE[0;0m 8dc6-b711/tplx
  examples/inet/redmarker -c TcpSender1 for 100s [1;33mUPDATE[0;0m d49d-6e15/tplx
  examples/inet/routerperf for 100s [1;33mUPDATE[0;0m 1046-0504/tplx
  examples/inet/shutdownrestart -c Ping for 100s [1;33mUPDATE[0;0m 1983-8008/tplx
  examples/inet/shutdownrestart -c TCP for 100s [1;33mUPDATE[0;0m 404f-316a/tplx
  examples/inet/shutdownrestart -c UDP_Basic_Echo for 100s [1;33mUPDATE[0;0m 85b2-8853/tplx
  examples/inet/shutdownrestart -c UDP_Burst_Sink for 100s [1;33mUPDATE[0;0m b6dd-06ee/tplx
  examples/inet/shutdownrestart -c UDP_VideoStream for 100s [1;33mUPDATE[0;0m a912-7ca7/tplx
  examples/inet/tcp_eth_reconnect -c with_EtherMACFullDuplex for 10s [1;33mUPDATE[0;0m 4888-189b/tplx
  examples/inet/tcp_eth_reconnect -c with_EtherMAC_fullduplex for 10s [1;33mUPDATE[0;0m b786-0754/tplx
  examples/inet/tcp_eth_reconnect -c with_EtherMAC_halfduplex for 10s [1;33mUPDATE[0;0m d2dc-03a2/tplx
  examples/inet/tcp_ppp_reconnect for 10s [1;33mUPDATE[0;0m c0f9-a1e4/tplx
  examples/inet/tcpapp -c BurstyTraffic for 100s [1;33mUPDATE[0;0m 8ee4-3327/tplx
  examples/inet/tcpapp -c RequestResponseTraffic for 100s [1;33mUPDATE[0;0m 5bb5-0852/tplx
  examples/inet/tcpclientserver -c default_tcp for 100s [1;33mUPDATE[0;0m 34fe-72b5/tplx
  examples/inet/tcpclientserver -c inet-dumb for 500s [1;33mUPDATE[0;0m 022a-1341/tplx
  examples/inet/tcpclientserver -c inet-newreno for 500s [1;33mUPDATE[0;0m 920a-c929/tplx
  examples/inet/tcpclientserver -c inet-nocongestioncontrol for 500s [1;33mUPDATE[0;0m 3162-2eab/tplx
  examples/inet/tcpclientserver -c inet-reno for 500s [1;33mUPDATE[0;0m f01c-77fe/tplx
  examples/inet/tcpclientserver -c inet-tahoe for 500s [1;33mUPDATE[0;0m f01c-77fe/tplx
  examples/inet/tcpclientserver -c inet-vegas for 500s [1;33mUPDATE[0;0m f8ba-ab6e/tplx
  examples/inet/tcpclientserver -c inet-westwood for 500s [1;33mUPDATE[0;0m 7eb5-a730/tplx
  examples/inet/tcpclientserver -c inet__inet for 100s [1;33mUPDATE[0;0m 34fe-72b5/tplx
  examples/inet/tcpclientserver -c inet__inet_msg for 100s [1;33mUPDATE[0;0m 34fe-72b5/tplx
  examples/inet/tcpclientserver -c inet__inet_stream for 100s [1;33mUPDATE[0;0m 34fe-72b5/tplx
  examples/inet/tunnel -c TcpApp for 10s [1;33mUPDATE[0;0m 5f07-7f25/tplx
  examples/inet/tunnel -c UDPApp for 10s [1;33mUPDATE[0;0m ee9c-4166/tplx
  examples/inet/udpapp -c BurstyTraffic for 100s [1;33mUPDATE[0;0m 2d6c-129a/tplx
  examples/inet/udpapp -c RequestResponseTraffic for 100s [1;33mUPDATE[0;0m 5b32-bcdd/tplx
  examples/inet/udpburst for 1000s [1;33mUPDATE[0;0m 7751-f423/tplx
  examples/inet/udpclientserver -c udp_Fragment_ipv4 for 10s [1;33mUPDATE[0;0m eecb-c3ed/tplx
  examples/inet/udpclientserver -c udp_Host_Unav_gn for 10s [1;33mUPDATE[0;0m 10e5-e4c7/tplx
  examples/inet/udpclientserver -c udp_Host_Unav_ipv4 for 10s [1;33mUPDATE[0;0m 8450-d666/tplx
  examples/inet/udpclientserver -c udp_Host_Unav_ipv6 for 10s [1;33mUPDATE[0;0m 4dca-cc43/tplx
  examples/inet/udpclientserver -c udp_OK_gn for 10s [1;33mUPDATE[0;0m 10e5-e4c7/tplx
  examples/inet/udpclientserver -c udp_OK_ipv4 for 10s [1;33mUPDATE[0;0m f330-f37c/tplx
  examples/inet/udpclientserver -c udp_OK_ipv4_clock for 10s [1;33mUPDATE[0;0m f330-f37c/tplx
  examples/inet/udpclientserver -c udp_OK_ipv4_clock_adjust for 10s [1;33mUPDATE[0;0m 74c1-eb39/tplx
  examples/inet/udpclientserver -c udp_OK_ipv4_clock_drift for 10s [1;33mUPDATE[0;0m b3db-a16b/tplx
  examples/inet/udpclientserver -c udp_OK_ipv6 for 10s [1;33mUPDATE[0;0m 6be2-a631/tplx
  examples/inet/udpclientserver -c udp_Port_Unav_gn for 10s [1;33mUPDATE[0;0m 10e5-e4c7/tplx
  examples/inet/udpclientserver -c udp_Port_Unav_ipv4 for 10s [1;33mUPDATE[0;0m 0270-add5/tplx
  examples/inet/udpclientserver -c udp_Port_Unav_ipv6 for 10s [1;33mUPDATE[0;0m 76aa-cd3a/tplx
  examples/internetcloud/cloudandhosts -c simple for 100s [1;33mUPDATE[0;0m a1d0-9a34/tplx
  examples/internetcloud/cloudandhosts -c ten_senders for 100s [1;33mUPDATE[0;0m 99f5-777b/tplx
  examples/internetcloud/cloudandhosts -c two_senders for 100s [1;33mUPDATE[0;0m 194c-c868/tplx
  examples/internetcloud/cloudandrouters -c simple for 100s [1;33mUPDATE[0;0m e866-6b4d/tplx
  examples/internetcloud/cloudandrouters -c ten_senders for 100s [1;33mUPDATE[0;0m cb0f-0c74/tplx
  examples/internetcloud/cloudandrouters -c two_senders for 100s [1;33mUPDATE[0;0m 1d03-cf63/tplx
  examples/internetcloud/earthcloud for 100s [1;33mUPDATE[0;0m a43c-a366/tplx
  examples/ipv6/nclients -c ETH for 1000s [1;33mUPDATE[0;0m 0901-9f52/tplx
  examples/ipv6/nclients -c PPP for 1000s [1;33mUPDATE[0;0m 2a4d-f95a/tplx
  examples/ipv6/nclients -c PPP_SCTP for 100s [1;33mUPDATE[0;0m 23c7-536b/tplx
  examples/manetrouting/dsdv -c DynamicIPv4 for 22s [1;33mUPDATE[0;0m addf-0241/tplx
  examples/manetrouting/dsdv -c IPv4 for 10s [1;33mUPDATE[0;0m 375b-a57c/tplx
  examples/manetrouting/dsdv -c MultiIPv4 for 10s [1;33mUPDATE[0;0m 52d4-b7a3/tplx
  examples/manetrouting/dymo -c DynamicGeneric for 22s [1;33mUPDATE[0;0m dd24-b494/tplx
  examples/manetrouting/dymo -c DynamicIPv4 for 22s [1;33mUPDATE[0;0m 9b01-35d7/tplx
  examples/manetrouting/dymo -c DynamicIPv6 for 22s [1;33mUPDATE[0;0m a0fe-7e23/tplx
  examples/manetrouting/dymo -c Generic for 10s [1;33mUPDATE[0;0m 7274-90b3/tplx
  examples/manetrouting/dymo -c IPv4 for 10s [1;33mUPDATE[0;0m 620d-318a/tplx
  examples/manetrouting/dymo -c IPv6 for 10s [1;33mUPDATE[0;0m a986-3740/tplx
  examples/manetrouting/dymo -c MultiGeneric for 10s [1;33mUPDATE[0;0m 9e39-f8d7/tplx
  examples/manetrouting/dymo -c MultiIPv4 for 10s [1;33mUPDATE[0;0m e7b5-4e63/tplx
  examples/manetrouting/dymo -c MultiIPv6 for 10s [1;33mUPDATE[0;0m a986-3740/tplx
  examples/manetrouting/gpsr -c DynamicGeneric for 20s [1;33mUPDATE[0;0m c652-61ec/tplx
  examples/manetrouting/gpsr -c DynamicIPv4 for 20s [1;33mUPDATE[0;0m 743f-d454/tplx
  examples/manetrouting/gpsr -c DynamicIPv6 for 20s [1;33mUPDATE[0;0m 31bb-557c/tplx
  examples/manetrouting/gpsr -c Generic for 20s [1;33mUPDATE[0;0m cb5b-74cc/tplx
  examples/manetrouting/gpsr -c IPv4 for 20s [1;33mUPDATE[0;0m 0a99-2ed9/tplx
  examples/manetrouting/gpsr -c IPv6 for 20s [1;33mUPDATE[0;0m 05e7-8af2/tplx
  examples/manetrouting/gpsr -c Manual for 20s [1;33mUPDATE[0;0m 8709-c6e3/tplx
  examples/manetrouting/gpsr -c MultiGeneric for 20s [1;33mUPDATE[0;0m 306e-c73d/tplx
  examples/manetrouting/gpsr -c MultiIPv4 for 20s [1;33mUPDATE[0;0m 2e94-81fc/tplx
  examples/manetrouting/gpsr -c MultiIPv6 for 20s [1;33mUPDATE[0;0m 05e7-8af2/tplx
  examples/mrp -c LargeNetwork for 3s [1;33mUPDATE[0;0m 2023-4936/tplx
  examples/mrp -c LargeNetworkWithTraffic for 3s [1;33mUPDATE[0;0m fc90-5893/tplx
  examples/mrp -c MediumNetworkLC for 3s [1;33mUPDATE[0;0m 4d1a-11a6/tplx
  examples/mrp -c MediumNetworkLCWithTraffic for 3s [1;33mUPDATE[0;0m 661d-2dae/tplx
  examples/mrp -c MediumNetworkRC for 3s [1;33mUPDATE[0;0m bf95-9c8b/tplx
  examples/mrp -c SmallNetwork for 3s [1;33mUPDATE[0;0m ac5a-9da5/tplx
  examples/mrp -c SmallNetworkMRA for 3s [1;33mUPDATE[0;0m 0407-6945/tplx
  examples/mrp -c SmallNetworkMRAWithTraffic for 3s [1;33mUPDATE[0;0m db4d-d337/tplx
  examples/mrp -c SmallNetworkWithTraffic for 3s [1;33mUPDATE[0;0m fc25-3322/tplx
  examples/neighborcache -c GridNeighborCache for 100s [1;33mUPDATE[0;0m d9c0-2d1f/tplx
  examples/neighborcache -c NeighborListNeighborCache for 100s [1;33mUPDATE[0;0m d9c0-2d1f/tplx
  examples/neighborcache -c QuadTreeNeighborCache for 100s [1;33mUPDATE[0;0m d9c0-2d1f/tplx
  examples/neighborcache -c WithoutNeighborCache for 100s [1;33mUPDATE[0;0m ae90-c241/tplx
  examples/ospfv2/areas for 500s [1;33mUPDATE[0;0m f0d4-bd31/tplx
  examples/ospfv2/backbone for 100s [1;33mUPDATE[0;0m dee1-2f3f/tplx
  examples/ospfv2/simpletest -c AlwaysUp for 500s [1;33mUPDATE[0;0m 36e0-c7c5/tplx
  examples/ospfv2/simpletest -c CrashAndReboot for 500s [1;33mUPDATE[0;0m e670-db25/tplx
  examples/ospfv2/simpletest -c ShutdownAndRestart for 500s [1;33mUPDATE[0;0m 5edb-8038/tplx
  examples/ospfv3/multiple_areas_FINAL for 500s [1;33mUPDATE[0;0m 62b7-cbc7/tplx
  examples/ospfv3/multiple_areas_FINAL -c LinkDown for 500s [1;33mUPDATE[0;0m fac0-d57e/tplx
  examples/ospfv3/multiple_areas_FINAL -c LinkDownLinkUp for 500s [1;33mUPDATE[0;0m 44c8-0536/tplx
  examples/ospfv3/small for 200s [1;33mUPDATE[0;0m 011e-dd60/tplx
  examples/ospfv3/v3_2_routers for 400s [1;33mUPDATE[0;0m 75eb-fdf1/tplx
  examples/ospfv3/v3_2_routers -c LinkDownAndUp for 400s [1;33mUPDATE[0;0m 0783-3cee/tplx
  examples/ospfv3/v3_3_areas for 3000s [1;33mUPDATE[0;0m 7dfe-bfb6/tplx
  examples/ospfv3/v3_4_routers_2_areas for 300s [1;33mUPDATE[0;0m 9b3b-327f/tplx
  examples/ospfv3/v3_mesh for 500s [1;33mUPDATE[0;0m 5f31-ec79/tplx
  examples/ospfv3/v3_square_2_areas for 200s [1;33mUPDATE[0;0m d7d2-c39f/tplx
  examples/pim/iptv -c PIM_DM for 35s [1;33mUPDATE[0;0m 0de9-42a4/tplx
  examples/pim/iptv -c PIM_SM for 35s [1;33mUPDATE[0;0m d660-1f93/tplx
  examples/rtp/multicast1 for 500s [1;33mUPDATE[0;0m 3acc-24d9/tplx
  examples/rtp/unicast for 1500s [1;33mUPDATE[0;0m a33b-9d9d/tplx
  examples/rtp/unicast1 for 1000s [1;33mUPDATE[0;0m 8b89-1d79/tplx
  examples/rtp/unicast2 for 500s [1;33mUPDATE[0;0m ab7f-eaff/tplx
  examples/sctp/cmttest for 100s [1;33mUPDATE[0;0m a7ca-ddf1/tplx
  examples/sctp/multihomed for 500s [1;33mUPDATE[0;0m 3cae-8482/tplx
  examples/sctp/nclients for 500s [1;33mUPDATE[0;0m 679d-92c7/tplx
  examples/seaport for 1000s [1;33mUPDATE[0;0m 886d-eca4/tplx
  examples/timing for 0.1s [1;33mUPDATE[0;0m 5ce7-8e88/tplx
  examples/voip -c BadChannel for 200s [1;33mUPDATE[0;0m da7b-3247/tplx
  examples/voip -c GoodChannel for 200s [1;33mUPDATE[0;0m 0f2b-63b7/tplx
  examples/voip -c PeriodicChannel for 200s [1;33mUPDATE[0;0m 8468-2737/tplx
  examples/wireless/configurator for 100s [1;33mUPDATE[0;0m 5785-37cd/tplx
  examples/wireless/corruptionmode -c BitCorruptionMode for 10s [1;33mUPDATE[0;0m af44-f606/tplx
  examples/wireless/corruptionmode -c ByteCorruptionMode for 10s [1;33mUPDATE[0;0m f495-f22b/tplx
  examples/wireless/corruptionmode -c ChunkCorruptionMode for 10s [1;33mUPDATE[0;0m 0a56-2912/tplx
  examples/wireless/corruptionmode -c PacketCorruptionMode for 10s [1;33mUPDATE[0;0m 018a-e962/tplx
  examples/wireless/dynamic for 100s [1;33mUPDATE[0;0m 14f0-2742/tplx
  examples/wireless/filtering -c CommunicationRangeFilter for 100s [1;33mUPDATE[0;0m 1c05-3106/tplx
  examples/wireless/filtering -c ListeningFilter for 100s [1;33mUPDATE[0;0m 0c9b-9995/tplx
  examples/wireless/filtering -c MacAddressFilter for 100s [1;33mUPDATE[0;0m 14a7-ae63/tplx
  examples/wireless/filtering -c RadioModeFilter for 100s [1;33mUPDATE[0;0m ac56-bc84/tplx
  examples/wireless/handover for 1500s [1;33mUPDATE[0;0m 96a4-92d2/tplx
  examples/wireless/hiddennode for 5s [1;33mUPDATE[0;0m d965-e9b7/tplx
  examples/wireless/hosttohost -c Throughput1 for 5s [1;33mUPDATE[0;0m 93b6-a2e4/tplx
  examples/wireless/lan80211 -f omnetpp-ftp.ini -c TwoHosts for 100s [1;33mUPDATE[0;0m 9456-ae1f/tplx
  examples/wireless/lan80211 -f omnetpp-streaming.ini -c Streaming1 for 50s [1;33mUPDATE[0;0m a2f3-9077/tplx
  examples/wireless/lan80211 -c Ping1 for 25s [1;33mUPDATE[0;0m 8bfe-5609/tplx
  examples/wireless/lan80211ac -c Ping1 for 100s [1;33mUPDATE[0;0m b4a8-23a9/tplx
  examples/wireless/layeredapsk for 100s [1;33mUPDATE[0;0m cc04-1144/tplx
  examples/wireless/mactest -c MacDcf for 100s [1;33mUPDATE[0;0m 43ad-94cd/tplx
  examples/wireless/mactest -c MacEdca for 100s [1;33mUPDATE[0;0m 8e2a-63cf/tplx
  examples/wireless/multiradio -c IndependentWlans for 100s [1;33mUPDATE[0;0m fb25-c4a9/tplx
  examples/wireless/multiradio -c RoutedWlans for 100s [1;33mUPDATE[0;0m 574f-1392/tplx
  examples/wireless/multiradio -c SwitchedWlans for 100s [1;33mUPDATE[0;0m b466-c285/tplx
  examples/wireless/nic -c AckingMacWithApskDimensionalRadio for 100s [1;33mUPDATE[0;0m d597-a8ec/tplx
  examples/wireless/nic -c AckingMacWithApskScalarRadio for 100s [1;33mUPDATE[0;0m d597-a8ec/tplx
  examples/wireless/nic -c AckingMacWithUnitDiskRadio for 100s [1;33mUPDATE[0;0m d597-a8ec/tplx
  examples/wireless/nic -c BMacWithApskDimensionalRadio for 100s [1;33mUPDATE[0;0m f2ec-8bfd/tplx
  examples/wireless/nic -c BMacWithApskScalarRadio for 100s [1;33mUPDATE[0;0m f2ec-8bfd/tplx
  examples/wireless/nic -c BMacWithUnitDiskRadio for 100s [1;33mUPDATE[0;0m 7cf6-dcfa/tplx
  examples/wireless/nic -c CSMAWithApskDimensionalRadio for 100s [1;33mUPDATE[0;0m fef6-6cf4/tplx
  examples/wireless/nic -c CSMAWithApskScalarRadio for 100s [1;33mUPDATE[0;0m fef6-6cf4/tplx
  examples/wireless/nic -c CSMAWithUnitDiskRadio for 100s [1;33mUPDATE[0;0m fef6-6cf4/tplx
  examples/wireless/nic -c CsmaCaWithApskDimensionalRadio for 100s [1;33mUPDATE[0;0m 21d4-4833/tplx
  examples/wireless/nic -c CsmaCaWithApskScalarRadio for 100s [1;33mUPDATE[0;0m 21d4-4833/tplx
  examples/wireless/nic -c CsmaCaWithUnitDiskRadio for 100s [1;33mUPDATE[0;0m 21d4-4833/tplx
  examples/wireless/nic -c Ieee80211MacV2X for 1s [1;33mUPDATE[0;0m bf81-6b04/tplx
  examples/wireless/nic -c Ieee80211MacWithIeee80211DimensionalRadio for 100s [1;33mUPDATE[0;0m cfee-f6e5/tplx
  examples/wireless/nic -c Ieee80211MacWithIeee80211ScalarRadio for 100s [1;33mUPDATE[0;0m c408-388b/tplx
  examples/wireless/nic -c Ieee80211MacWithUnitDiskRadio for 100s [1;33mUPDATE[0;0m 6015-b8d7/tplx
  examples/wireless/nic -c LMacWithApskDimensionalRadio for 100s [1;33mUPDATE[0;0m e326-1b39/tplx
  examples/wireless/nic -c LMacWithApskScalarRadio for 100s [1;33mUPDATE[0;0m e326-1b39/tplx
  examples/wireless/nic -c LMacWithUnitDiskRadio for 100s [1;33mUPDATE[0;0m e751-d270/tplx
  examples/wireless/nic -c XMacWithApskDimensionalRadio for 100s [1;33mUPDATE[0;0m 7cb2-0f66/tplx
  examples/wireless/nic -c XMacWithApskScalarRadio for 100s [1;33mUPDATE[0;0m 7cb2-0f66/tplx
  examples/wireless/nic -c XMacWithUnitDiskRadio for 100s [1;33mUPDATE[0;0m 7cb2-0f66/tplx
  examples/wireless/obstacle -c Indoor for 100s [1;33mUPDATE[0;0m 813f-3384/tplx
  examples/wireless/obstacle -c Orbit for 100s [1;33mUPDATE[0;0m 6979-b446/tplx
  examples/wireless/obstacle -c Outdoor for 100s [1;33mUPDATE[0;0m 26c6-2d00/tplx
  examples/wireless/power for 100s [1;33mUPDATE[0;0m 875e-6ee3/tplx
  examples/wireless/qos -c MacNonQos for 10s [1;33mUPDATE[0;0m 5300-822c/tplx
  examples/wireless/qos -c MacQos for 10s [1;33mUPDATE[0;0m 8964-1426/tplx
  examples/wireless/qos -c MacQosWithBlockAck for 10s [1;33mUPDATE[0;0m f1c5-bc05/tplx
  examples/wireless/qos -c MacQosWithRtsCts for 10s [1;33mUPDATE[0;0m d471-ab45/tplx
  examples/wireless/qos -c MacQosWithoutAggregation for 10s [1;33mUPDATE[0;0m 72bf-134e/tplx
  examples/wireless/ratecontrol -c Mac for 100s [1;33mUPDATE[0;0m f334-e87b/tplx
  examples/wireless/scaling -c DimensionalRadioMedium for 0.1s [1;33mUPDATE[0;0m df16-f6c3/tplx
  examples/wireless/shortcut -c ShortcutMac for 1000s [1;33mUPDATE[0;0m a4e0-6490/tplx
  examples/wireless/shortcut -c ShortcutRadio for 1000s [1;33mUPDATE[0;0m ad8b-11b6/tplx
  examples/wireless/synchronized -c NonSynchronized for 2s [1;33mUPDATE[0;0m 881f-af31/tplx
  examples/wireless/synchronized -c Synchronized for 2s [1;33mUPDATE[0;0m 4d92-b4a5/tplx
  examples/wireless/testnewmac -c Mac for 10s [1;33mUPDATE[0;0m b486-dff7/tplx
  examples/wireless/throughput -c Throughput1 for 20s [1;33mUPDATE[0;0m 7cf1-34a3/tplx
  examples/wireless/throughput -c Throughput2 for 10s [1;33mUPDATE[0;0m c974-418c/tplx
  showcases/general/pcaprecording -c PcapRecording for 10s [1;33mUPDATE[0;0m 1346-2d4f/tplx
  showcases/measurement/datarate for 1s [1;33mUPDATE[0;0m 7128-d56c/tplx
  showcases/measurement/endtoenddelay for 1s [1;33mUPDATE[0;0m 3661-0865/tplx
  showcases/measurement/propagationtime for 1s [1;33mUPDATE[0;0m f903-e0e6/tplx
  showcases/measurement/residencetime for 1s [1;33mUPDATE[0;0m 16a1-e3bb/tplx
  showcases/measurement/throughput for 1s [1;33mUPDATE[0;0m fd39-e02b/tplx
  showcases/measurement/transmissiontime for 1s [1;33mUPDATE[0;0m e317-ff76/tplx
  showcases/measurement/utilization for 1s [1;33mUPDATE[0;0m 979d-a3e7/tplx
  showcases/mobility/basic -c BonnMotionMobility for 100s [1;33mUPDATE[0;0m 747c-414a/tplx
  showcases/mobility/basic -c CircleMobility for 100s [1;33mUPDATE[0;0m 4e3c-92ab/tplx
  showcases/mobility/basic -c FacingMobility for 100s [1;33mUPDATE[0;0m a9c2-c940/tplx
  showcases/mobility/basic -c GaussMarkovMobility for 100s [1;33mUPDATE[0;0m e1a6-88f3/tplx
  showcases/mobility/basic -c LinearMobility for 100s [1;33mUPDATE[0;0m e1a6-88f3/tplx
  showcases/mobility/basic -c TurtleMobility for 100s [1;33mUPDATE[0;0m 8510-0854/tplx
  showcases/mobility/combining -c Attached1 for 100s [1;33mUPDATE[0;0m 6456-50a1/tplx
  showcases/mobility/combining -c Attached2 for 100s [1;33mUPDATE[0;0m 6456-50a1/tplx
  showcases/mobility/combining -c Attached3D for 100s [1;33mUPDATE[0;0m 8099-3af1/tplx
  showcases/mobility/combining -c Superpositioning1 for 100s [1;33mUPDATE[0;0m 8306-6fda/tplx
  showcases/mobility/combining -c Superpositioning2 for 100s [1;33mUPDATE[0;0m 8099-3af1/tplx
  showcases/mobility/spatial -c Drone for 100s [1;33mUPDATE[0;0m 2e52-cdaa/tplx
  showcases/mobility/spatial -c Spiral for 100s [1;33mUPDATE[0;0m 4ff6-dab8/tplx
  showcases/routing/manet -c Aodv for 100s [1;33mUPDATE[0;0m beb0-0b5c/tplx
  showcases/routing/manet -c Dsdv for 100s [1;33mUPDATE[0;0m deef-1e7d/tplx
  showcases/routing/manet -c Gpsr for 100s [1;33mUPDATE[0;0m 5557-e96e/tplx
  showcases/tsn/combiningfeatures/fpandtas for 10ms [1;33mUPDATE[0;0m 3b7e-2e89/tplx
  showcases/tsn/combiningfeatures/invehicle -c StandardEthernet for 10ms [1;33mUPDATE[0;0m f5ed-5580/tplx
  showcases/tsn/cutthroughswitching -c CutthroughSwitching for 1s [1;33mUPDATE[0;0m 6351-c226/tplx
  showcases/tsn/cutthroughswitching -c StoreAndForward for 1s [1;33mUPDATE[0;0m 9223-b057/tplx
  showcases/tsn/framepreemption -c FifoQueueing for 1s [1;33mUPDATE[0;0m 4501-3bb9/tplx
  showcases/tsn/framepreemption -c FramePreemption for 1s [1;33mUPDATE[0;0m 858f-98ec/tplx
  showcases/tsn/framepreemption -c PriorityQueueing for 1s [1;33mUPDATE[0;0m 31eb-8ea7/tplx
  showcases/tsn/framepreemption -c RealisticFifoQueueing for 1s [1;33mUPDATE[0;0m 8fd2-8d9e/tplx
  showcases/tsn/framepreemption -c RealisticFramePreemption for 1s [1;33mUPDATE[0;0m 14de-3f45/tplx
  showcases/tsn/framepreemption -c RealisticPriorityQueueing for 1s [1;33mUPDATE[0;0m 071d-7a94/tplx
  showcases/tsn/framereplication/automaticmultipathconfiguration for 0.1s [1;33mUPDATE[0;0m 11ab-794a/tplx
  showcases/tsn/framereplication/manualconfiguration for 0.1s [1;33mUPDATE[0;0m a989-6cc3/tplx
  showcases/tsn/gatescheduling/eager -c Eager for 0.2s [1;33mUPDATE[0;0m b8ff-4f97/tplx
  showcases/tsn/streamfiltering/underthehood for 1s [1;33mUPDATE[0;0m 83e1-10c1/tplx
  showcases/tsn/timesynchronization/clockdrift -c ConstantClockDrift for 0.1s [1;33mUPDATE[0;0m ba5e-d005/tplx
  showcases/tsn/timesynchronization/clockdrift -c ConstantClockDriftOutOfBandSync for 0.1s [1;33mUPDATE[0;0m 8e96-fbbc/tplx
  showcases/tsn/timesynchronization/clockdrift -c NoClockDrift for 0.1s [1;33mUPDATE[0;0m 1b7f-2abf/tplx
  showcases/tsn/timesynchronization/clockdrift -c RandomClockDrift for 0.1s [1;33mUPDATE[0;0m b0f4-fb75/tplx
  showcases/tsn/timesynchronization/clockdrift -c RandomClockDriftGptpSync for 0.1s [1;33mUPDATE[0;0m 1d38-b024/tplx
  showcases/tsn/timesynchronization/clockdrift -c RandomClockDriftOutOfBandSync for 0.1s [1;33mUPDATE[0;0m 4dce-6950/tplx
  showcases/tsn/timesynchronization/gptp -c OneMasterClock for 1s [1;33mUPDATE[0;0m 6a1d-b77d/tplx
  showcases/tsn/timesynchronization/gptp -c PrimaryAndHotStandbyMasterClocks for 1s [1;33mUPDATE[0;0m 9d3b-f594/tplx
  showcases/tsn/timesynchronization/gptp -c TwoMasterClocksExploitingNetworkRedundancy for 1s [1;33mUPDATE[0;0m 09e2-4617/tplx
  showcases/visualizer/canvas/datalinkactivity -c ActivityLevel for 100s [1;33mUPDATE[0;0m 5369-a3a5/tplx
  showcases/visualizer/canvas/datalinkactivity -c Dynamic for 500s [1;33mUPDATE[0;0m 198a-955f/tplx
  showcases/visualizer/canvas/datalinkactivity -c EnablingVisualizationWired for 500s [1;33mUPDATE[0;0m 4235-e5dd/tplx
  showcases/visualizer/canvas/datalinkactivity -c EnablingVisualizationWireless for 500s [1;33mUPDATE[0;0m d80a-3f2b/tplx
  showcases/visualizer/canvas/datalinkactivity -c Filtering for 500s [1;33mUPDATE[0;0m 79a7-f5a4/tplx
  showcases/visualizer/canvas/ieee80211 -c MultipleNetworks for 5s [1;33mUPDATE[0;0m a84d-f0b0/tplx
  showcases/visualizer/canvas/ieee80211 -c OneNetwork for 5s [1;33mUPDATE[0;0m f6b9-da59/tplx
  showcases/visualizer/canvas/ieee80211 -c SignalLevels for 100s [1;33mUPDATE[0;0m 990d-8312/tplx
  showcases/visualizer/canvas/ieee80211 -c VisualizingHandover for 250s [1;33mUPDATE[0;0m 272e-f5de/tplx
  showcases/visualizer/canvas/instrumentfigures for 3s [1;33mUPDATE[0;0m 2673-107f/tplx
  showcases/visualizer/canvas/interfacetable -c AdvancedFeatures for 5s [1;33mUPDATE[0;0m 005a-9ff6/tplx
  showcases/visualizer/canvas/mobility -c VisualizingFeatures for 500s [1;33mUPDATE[0;0m 5e88-7eea/tplx
  showcases/visualizer/canvas/networkpathactivity -c ChangingPaths for 250s [1;33mUPDATE[0;0m 33cf-0e9a/tplx
  showcases/visualizer/canvas/networkpathactivity -c EnablingVisualization for 500s [1;33mUPDATE[0;0m 6618-e665/tplx
  showcases/visualizer/canvas/networkpathactivity -c Mobile for 500s [1;33mUPDATE[0;0m fbb6-cddd/tplx
  showcases/visualizer/canvas/networkpathactivity -c StaticNetworkPaths for 500s [1;33mUPDATE[0;0m 66fc-ed9c/tplx
  showcases/visualizer/canvas/packetdrop -c ArpResolutionFailed for 500s [1;33mUPDATE[0;0m 1b28-bb5f/tplx
  showcases/visualizer/canvas/packetdrop -c InterfaceNotConnected for 500s [1;33mUPDATE[0;0m 8052-47d3/tplx
  showcases/visualizer/canvas/packetdrop -c MACRetryLimitReached for 500s [1;33mUPDATE[0;0m cb05-1cbf/tplx
  showcases/visualizer/canvas/packetdrop -c NoRouteToDestination for 500s [1;33mUPDATE[0;0m dc46-093b/tplx
  showcases/visualizer/canvas/packetdrop -c QueueOverflow for 2002ms [1;33mUPDATE[0;0m 1fe7-ad5d/tplx
  showcases/visualizer/canvas/physicallinkactivity -c EnablingVisualization for 500s [1;33mUPDATE[0;0m c747-26e5/tplx
  showcases/visualizer/canvas/physicallinkactivity -c Filtering for 250s [1;33mUPDATE[0;0m befb-6e36/tplx
  showcases/visualizer/canvas/physicallinkactivity -c Mobile for 500s [1;33mUPDATE[0;0m 6567-ee41/tplx
  showcases/visualizer/canvas/routingtable -c Dynamic for 500s [1;33mUPDATE[0;0m fd54-46ee/tplx
  showcases/visualizer/canvas/spectrum -c PowerDensityMap for 1s [1;33mUPDATE[0;0m c025-25aa/tplx
  showcases/visualizer/canvas/spectrum -c Spectrogram for 1s [1;33mUPDATE[0;0m ee60-1a7b/tplx
  showcases/visualizer/canvas/spectrum -c SpectrumFigure for 1s [1;33mUPDATE[0;0m ee60-1a7b/tplx
  showcases/visualizer/canvas/statistic -c PacketErrorRate for 25s [1;33mUPDATE[0;0m 3c46-07cb/tplx
  showcases/visualizer/canvas/statistic -c PingRtt for 500s [1;33mUPDATE[0;0m 466c-5eb4/tplx
  showcases/visualizer/canvas/styling -c Annotation for 25s [1;33mUPDATE[0;0m a082-9adf/tplx
  showcases/visualizer/canvas/styling -c Font for 25s [1;33mUPDATE[0;0m a2fe-82b0/tplx
  showcases/visualizer/canvas/styling -c Icon for 25s [1;33mUPDATE[0;0m 8966-29f8/tplx
  showcases/visualizer/canvas/styling -c Line for 25s [1;33mUPDATE[0;0m a2fe-82b0/tplx
  showcases/visualizer/canvas/submoduleinfo -c MACStates for 5s [1;33mUPDATE[0;0m 3313-475d/tplx
  showcases/visualizer/canvas/submoduleinfo -c PacketCounts for 5s [1;33mUPDATE[0;0m 3313-475d/tplx
  showcases/visualizer/canvas/transportconnection -c EnablingVisualization for 2s [1;33mUPDATE[0;0m 3739-c5bb/tplx
  showcases/visualizer/canvas/transportconnection -c MultipleConnections for 2s [1;33mUPDATE[0;0m 9f53-c036/tplx
  showcases/visualizer/canvas/transportpathactivity -c EnablingPathVisualizationWired for 500s [1;33mUPDATE[0;0m faa1-bb96/tplx
  showcases/visualizer/canvas/transportpathactivity -c EnablingPathVisualizationWireless for 500s [1;33mUPDATE[0;0m d6ca-cd2f/tplx
  showcases/visualizer/canvas/transportpathactivity -c Filtering for 100s [1;33mUPDATE[0;0m f0ad-f5a3/tplx
  showcases/wireless/analogmodel -c Distance for 2.5s [1;33mUPDATE[0;0m c206-3874/tplx
  showcases/wireless/analogmodel -c Noise for 0.1s [1;33mUPDATE[0;0m cb2c-9afe/tplx
  showcases/wireless/analogmodel -c Routing for 5s [1;33mUPDATE[0;0m e5d5-e111/tplx
  showcases/wireless/blockack -c Fragmentation for 1s [1;33mUPDATE[0;0m 515f-aa93/tplx
  showcases/wireless/blockack -c MixedTraffic for 1s [1;33mUPDATE[0;0m de8b-f10a/tplx
  showcases/wireless/blockack -c NoFragmentation for 1s [1;33mUPDATE[0;0m 7b22-85db/tplx
  showcases/wireless/coexistence -c Coexistence for 5s [1;33mUPDATE[0;0m 7738-2871/tplx
  showcases/wireless/coexistence -c WifiHosts for 5s [1;33mUPDATE[0;0m ecf7-1090/tplx
  showcases/wireless/coexistence -c WpanHosts for 5s [1;33mUPDATE[0;0m 399e-18db/tplx
  showcases/wireless/crosstalk -c CompletelyOverlappingFrequencyBands for 1s [1;33mUPDATE[0;0m 8e6d-c20e/tplx
  showcases/wireless/crosstalk -c IndependentFrequencyBandsOneRadioMediumModule for 1s [1;33mUPDATE[0;0m 1e19-dfc5/tplx
  showcases/wireless/crosstalk -c IndependentFrequencyBandsTwoRadioMediumModules for 1s [1;33mUPDATE[0;0m e0ea-b911/tplx
  showcases/wireless/crosstalk -c PartiallyOverlappingFrequencyBands for 1s [1;33mUPDATE[0;0m 422d-75fe/tplx
  showcases/wireless/directionalantennas -c AxiallySymmetricAntenna for 360s [1;33mUPDATE[0;0m cb5e-b9ea/tplx
  showcases/wireless/directionalantennas -c CosineAntenna for 360s [1;33mUPDATE[0;0m d23f-4582/tplx
  showcases/wireless/directionalantennas -c DipoleAntenna for 360s [1;33mUPDATE[0;0m 7083-5398/tplx
  showcases/wireless/directionalantennas -c IsotropicAntenna for 360s [1;33mUPDATE[0;0m 87fa-a910/tplx
  showcases/wireless/directionalantennas -c ParabolicAntenna for 360s [1;33mUPDATE[0;0m 684f-20f0/tplx
  showcases/wireless/handover for 250s [1;33mUPDATE[0;0m ad76-9b0e/tplx
  showcases/wireless/hiddennode -c WallOffRtsOff for 5s [1;33mUPDATE[0;0m abf5-d5d9/tplx
  showcases/wireless/hiddennode -c WallOffRtsOn for 5s [1;33mUPDATE[0;0m eb8a-a6ab/tplx
  showcases/wireless/hiddennode -c WallOnRtsOff for 5s [1;33mUPDATE[0;0m efc9-a238/tplx
  showcases/wireless/hiddennode -c WallOnRtsOn for 5s [1;33mUPDATE[0;0m ddd4-6029/tplx
  showcases/wireless/ieee802154 -c Ieee802154Power for 100s [1;33mUPDATE[0;0m 374b-e5d7/tplx
  showcases/wireless/multiradio for 100s [1;33mUPDATE[0;0m c45d-8da1/tplx
  showcases/wireless/power for 100s [1;33mUPDATE[0;0m 2528-d8d1/tplx
  showcases/wireless/qos -c NonQos for 10s [1;33mUPDATE[0;0m 8d3a-f6a9/tplx
  showcases/wireless/qos -c Qos for 10s [1;33mUPDATE[0;0m b6ae-01c8/tplx
  showcases/wireless/sensornetwork -c BMac for 25s [1;33mUPDATE[0;0m 3d11-06e1/tplx
  showcases/wireless/sensornetwork -c LMac for 25s [1;33mUPDATE[0;0m a003-856f/tplx
  showcases/wireless/sensornetwork -c XMac for 25s [1;33mUPDATE[0;0m b496-ce67/tplx
  showcases/wireless/throughput for 1s [1;33mUPDATE[0;0m 34b0-8977/tplx
  showcases/wireless/txop for 5s [1;33mUPDATE[0;0m 8ee5-06b0/tplx
  tests/fingerprint -f ethernet-bus-reconnect.ini for 5.2s [1;33mUPDATE[0;0m 1422-c9b7/tplx
  tests/fingerprint -f ethernet-hub-reconnect.ini for 5.2s [1;33mUPDATE[0;0m 2774-485f/tplx
  tests/fingerprint -f ethernet-hub.ini for 100s [1;33mUPDATE[0;0m b515-e044/tplx
  tests/fingerprint -f ethernet-switch.ini for 10s [1;33mUPDATE[0;0m 474e-a200/tplx
  tutorials/configurator -c Step10A for 100s [1;33mUPDATE[0;0m 96cc-c87c/tplx
  tutorials/configurator -c Step10B for 100s [1;33mUPDATE[0;0m 96cc-c87c/tplx
  tutorials/configurator -c Step10C for 100s [1;33mUPDATE[0;0m e452-47b4/tplx
  tutorials/configurator -c Step11B for 500s [1;33mUPDATE[0;0m 9886-f4cc/tplx
  tutorials/configurator -c Step12 for 100s [1;33mUPDATE[0;0m 136d-fcf7/tplx
  tutorials/configurator -c Step4 for 500s [1;33mUPDATE[0;0m 4f49-5e26/tplx
  tutorials/configurator -c Step5A for 500s [1;33mUPDATE[0;0m bb4f-2668/tplx
  tutorials/configurator -c Step5B for 500s [1;33mUPDATE[0;0m 4888-3f7a/tplx
  tutorials/configurator -c Step6A for 500s [1;33mUPDATE[0;0m 016e-869f/tplx
  tutorials/configurator -c Step6B for 500s [1;33mUPDATE[0;0m 016e-869f/tplx
  tutorials/configurator -c Step8A for 100s [1;33mUPDATE[0;0m a38a-9cf5/tplx
  tutorials/configurator -c Step8B for 100s [1;33mUPDATE[0;0m c2ea-f31c/tplx
  tutorials/configurator -c Step9 for 100s [1;33mUPDATE[0;0m 9ad7-cb9e/tplx
  tutorials/queueing -c ActiveSourcePassiveSink for 10s [1;33mUPDATE[0;0m a7f5-0035/tplx
  tutorials/queueing -c Buffer for 10s [1;33mUPDATE[0;0m 8d3a-a21f/tplx
  tutorials/queueing -c Cloner for 10s [1;33mUPDATE[0;0m 6b40-2f8a/tplx
  tutorials/queueing -c Comparator for 10s [1;33mUPDATE[0;0m 69f1-fbb6/tplx
  tutorials/queueing -c CompoundQueue for 10s [1;33mUPDATE[0;0m aa36-82f2/tplx
  tutorials/queueing -c ContentBasedClassifier for 10s [1;33mUPDATE[0;0m 7cf2-ef56/tplx
  tutorials/queueing -c ContentBasedScheduler for 10s [1;33mUPDATE[0;0m 0e6e-28f6/tplx
  tutorials/queueing -c ContentBasedTagger for 10s [1;33mUPDATE[0;0m 1bda-a00b/tplx
  tutorials/queueing -c Delayer for 10s [1;33mUPDATE[0;0m 121d-0f19/tplx
  tutorials/queueing -c Demultiplexer for 10s [1;33mUPDATE[0;0m a350-b1e0/tplx
  tutorials/queueing -c DropTailQueue for 10s [1;33mUPDATE[0;0m f74b-1e8b/tplx
  tutorials/queueing -c Duplicator for 10s [1;33mUPDATE[0;0m 1649-6833/tplx
  tutorials/queueing -c ExampleNetwork for 10s [1;33mUPDATE[0;0m d092-6286/tplx
  tutorials/queueing -c Filter1 for 10s [1;33mUPDATE[0;0m 2d74-f4ae/tplx
  tutorials/queueing -c Filter2 for 10s [1;33mUPDATE[0;0m b42a-fbc7/tplx
  tutorials/queueing -c Gate1 for 10s [1;33mUPDATE[0;0m 1500-a84b/tplx
  tutorials/queueing -c Gate2 for 10s [1;33mUPDATE[0;0m 9a7c-7263/tplx
  tutorials/queueing -c GenericClassifier for 10s [1;33mUPDATE[0;0m 7d4c-e8c0/tplx
  tutorials/queueing -c GenericScheduler for 10s [1;33mUPDATE[0;0m 3812-4023/tplx
  tutorials/queueing -c Labeler for 10s [1;33mUPDATE[0;0m 14aa-9658/tplx
  tutorials/queueing -c LeakyBucket for 10s [1;33mUPDATE[0;0m 2235-fdff/tplx
  tutorials/queueing -c MarkovClassifier for 100s [1;33mUPDATE[0;0m bb44-4e19/tplx
  tutorials/queueing -c MarkovScheduler for 100s [1;33mUPDATE[0;0m a927-8ba6/tplx
  tutorials/queueing -c Meter for 100s [1;33mUPDATE[0;0m cc62-f970/tplx
  tutorials/queueing -c Multiplexer for 10s [1;33mUPDATE[0;0m 07f4-f39e/tplx
  tutorials/queueing -c OrdinalBasedDropper for 10s [1;33mUPDATE[0;0m 6e34-58f8/tplx
  tutorials/queueing -c OrdinalBasedDuplicator for 10s [1;33mUPDATE[0;0m 5eab-c8fe/tplx
  tutorials/queueing -c PacketBasedTokenGenerator for 10s [1;33mUPDATE[0;0m 33de-8b34/tplx
  tutorials/queueing -c PacketQueue for 10s [1;33mUPDATE[0;0m 90ed-2e78/tplx
  tutorials/queueing -c PassiveSourceActiveSink for 10s [1;33mUPDATE[0;0m 55fd-f7dd/tplx
  tutorials/queueing -c PriorityBuffer for 10s [1;33mUPDATE[0;0m d212-3da1/tplx
  tutorials/queueing -c PriorityClassifier for 10s [1;33mUPDATE[0;0m 95f8-a79f/tplx
  tutorials/queueing -c PriorityQueue for 10s [1;33mUPDATE[0;0m 4a23-b1a0/tplx
  tutorials/queueing -c PriorityScheduler for 10s [1;33mUPDATE[0;0m 67f9-8e48/tplx
  tutorials/queueing -c QueueBasedTokenGenerator for 10s [1;33mUPDATE[0;0m 0623-118f/tplx
  tutorials/queueing -c QueueFiller for 10s [1;33mUPDATE[0;0m fbe9-56fb/tplx
  tutorials/queueing -c RedDropper for 100s [1;33mUPDATE[0;0m 0f37-fb20/tplx
  tutorials/queueing -c RequestResponse for 100s [1;33mUPDATE[0;0m 349d-2b7a/tplx
  tutorials/queueing -c Server for 10s [1;33mUPDATE[0;0m 446f-0c0e/tplx
  tutorials/queueing -c SignalBasedTokenGenerator for 10s [1;33mUPDATE[0;0m 4ba9-a181/tplx
  tutorials/queueing -c Tagger for 10s [1;33mUPDATE[0;0m 9aed-9a7b/tplx
  tutorials/queueing -c Telnet for 100s [1;33mUPDATE[0;0m 28e0-8cb4/tplx
  tutorials/queueing -c TimeBasedTokenGenerator for 10s [1;33mUPDATE[0;0m 35c0-b87e/tplx
  tutorials/queueing -c TokenBasedServer for 10s [1;33mUPDATE[0;0m e824-5a8a/tplx
  tutorials/queueing -c TokenBucket for 10s [1;33mUPDATE[0;0m 91fb-8bfc/tplx
  tutorials/queueing -c WrrClassifier for 100s [1;33mUPDATE[0;0m 92f6-5179/tplx
  tutorials/queueing -c WrrScheduler for 100s [1;33mUPDATE[0;0m 650a-3075/tplx
  examples/adhoc/idealwireless -c Ping2 for 100s [1;31mERROR[0;0m None (Calculated fingerprint not found)
  examples/adhoc/ieee80211 -c Ping2 for 1000s [1;31mERROR[0;0m None (Calculated fingerprint not found)
  examples/diffserv/simple_ -c VoIP_WithPolicing for 50s [1;31mERROR[0;0m None Submodule app: No module type named 'VoipStreamSender' found that implements module interface inet.applications.contract.IApp (not in the loaded NED files?), at /home/levy/workspace/inet-fp-master/src/inet/node/base/ApplicationLayerNodeBase.ned:32 -- in module (inet::NodeBase) DiffservNetwork.client[0] (id=3), during network setup (Calculated fingerprint not found)
  examples/diffserv/simple_ -c VoIP_WithPolicingAndQueueing for 50s [1;31mERROR[0;0m None Submodule app: No module type named 'VoipStreamSender' found that implements module interface inet.applications.contract.IApp (not in the loaded NED files?), at /home/levy/workspace/inet-fp-master/src/inet/node/base/ApplicationLayerNodeBase.ned:32 -- in module (inet::NodeBase) DiffservNetwork.client[0] (id=3), during network setup (Calculated fingerprint not found)
  examples/diffserv/simple_ -c VoIP_WithoutQoS for 50s [1;31mERROR[0;0m None Submodule app: No module type named 'VoipStreamSender' found that implements module interface inet.applications.contract.IApp (not in the loaded NED files?), at /home/levy/workspace/inet-fp-master/src/inet/node/base/ApplicationLayerNodeBase.ned:32 -- in module (inet::NodeBase) DiffservNetwork.client[0] (id=3), during network setup (Calculated fingerprint not found)
  examples/empty [1;31mERROR[0;0m[1;33m (unexpected)[0;0m (Exception during task execution) AttributeError("'NoneType' object has no attribute 'stdout'")
  examples/inet/bulktransfer -c inet__lwip for 50s [1;31mERROR[0;0m None Submodule tcp: No module type named 'TcpLwip' found that implements module interface inet.transportlayer.contract.ITcp (not in the loaded NED files?), at /home/levy/workspace/inet-fp-master/src/inet/node/base/TransportLayerNodeBase.ned:39 -- in module (inet::NodeBase) BulkTransfer.client1 (id=2), during network setup (Calculated fingerprint not found)
  examples/inet/bulktransfer -c lwip__inet for 50s [1;31mERROR[0;0m None Submodule tcp: No module type named 'TcpLwip' found that implements module interface inet.transportlayer.contract.ITcp (not in the loaded NED files?), at /home/levy/workspace/inet-fp-master/src/inet/node/base/TransportLayerNodeBase.ned:39 -- in module (inet::NodeBase) BulkTransfer.server (id=5), during network setup (Calculated fingerprint not found)
  examples/inet/bulktransfer -c lwip__lwip for 50s [1;31mERROR[0;0m None Submodule tcp: No module type named 'TcpLwip' found that implements module interface inet.transportlayer.contract.ITcp (not in the loaded NED files?), at /home/levy/workspace/inet-fp-master/src/inet/node/base/TransportLayerNodeBase.ned:39 -- in module (inet::NodeBase) BulkTransfer.client1 (id=2), during network setup (Calculated fingerprint not found)
  examples/inet/hierarchical99 [1;31mERROR[0;0m[1;33m (unexpected)[0;0m (Exception during task execution) AttributeError("'NoneType' object has no attribute 'stdout'")
  examples/inet/ipv4hook [1;31mERROR[0;0m[1;33m (unexpected)[0;0m (Exception during task execution) AttributeError("'NoneType' object has no attribute 'stdout'")
  examples/inet/nclients -c inet__lwip for 3000s [1;31mERROR[0;0m None Submodule tcp: No module type named 'TcpLwip' found that implements module interface inet.transportlayer.contract.ITcp (not in the loaded NED files?), at /home/levy/workspace/inet-fp-master/src/inet/node/base/TransportLayerNodeBase.ned:39 -- in module (inet::NodeBase) NClients.cli[0] (id=6), during network setup (Calculated fingerprint not found)
  examples/inet/nclients -c lwip__inet for 3000s [1;31mERROR[0;0m None Submodule tcp: No module type named 'TcpLwip' found that implements module interface inet.transportlayer.contract.ITcp (not in the loaded NED files?), at /home/levy/workspace/inet-fp-master/src/inet/node/base/TransportLayerNodeBase.ned:39 -- in module (inet::NodeBase) NClients.srv (id=10), during network setup (Calculated fingerprint not found)
  examples/inet/nclients -c lwip__lwip for 3000s [1;31mERROR[0;0m None Submodule tcp: No module type named 'TcpLwip' found that implements module interface inet.transportlayer.contract.ITcp (not in the loaded NED files?), at /home/levy/workspace/inet-fp-master/src/inet/node/base/TransportLayerNodeBase.ned:39 -- in module (inet::NodeBase) NClients.cli[0] (id=6), during network setup (Calculated fingerprint not found)
  examples/inet/shutdownrestart -c TcpLwip for 100s [1;31mERROR[0;0m None Submodule tcp: No module type named 'TcpLwip' found that implements module interface inet.transportlayer.contract.ITcp (not in the loaded NED files?), at /home/levy/workspace/inet-fp-master/src/inet/node/base/TransportLayerNodeBase.ned:39 -- in module (inet::NodeBase) NClients.cli[0] (id=6), during network setup (Calculated fingerprint not found)
  examples/inet/tcpclientserver -c inet__lwip for 100s [1;31mERROR[0;0m None Submodule tcp: No module type named 'TcpLwip' found that implements module interface inet.transportlayer.contract.ITcp (not in the loaded NED files?), at /home/levy/workspace/inet-fp-master/src/inet/node/base/TransportLayerNodeBase.ned:39 -- in module (inet::NodeBase) ClientServer.client1 (id=2), during network setup (Calculated fingerprint not found)
  examples/inet/tcpclientserver -c lwip__inet for 100s [1;31mERROR[0;0m None Submodule tcp: No module type named 'TcpLwip' found that implements module interface inet.transportlayer.contract.ITcp (not in the loaded NED files?), at /home/levy/workspace/inet-fp-master/src/inet/node/base/TransportLayerNodeBase.ned:39 -- in module (inet::NodeBase) ClientServer.server (id=3), during network setup (Calculated fingerprint not found)
  examples/inet/tcpclientserver -c lwip__lwip for 100s [1;31mERROR[0;0m None Submodule tcp: No module type named 'TcpLwip' found that implements module interface inet.transportlayer.contract.ITcp (not in the loaded NED files?), at /home/levy/workspace/inet-fp-master/src/inet/node/base/TransportLayerNodeBase.ned:39 -- in module (inet::NodeBase) ClientServer.client1 (id=2), during network setup (Calculated fingerprint not found)
  examples/inet/tcpclientserver -c lwip__lwip__msg for 100s [1;31mERROR[0;0m None Submodule tcp: No module type named 'TcpLwip' found that implements module interface inet.transportlayer.contract.ITcp (not in the loaded NED files?), at /home/levy/workspace/inet-fp-master/src/inet/node/base/TransportLayerNodeBase.ned:39 -- in module (inet::NodeBase) ClientServer.client1 (id=2), during network setup (Calculated fingerprint not found)
  examples/inet/tcpclientserver -c lwip__lwip__stream for 100s [1;31mERROR[0;0m None Submodule tcp: No module type named 'TcpLwip' found that implements module interface inet.transportlayer.contract.ITcp (not in the loaded NED files?), at /home/levy/workspace/inet-fp-master/src/inet/node/base/TransportLayerNodeBase.ned:39 -- in module (inet::NodeBase) ClientServer.client1 (id=2), during network setup (Calculated fingerprint not found)
  examples/inet/tcpthroughput -c Delay-100ms-advWin1MB for 100s [1;31mERROR[0;0m None (Calculated fingerprint not found)
  examples/quic/basic3 [1;31mERROR[0;0m[1;33m (unexpected)[0;0m (Exception during task execution) AttributeError("'NoneType' object has no attribute 'stdout'")
  examples/quic/dplpmtud -c DecreasingPmtu [1;31mERROR[0;0m[1;33m (unexpected)[0;0m (Exception during task execution) AttributeError("'NoneType' object has no attribute 'stdout'")
  examples/quic/dplpmtud -c DecreasingPmtuWithoutPtb [1;31mERROR[0;0m[1;33m (unexpected)[0;0m (Exception during task execution) AttributeError("'NoneType' object has no attribute 'stdout'")
  examples/quic/dplpmtud [1;31mERROR[0;0m[1;33m (unexpected)[0;0m (Exception during task execution) AttributeError("'NoneType' object has no attribute 'stdout'")
  examples/quic/dplpmtud -c IncreasingPmtu [1;31mERROR[0;0m[1;33m (unexpected)[0;0m (Exception during task execution) AttributeError("'NoneType' object has no attribute 'stdout'")
  examples/quic/dplpmtud -c IncreasingPmtuWithoutPtb [1;31mERROR[0;0m[1;33m (unexpected)[0;0m (Exception during task execution) AttributeError("'NoneType' object has no attribute 'stdout'")
  examples/quic/dplpmtud -c MaxEqualsPmtu [1;31mERROR[0;0m[1;33m (unexpected)[0;0m (Exception during task execution) AttributeError("'NoneType' object has no attribute 'stdout'")
  examples/quic/dplpmtud -c MaxLargerPmtu [1;31mERROR[0;0m[1;33m (unexpected)[0;0m (Exception during task execution) AttributeError("'NoneType' object has no attribute 'stdout'")
  examples/quic/dplpmtud -c MaxLargerPmtuWithoutPtb [1;31mERROR[0;0m[1;33m (unexpected)[0;0m (Exception during task execution) AttributeError("'NoneType' object has no attribute 'stdout'")
  examples/quic/flow_control_limited [1;31mERROR[0;0m[1;33m (unexpected)[0;0m (Exception during task execution) AttributeError("'NoneType' object has no attribute 'stdout'")
  examples/quic/link_utilization [1;31mERROR[0;0m[1;33m (unexpected)[0;0m (Exception during task execution) AttributeError("'NoneType' object has no attribute 'stdout'")
  examples/quic/multiserver -c oneclienthost [1;31mERROR[0;0m[1;33m (unexpected)[0;0m (Exception during task execution) AttributeError("'NoneType' object has no attribute 'stdout'")
  examples/quic/multiserver -c oneclienthost_reconnect [1;31mERROR[0;0m[1;33m (unexpected)[0;0m (Exception during task execution) AttributeError("'NoneType' object has no attribute 'stdout'")
  examples/quic/multiserver -c twoclienthosts [1;31mERROR[0;0m[1;33m (unexpected)[0;0m (Exception during task execution) AttributeError("'NoneType' object has no attribute 'stdout'")
  examples/quic/persistent_congestion [1;31mERROR[0;0m[1;33m (unexpected)[0;0m (Exception during task execution) AttributeError("'NoneType' object has no attribute 'stdout'")
  examples/quic/persistent_congestion -c WithDPLPMTUD [1;31mERROR[0;0m[1;33m (unexpected)[0;0m (Exception during task execution) AttributeError("'NoneType' object has no attribute 'stdout'")
  examples/quic/shared_link [1;31mERROR[0;0m[1;33m (unexpected)[0;0m (Exception during task execution) AttributeError("'NoneType' object has no attribute 'stdout'")
  examples/quic/throughput_packet_loss [1;31mERROR[0;0m[1;33m (unexpected)[0;0m (Exception during task execution) AttributeError("'NoneType' object has no attribute 'stdout'")
  examples/quic/trafficgen [1;31mERROR[0;0m[1;33m (unexpected)[0;0m (Exception during task execution) AttributeError("'NoneType' object has no attribute 'stdout'")
  examples/quic/zerortt [1;31mERROR[0;0m[1;33m (unexpected)[0;0m (Exception during task execution) AttributeError("'NoneType' object has no attribute 'stdout'")
  examples/quic/zerortt -c invalidClientTokenString [1;31mERROR[0;0m[1;33m (unexpected)[0;0m (Exception during task execution) AttributeError("'NoneType' object has no attribute 'stdout'")
  examples/quic/zerortt -c sendInvalidToken [1;31mERROR[0;0m[1;33m (unexpected)[0;0m (Exception during task execution) AttributeError("'NoneType' object has no attribute 'stdout'")
  examples/wireless/lan80211 -f omnetpp-ftp.ini -c NHosts for 100s [1;31mERROR[0;0m None (Calculated fingerprint not found)
  examples/wireless/lan80211 -f omnetpp-streaming.ini -c Streaming2 for 50s [1;31mERROR[0;0m None (Calculated fingerprint not found)
  examples/wireless/lan80211 -c Ping2 for 25s [1;31mERROR[0;0m None (Calculated fingerprint not found)
  examples/wireless/lan80211ac [1;31mERROR[0;0m[1;33m (unexpected)[0;0m (Exception during task execution) AttributeError("'NoneType' object has no attribute 'stdout'")
  examples/wireless/lan80211ac -c Ping2 for 100s [1;31mERROR[0;0m None (Calculated fingerprint not found)
  showcases/general/diffserv -c VoIP_WithPolicing for 50s [1;31mERROR[0;0m None Submodule app: No module type named 'VoipStreamSender' found that implements module interface inet.applications.contract.IApp (not in the loaded NED files?), at /home/levy/workspace/inet-fp-master/src/inet/node/base/ApplicationLayerNodeBase.ned:32 -- in module (inet::NodeBase) DiffservNetwork.voipPhone1 (id=3), during network setup (Calculated fingerprint not found)
  showcases/general/diffserv -c VoIP_WithPolicingAndQueueing for 50s [1;31mERROR[0;0m None Submodule app: No module type named 'VoipStreamSender' found that implements module interface inet.applications.contract.IApp (not in the loaded NED files?), at /home/levy/workspace/inet-fp-master/src/inet/node/base/ApplicationLayerNodeBase.ned:32 -- in module (inet::NodeBase) DiffservNetwork.voipPhone1 (id=3), during network setup (Calculated fingerprint not found)
  showcases/general/diffserv -c VoIP_WithoutQoS for 50s [1;31mERROR[0;0m None Submodule app: No module type named 'VoipStreamSender' found that implements module interface inet.applications.contract.IApp (not in the loaded NED files?), at /home/levy/workspace/inet-fp-master/src/inet/node/base/ApplicationLayerNodeBase.ned:32 -- in module (inet::NodeBase) DiffservNetwork.voipPhone1 (id=3), during network setup (Calculated fingerprint not found)
  showcases/tsn/combiningfeatures/gsandcs -c SAT for 0.2s [1;31mERROR[0;0m None Submodule gateScheduleConfigurator: No module type named 'Z3GateScheduleConfigurator' found that implements module interface inet.linklayer.configurator.gatescheduling.contract.IGateScheduleConfigurator (not in the loaded NED files?), at /home/levy/workspace/inet-fp-master/src/inet/networks/base/TsnNetworkBase.ned:21 -- in module (inet::NetworkBase) TsnDumbbellNetwork (id=1), during network setup (Calculated fingerprint not found)
  showcases/tsn/gatescheduling/sat -c SAT for 0.2s [1;31mERROR[0;0m None Submodule gateScheduleConfigurator: No module type named 'Z3GateScheduleConfigurator' found that implements module interface inet.linklayer.configurator.gatescheduling.contract.IGateScheduleConfigurator (not in the loaded NED files?), at /home/levy/workspace/inet-fp-master/src/inet/networks/base/TsnNetworkBase.ned:21 -- in module (inet::NetworkBase) TsnDumbbellNetwork (id=1), during network setup (Calculated fingerprint not found)
  showcases/wireless/fragmentation -f parameterstudy.ini -c OnlyPacketSizeHCFfragblockack for 10s [1;31mERROR[0;0m None Unknown sequence number: 4095 -- in module (inet::ieee80211::RecipientQosMacDataService) FragmentationShowcase.wifiHost2.wlan[0].mac.hcf.recipientMacDataService (Calculated fingerprint not found)
  showcases/wireless/sensornetwork -c StatisticLMac for 25s [1;31mERROR[0;0m None I am still sending a message, while a new slot is starting! (Calculated fingerprint not found)
  tutorials/protocol -f Network90.ini [1;31mERROR[0;0m[1;33m (unexpected)[0;0m (Exception during task execution) AttributeError("'NoneType' object has no attribute 'stdout'")
  tutorials/protocol -f Network91.ini [1;31mERROR[0;0m[1;33m (unexpected)[0;0m (Exception during task execution) AttributeError("'NoneType' object has no attribute 'stdout'")
  tutorials/protocol -c Network1 [1;31mERROR[0;0m[1;33m (unexpected)[0;0m (Exception during task execution) AttributeError("'NoneType' object has no attribute 'stdout'")
  tutorials/protocol -c Network2 [1;31mERROR[0;0m[1;33m (unexpected)[0;0m (Exception during task execution) AttributeError("'NoneType' object has no attribute 'stdout'")
  tutorials/protocol -c Network3 [1;31mERROR[0;0m[1;33m (unexpected)[0;0m (Exception during task execution) AttributeError("'NoneType' object has no attribute 'stdout'")
  tutorials/protocol -c Network4 [1;31mERROR[0;0m[1;33m (unexpected)[0;0m (Exception during task execution) AttributeError("'NoneType' object has no attribute 'stdout'")
  tutorials/protocol -c Network5 [1;31mERROR[0;0m[1;33m (unexpected)[0;0m (Exception during task execution) AttributeError("'NoneType' object has no attribute 'stdout'")
  tutorials/protocol -c Network6 [1;31mERROR[0;0m[1;33m (unexpected)[0;0m (Exception during task execution) AttributeError("'NoneType' object has no attribute 'stdout'")
  tutorials/protocol -c Network7 [1;31mERROR[0;0m[1;33m (unexpected)[0;0m (Exception during task execution) AttributeError("'NoneType' object has no attribute 'stdout'")
