Warning: overwriting previous environment for '/home/levy/workspace/inet'.
[1;33mSTDERR [0;36mopp_run_release [0;0m<!> Error: The simulation attempted to prompt for user input, set cmdenv-interactive=true to allow it: "Enter parameter 'Net.numHosts' (unassigned):" -- in module (omnetpp::cModule) Net (id=1), during network setup
[38;2;200;200;200m[001/914][0;0m ▶ inet Updating update fingerprint (912 concurrent)
[38;2;200;200;200m[002/914][0;0m [38;2;200;200;200m [0;0m ⏺ Updating fingerprint examples/bgpv4/BgpOpen for 62s [1;33mUPDATE[0;0m 74ae-1ab8/~tNl
[38;2;200;200;200m[003/914][0;0m [38;2;200;200;200m [0;0m ⏺ Updating fingerprint examples/adhoc/idealwireless -c Ping2 for 100s [1;31mERROR[0;0m None (Calculated fingerprint not found)
[38;2;200;200;200m[004/914][0;0m [38;2;200;200;200m [0;0m ⏺ Updating fingerprint examples/bgpv4/BgpLifecycle for 900s [1;33mINSERT[0;0m 98ca-1e03/~tNl
[1;33mSTDERR [0;36mopp_run_release [0;0m<!> Error: The simulation attempted to prompt for user input, set cmdenv-interactive=true to allow it: "Enter parameter 'Net80211.numHosts' (unassigned):" -- in module (omnetpp::cModule) Net80211 (id=1), during network setup
[38;2;200;200;200m[005/914][0;0m [38;2;200;200;200m [0;0m ⏺ Updating fingerprint examples/aodv -c SimpleLifecycle for 100s [1;33mUPDATE[0;0m 2a01-4d6b/~tNl
[38;2;200;200;200m[006/914][0;0m [38;2;200;200;200m [0;0m ⏺ Updating fingerprint examples/adhoc/ieee80211 -c Ping2 for 1000s [1;31mERROR[0;0m None (Calculated fingerprint not found)
[38;2;200;200;200m[007/914][0;0m [38;2;200;200;200m [0;0m ⏺ Updating fingerprint examples/aodv -c SimpleRREQ for 100s [1;33mUPDATE[0;0m 7e45-0a03/~tNl
[38;2;200;200;200m[008/914][0;0m [38;2;200;200;200m [0;0m ⏺ Updating fingerprint examples/aodv -c StaticExternal for 50s [1;33mINSERT[0;0m 3ee7-66e5/~tNl
[38;2;200;200;200m[009/914][0;0m [38;2;200;200;200m [0;0m ⏺ Updating fingerprint examples/aodv -c ShortestPath for 100s [1;33mUPDATE[0;0m 031f-77ce/~tNl
[38;2;200;200;200m[010/914][0;0m [38;2;200;200;200m [0;0m ⏺ Updating fingerprint examples/bgpv4/BgpIpv6Basic for 30s [1;33mINSERT[0;0m 993f-d471/~tNl
[38;2;200;200;200m[011/914][0;0m [38;2;200;200;200m [0;0m ⏺ Updating fingerprint examples/bgpv4/BgpAndOspfSimple for 40s [1;33mINSERT[0;0m d805-fdf1/~tNl
[38;2;200;200;200m[012/914][0;0m [38;2;200;200;200m [0;0m ⏺ Updating fingerprint examples/adhoc/idealwireless -c Ping1 for 100s [1;33mUPDATE[0;0m c19a-98e8/~tNl
[38;2;200;200;200m[013/914][0;0m [38;2;200;200;200m [0;0m ⏺ Updating fingerprint examples/aodv -c SimpleRREQ2 for 100s [1;33mUPDATE[0;0m 36d4-9374/~tNl
[38;2;200;200;200m[014/914][0;0m [38;2;200;200;200m [0;0m ⏺ Updating fingerprint examples/aodv -c Static for 50s [1;33mUPDATE[0;0m 51f5-fe13/~tNl
[38;2;200;200;200m[015/914][0;0m [38;2;200;200;200m [0;0m ⏺ Updating fingerprint examples/bgpv4/BgpAndOspfv3 -c OspfOnly for 100s [1;33mINSERT[0;0m dbdf-6c81/~tNl
[38;2;200;200;200m[016/914][0;0m [38;2;200;200;200m [0;0m ⏺ Updating fingerprint examples/bgpv4/BgpDiamondFailover for 160s [1;33mINSERT[0;0m db7e-bcd0/~tNl
[38;2;200;200;200m[017/914][0;0m [38;2;200;200;200m [0;0m ⏺ Updating fingerprint examples/adhoc/qos -c Fragmentation for 5s [1;33mINSERT[0;0m 4d9c-8c71/~tNl
[38;2;200;200;200m[018/914][0;0m [38;2;200;200;200m [0;0m ⏺ Updating fingerprint examples/bgpv4/BgpDiamondFailover6 for 160s [1;33mINSERT[0;0m a1f4-4a2d/~tNl
[38;2;200;200;200m[019/914][0;0m [38;2;200;200;200m [0;0m ⏺ Updating fingerprint examples/bgpv4/BgpAndOspf for 60s [1;33mINSERT[0;0m d14d-b5b7/~tNl
[38;2;200;200;200m[020/914][0;0m [38;2;200;200;200m [0;0m ⏺ Updating fingerprint examples/bgpv4/Bgp2RoutersInAS for 60s [1;33mINSERT[0;0m 9afb-78e9/~tNl
[38;2;200;200;200m[021/914][0;0m [38;2;200;200;200m [0;0m ⏺ Updating fingerprint examples/aodv -c Dynamic for 60s [1;33mUPDATE[0;0m 4782-645d/~tNl
[38;2;200;200;200m[022/914][0;0m [38;2;200;200;200m [0;0m ⏺ Updating fingerprint examples/adhoc/hostautoconf for 60min [1;33mINSERT[0;0m 4eb7-0f77/~tNl
[38;2;200;200;200m[023/914][0;0m [38;2;200;200;200m [0;0m ⏺ Updating fingerprint examples/bgpv4/BgpAndOspfv3 for 100s [1;33mINSERT[0;0m b210-1456/~tNl
[38;2;200;200;200m[024/914][0;0m [38;2;200;200;200m [0;0m ⏺ Updating fingerprint examples/aodv -c MoreDynamic for 100s [1;33mUPDATE[0;0m f497-e8c8/~tNl
[38;2;200;200;200m[025/914][0;0m [38;2;200;200;200m [0;0m ⏺ Updating fingerprint examples/aodv -c IPv4SlowMobility for 50s [1;33mUPDATE[0;0m e343-db9a/~tNl
[38;2;200;200;200m[026/914][0;0m [38;2;200;200;200m [0;0m ⏺ Updating fingerprint examples/bgpv4/BgpUpdate for 30s [1;33mUPDATE[0;0m 763f-67ce/~tNl
[38;2;200;200;200m[027/914][0;0m [38;2;200;200;200m [0;0m ⏺ Updating fingerprint examples/bgpv4/BgpCompleteTest for 200s [1;33mINSERT[0;0m b6f8-5491/~tNl
[38;2;200;200;200m[028/914][0;0m [38;2;200;200;200m [0;0m ⏺ Updating fingerprint examples/bgpv4/Bgp3Routers for 100s [1;33mINSERT[0;0m 9178-03a8/~tNl
[38;2;200;200;200m[029/914][0;0m [38;2;200;200;200m [0;0m ⏺ Updating fingerprint examples/bgpv4/BgpWithdrawal for 100s [1;33mINSERT[0;0m 7e2a-9941/~tNl
[38;2;200;200;200m[030/914][0;0m [38;2;200;200;200m [0;0m ⏺ Updating fingerprint examples/bgpv4/BgpWithdrawal -c Restart for 160s [1;33mINSERT[0;0m 1623-3d72/~tNl
[38;2;200;200;200m[031/914][0;0m [38;2;200;200;200m [0;0m ⏺ Updating fingerprint examples/bgpv4/BgpWithdrawal6 for 100s [1;33mINSERT[0;0m 82b9-4f9b/~tNl
[38;2;200;200;200m[032/914][0;0m [38;2;200;200;200m [0;0m ⏺ Updating fingerprint examples/dhcp -c RebootingDHCP for 500s [1;33mUPDATE[0;0m 757d-df25/~tNl
[38;2;200;200;200m[033/914][0;0m [38;2;200;200;200m [0;0m ⏺ Updating fingerprint examples/bgpv4/BgpWithdrawal6 -c Restart for 160s [1;33mINSERT[0;0m 90cb-b734/~tNl
[38;2;200;200;200m[034/914][0;0m [38;2;200;200;200m [0;0m ⏺ Updating fingerprint examples/aodv -c IPv4ModerateFastMobility for 50s [1;33mUPDATE[0;0m ec37-eccf/~tNl
[38;2;200;200;200m[035/914][0;0m [38;2;200;200;200m [0;0m ⏺ Updating fingerprint examples/adhoc/ieee80211 -c Ping1 for 1000s [1;33mUPDATE[0;0m 98d8-2d92/~tNl
[38;2;200;200;200m[036/914][0;0m [38;2;200;200;200m [0;0m ⏺ Updating fingerprint examples/clock for 10ms [0;32mKEEP[0;0m 0000-0000/~tNl
[38;2;200;200;200m[037/914][0;0m [38;2;200;200;200m [0;0m ⏺ Updating fingerprint examples/diffserv/onedomain -c Exp11 for 10s [1;33mUPDATE[0;0m b933-f04c/~tNl
[38;2;200;200;200m[038/914][0;0m [38;2;200;200;200m [0;0m ⏺ Updating fingerprint examples/communicationcache -c VectorCommunicationCache for 10s [1;33mUPDATE[0;0m 75d6-a221/~tNl
[38;2;200;200;200m[039/914][0;0m [38;2;200;200;200m [0;0m ⏺ Updating fingerprint examples/diffserv/onedomain -c Exp33 for 10s [1;33mUPDATE[0;0m f27a-4491/~tNl
[38;2;200;200;200m[040/914][0;0m [38;2;200;200;200m [0;0m ⏺ Updating fingerprint examples/diffserv/onedomain -c Exp13 for 10s [1;33mUPDATE[0;0m 5d54-3786/~tNl
[38;2;200;200;200m[041/914][0;0m [38;2;200;200;200m [0;0m ⏺ Updating fingerprint examples/diffserv/onedomain -c Exp31 for 10s [1;33mUPDATE[0;0m 8d22-4226/~tNl
[38;2;200;200;200m[042/914][0;0m [38;2;200;200;200m [0;0m ⏺ Updating fingerprint examples/diffserv/onedomain -c Exp21 for 10s [1;33mUPDATE[0;0m 8a6c-d636/~tNl
[38;2;200;200;200m[043/914][0;0m [38;2;200;200;200m [0;0m ⏺ Updating fingerprint examples/diffserv/onedomain -c Exp12 for 10s [1;33mUPDATE[0;0m 15ee-9819/~tNl
[38;2;200;200;200m[044/914][0;0m [38;2;200;200;200m [0;0m ⏺ Updating fingerprint examples/diffserv/onedomain -c Exp16 for 10s [1;33mUPDATE[0;0m 4d22-0d66/~tNl
[38;2;200;200;200m[045/914][0;0m [38;2;200;200;200m [0;0m ⏺ Updating fingerprint examples/diffserv/onedomain -c Exp22 for 10s [1;33mUPDATE[0;0m 8a6c-d636/~tNl
[38;2;200;200;200m[046/914][0;0m [38;2;200;200;200m [0;0m ⏺ Updating fingerprint examples/diffserv/onedomain -c Exp15 for 10s [1;33mUPDATE[0;0m 40de-8b1f/~tNl
[1;33mSTDERR [0;36mopp_run_release [0;0m<!> Error: Submodule app: No module type named 'VoipStreamSender' found that implements module interface inet.applications.contract.IApp (not in the loaded NED files?), at /home/levy/workspace/inet-fp-master/src/inet/node/base/ApplicationLayerNodeBase.ned:32 -- in module (inet::NodeBase) DiffservNetwork.client[0] (id=3), during network setup
[38;2;200;200;200m[047/914][0;0m [38;2;200;200;200m [0;0m ⏺ Updating fingerprint examples/communicationcache -c ReferenceCommunicationCache for 10s [1;33mUPDATE[0;0m 75d6-a221/~tNl
[38;2;200;200;200m[048/914][0;0m [38;2;200;200;200m [0;0m ⏺ Updating fingerprint examples/diffserv/onedomain -c Exp32 for 10s [1;33mUPDATE[0;0m f27a-4491/~tNl
[38;2;200;200;200m[049/914][0;0m [38;2;200;200;200m [0;0m ⏺ Updating fingerprint examples/diffserv/onedomain -c Exp24 for 10s [1;33mUPDATE[0;0m 8a6c-d636/~tNl
[38;2;200;200;200m[050/914][0;0m [38;2;200;200;200m [0;0m ⏺ Updating fingerprint examples/dhcp -c WiredDHCP for 5000s [1;33mUPDATE[0;0m 4692-345b/~tNl
[38;2;200;200;200m[051/914][0;0m [38;2;200;200;200m [0;0m ⏺ Updating fingerprint examples/diffserv/onedomain -c Exp14 for 10s [1;33mUPDATE[0;0m f16f-468d/~tNl
[38;2;200;200;200m[052/914][0;0m [38;2;200;200;200m [0;0m ⏺ Updating fingerprint examples/diffserv/simple_ -c VoIP_WithPolicing for 50s [1;31mERROR[0;0m None Submodule app: No module type named 'VoipStreamSender' found that implements module interface inet.applications.contract.IApp (not in the loaded NED files?), at /home/levy/workspace/inet-fp-master/src/inet/node/base/ApplicationLayerNodeBase.ned:32 -- in module (inet::NodeBase) DiffservNetwork.client[0] (id=3), during network setup (Calculated fingerprint not found)
[38;2;200;200;200m[053/914][0;0m [38;2;200;200;200m [0;0m ⏺ Updating fingerprint examples/communicationcache -c MapCommunicationCache for 10s [1;33mUPDATE[0;0m 75d6-a221/~tNl
[38;2;200;200;200m[054/914][0;0m [38;2;200;200;200m [0;0m ⏺ Updating fingerprint examples/diffserv/onedomain -c Exp17 for 10s [1;33mUPDATE[0;0m 4729-f552/~tNl
[38;2;200;200;200m[055/914][0;0m [38;2;200;200;200m [0;0m ⏺ Updating fingerprint examples/empty [1;31mERROR[0;0m[1;33m (unexpected)[0;0m (Exception during task execution) AttributeError("'NoneType' object has no attribute 'stdout'")
[38;2;200;200;200m[056/914][0;0m [38;2;200;200;200m [0;0m ⏺ Updating fingerprint examples/aodv -c IPv4FastMobility for 50s [1;33mUPDATE[0;0m 29d5-9933/~tNl
[38;2;200;200;200m[057/914][0;0m [38;2;200;200;200m [0;0m ⏺ Updating fingerprint examples/diffserv/onedomain -c Exp23 for 10s [1;33mUPDATE[0;0m 8a6c-d636/~tNl
[1;33mSTDERR [0;36mopp_run_release [0;0m<!> Error: Submodule app: No module type named 'VoipStreamSender' found that implements module interface inet.applications.contract.IApp (not in the loaded NED files?), at /home/levy/workspace/inet-fp-master/src/inet/node/base/ApplicationLayerNodeBase.ned:32 -- in module (inet::NodeBase) DiffservNetwork.client[0] (id=3), during network setup
[1;33mSTDERR [0;36mopp_run_release [0;0m<!> Error: Submodule app: No module type named 'VoipStreamSender' found that implements module interface inet.applications.contract.IApp (not in the loaded NED files?), at /home/levy/workspace/inet-fp-master/src/inet/node/base/ApplicationLayerNodeBase.ned:32 -- in module (inet::NodeBase) DiffservNetwork.client[0] (id=3), during network setup
[38;2;200;200;200m[058/914][0;0m [38;2;200;200;200m [0;0m ⏺ Updating fingerprint examples/diffserv/simple_ -c VoIP_WithoutQoS for 50s [1;31mERROR[0;0m None Submodule app: No module type named 'VoipStreamSender' found that implements module interface inet.applications.contract.IApp (not in the loaded NED files?), at /home/levy/workspace/inet-fp-master/src/inet/node/base/ApplicationLayerNodeBase.ned:32 -- in module (inet::NodeBase) DiffservNetwork.client[0] (id=3), during network setup (Calculated fingerprint not found)
[38;2;200;200;200m[059/914][0;0m [38;2;200;200;200m [0;0m ⏺ Updating fingerprint examples/diffserv/simple_ -c VoIP_WithPolicingAndQueueing for 50s [1;31mERROR[0;0m None Submodule app: No module type named 'VoipStreamSender' found that implements module interface inet.applications.contract.IApp (not in the loaded NED files?), at /home/levy/workspace/inet-fp-master/src/inet/node/base/ApplicationLayerNodeBase.ned:32 -- in module (inet::NodeBase) DiffservNetwork.client[0] (id=3), during network setup (Calculated fingerprint not found)
[38;2;200;200;200m[060/914][0;0m [38;2;200;200;200m [0;0m ⏺ Updating fingerprint examples/eigrp/basic -c EIGRP_no_load_balanc for 3min [1;33mUPDATE[0;0m 324c-e5da/~tNl
[38;2;200;200;200m[061/914][0;0m [38;2;200;200;200m [0;0m ⏺ Updating fingerprint examples/eigrp/basic -c EIGRP_no_split_horizon for 3min [1;33mUPDATE[0;0m e273-282a/~tNl
[38;2;200;200;200m[062/914][0;0m [38;2;200;200;200m [0;0m ⏺ Updating fingerprint examples/diffserv/onedomain -c Exp51 for 10s [1;33mUPDATE[0;0m 5b19-1733/~tNl
[38;2;200;200;200m[063/914][0;0m [38;2;200;200;200m [0;0m ⏺ Updating fingerprint examples/eigrp/basic -c EIGRP_passive_interface for 3min [1;33mUPDATE[0;0m 4a4a-e62a/~tNl
[38;2;200;200;200m[064/914][0;0m [38;2;200;200;200m [0;0m ⏺ Updating fingerprint examples/diffserv/onedomain -c Exp52 for 10s [1;33mUPDATE[0;0m 4729-f552/~tNl
[38;2;200;200;200m[065/914][0;0m [38;2;200;200;200m [0;0m ⏺ Updating fingerprint examples/dhcp -c WirelessDHCP for 500s [1;33mUPDATE[0;0m 832b-ff2d/~tNl
[38;2;200;200;200m[066/914][0;0m [38;2;200;200;200m [0;0m ⏺ Updating fingerprint examples/eigrp/basic -c Scenario1 for 3min [1;33mUPDATE[0;0m 26a6-242a/~tNl
[38;2;200;200;200m[067/914][0;0m [38;2;200;200;200m [0;0m ⏺ Updating fingerprint examples/eigrp/basic -c Scenario2 for 3min [1;33mUPDATE[0;0m 570b-2e0a/~tNl
[38;2;200;200;200m[068/914][0;0m [38;2;200;200;200m [0;0m ⏺ Updating fingerprint examples/eigrp/snake for 3min [1;33mUPDATE[0;0m 4792-33d0/~tNl
[38;2;200;200;200m[069/914][0;0m [38;2;200;200;200m [0;0m ⏺ Updating fingerprint examples/eigrp/basic -c EIGRP_unequal_cost_lb for 3min [1;33mUPDATE[0;0m 81e8-2b87/~tNl
[38;2;200;200;200m[070/914][0;0m [38;2;200;200;200m [0;0m ⏺ Updating fingerprint examples/eigrp/testing_scenario for 3min [1;33mUPDATE[0;0m cdb7-02fe/~tNl
[38;2;200;200;200m[071/914][0;0m [38;2;200;200;200m [0;0m ⏺ Updating fingerprint examples/eigrp/square_stub for 3min [1;33mUPDATE[0;0m faab-1658/~tNl
[38;2;200;200;200m[072/914][0;0m [38;2;200;200;200m [0;0m ⏺ Updating fingerprint examples/eigrp/testing_scenario6 -c EIGRP-IPv6_exp1_bandwidth-change for 3min [1;33mUPDATE[0;0m d165-a1f8/~tNl
[38;2;200;200;200m[073/914][0;0m [38;2;200;200;200m [0;0m ⏺ Updating fingerprint examples/eigrp/two_node6 for 3min [1;33mUPDATE[0;0m a941-f312/~tNl
[38;2;200;200;200m[074/914][0;0m [38;2;200;200;200m [0;0m ⏺ Updating fingerprint examples/eigrp/testing_scenario6 -c EIGRP-IPv6_exp2_interface-down for 3min [1;33mUPDATE[0;0m 12d4-df4d/~tNl
[38;2;200;200;200m[075/914][0;0m [38;2;200;200;200m [0;0m ⏺ Updating fingerprint examples/eigrp/testing_scenario6 -c EIGRP-IPv6_exp1_bandwidth-change_global-addr for 3min [1;33mUPDATE[0;0m 8cc8-51ae/~tNl
[38;2;200;200;200m[076/914][0;0m [38;2;200;200;200m [0;0m ⏺ Updating fingerprint examples/ethernet/TenBaseT1S -f bestcase.ini -c BestCase for 1ms [1;33mUPDATE[0;0m 0be6-0730/~tNl
[38;2;200;200;200m[077/914][0;0m [38;2;200;200;200m [0;0m ⏺ Updating fingerprint examples/eigrp/testing_scenario6 -c EIGRP-IPv6_exp2_interface-down_global-addr for 3min [1;33mUPDATE[0;0m 9d97-b67c/~tNl
[38;2;200;200;200m[078/914][0;0m [38;2;200;200;200m [0;0m ⏺ Updating fingerprint examples/ethernet/TenBaseT1S -f mixed.ini -c Mixed for 1ms [1;33mINSERT[0;0m d00c-328a/~tNl
[38;2;200;200;200m[079/914][0;0m [38;2;200;200;200m [0;0m ⏺ Updating fingerprint examples/eigrp/two_node for 3min [1;33mUPDATE[0;0m 8db7-b9ea/~tNl
[38;2;200;200;200m[080/914][0;0m [38;2;200;200;200m [0;0m ⏺ Updating fingerprint examples/eigrp/square_stub_mesh for 3min [1;33mUPDATE[0;0m f16e-74e0/~tNl
[38;2;200;200;200m[081/914][0;0m [38;2;200;200;200m [0;0m ⏺ Updating fingerprint examples/eigrp/testing_scenario_ds -c EIGRP-IPv6_exp1_datarate-change for 3min [1;33mUPDATE[0;0m 1e35-d518/~tNl
[38;2;200;200;200m[082/914][0;0m [38;2;200;200;200m [0;0m ⏺ Updating fingerprint examples/ethernet/TenBaseT1S -f notraffic.ini -c NoTraffic for 100us [1;33mINSERT[0;0m 0000-0000/~tNl
[38;2;200;200;200m[083/914][0;0m [38;2;200;200;200m [0;0m ⏺ Updating fingerprint examples/eigrp/testing_scenario_ds -c EIGRP-IPv6_exp1_datarate-change_global-addr for 3min [1;33mUPDATE[0;0m 8e68-08b3/~tNl
[38;2;200;200;200m[084/914][0;0m [38;2;200;200;200m [0;0m ⏺ Updating fingerprint examples/eigrp/testing_scenario_ds -c EIGRP-IPv6_exp2_interface-down_global-addr for 3min [1;33mUPDATE[0;0m 7e51-2c6e/~tNl
[38;2;200;200;200m[085/914][0;0m [38;2;200;200;200m [0;0m ⏺ Updating fingerprint examples/eigrp/testing_scenario_ds -c EIGRP-IPv6_exp2_interface-down for 3min [1;33mUPDATE[0;0m 3cda-fb35/~tNl
[38;2;200;200;200m[086/914][0;0m [38;2;200;200;200m [0;0m ⏺ Updating fingerprint examples/ethernet/TenBaseT1S -f multidrop.ini -c Multidrop for 1ms [1;33mINSERT[0;0m a0f6-f6fa/~tNl
[38;2;200;200;200m[087/914][0;0m [38;2;200;200;200m [0;0m ⏺ Updating fingerprint examples/ethernet/TenBaseT1S -f latency.ini -c Latency for 100ms [1;33mINSERT[0;0m cd5e-accb/~tNl
[38;2;200;200;200m[088/914][0;0m [38;2;200;200;200m [0;0m ⏺ Updating fingerprint examples/ethernet/TenBaseT1S -f smoke.ini -c Smoke for 100ms [1;33mINSERT[0;0m 849a-bee0/~tNl
[38;2;200;200;200m[089/914][0;0m [38;2;200;200;200m [0;0m ⏺ Updating fingerprint examples/dhcp -c Wireless2DHCP for 500s [1;33mUPDATE[0;0m ed78-dcf8/~tNl
[38;2;200;200;200m[090/914][0;0m [38;2;200;200;200m [0;0m ⏺ Updating fingerprint examples/ethernet/lans -f hub.ini -c Hub3 for 10s [1;33mINSERT[0;0m 3ba2-6df9/~tNl
[38;2;200;200;200m[091/914][0;0m [38;2;200;200;200m [0;0m ⏺ Updating fingerprint examples/ethernet/lans -f hub.ini -c Hub1 for 10s [1;33mINSERT[0;0m 3ba2-6df9/~tNl
[38;2;200;200;200m[092/914][0;0m [38;2;200;200;200m [0;0m ⏺ Updating fingerprint examples/ethernet/TenBaseT1S -f worstcase.ini -c WorstCase for 1ms [1;33mUPDATE[0;0m c2e7-5001/~tNl
[38;2;200;200;200m[093/914][0;0m [38;2;200;200;200m [0;0m ⏺ Updating fingerprint examples/ethernet/TenBaseT1S -f validation.ini -c HalfDuplex for 100ms [1;33mINSERT[0;0m 4e6b-b9ea/~tNl
[38;2;200;200;200m[094/914][0;0m [38;2;200;200;200m [0;0m ⏺ Updating fingerprint examples/ethernet/TenBaseT1S -f validation.ini -c PLCA for 100ms [1;33mINSERT[0;0m ca99-e8f2/~tNl
[38;2;200;200;200m[095/914][0;0m [38;2;200;200;200m [0;0m ⏺ Updating fingerprint examples/ethernet/lans -f bus.ini -c BusLAN for 120s [1;33mINSERT[0;0m 14b2-6147/~tNl
[38;2;200;200;200m[096/914][0;0m [38;2;200;200;200m [0;0m ⏺ Updating fingerprint examples/ethernet/TenBaseT1S -f validation.ini -c CSMACD for 100ms [1;33mINSERT[0;0m 4e6b-b9ea/~tNl
[38;2;200;200;200m[097/914][0;0m [38;2;200;200;200m [0;0m ⏺ Updating fingerprint examples/ethernet/lans -f twoHosts.ini -c TwoHosts1 for 120s [1;33mINSERT[0;0m 1388-20d1/~tNl
[38;2;200;200;200m[098/914][0;0m [38;2;200;200;200m [0;0m ⏺ Updating fingerprint examples/gptp -c nosync1 for 10s [1;33mINSERT[0;0m c884-4ebd/~tNl
[38;2;200;200;200m[099/914][0;0m [38;2;200;200;200m [0;0m ⏺ Updating fingerprint examples/geometry for 100s [1;33mUPDATE[0;0m 72c3-bb5d/~tNl
[38;2;200;200;200m[100/914][0;0m [38;2;200;200;200m [0;0m ⏺ Updating fingerprint examples/gptp -c nosync2 for 10s [1;33mINSERT[0;0m 9ba4-33b9/~tNl
[38;2;200;200;200m[101/914][0;0m [38;2;200;200;200m [0;0m ⏺ Updating fingerprint examples/ethernet/vlan -c NoVlan for 10ms [1;33mUPDATE[0;0m 515e-7f0e/~tNl
[38;2;200;200;200m[102/914][0;0m [38;2;200;200;200m [0;0m ⏺ Updating fingerprint examples/gptp -c nosync3 for 10s [1;33mINSERT[0;0m e726-ea19/~tNl
[38;2;200;200;200m[103/914][0;0m [38;2;200;200;200m [0;0m ⏺ Updating fingerprint examples/gptp -c nosync4 for 10s [1;33mINSERT[0;0m c56b-b1ed/~tNl
[38;2;200;200;200m[104/914][0;0m [38;2;200;200;200m [0;0m ⏺ Updating fingerprint examples/ethernet/vlan -c BetweenSwitches for 10ms [1;33mUPDATE[0;0m 75b3-6494/~tNl
[38;2;200;200;200m[105/914][0;0m [38;2;200;200;200m [0;0m ⏺ Updating fingerprint examples/ethernet/vlan -c BetweenHosts for 10ms [1;33mUPDATE[0;0m 8552-2b93/~tNl
[38;2;200;200;200m[106/914][0;0m [38;2;200;200;200m [0;0m ⏺ Updating fingerprint examples/ethernet/vlan -c VirtualInterface for 10ms [1;33mUPDATE[0;0m 8552-2b93/~tNl
[38;2;200;200;200m[107/914][0;0m [38;2;200;200;200m [0;0m ⏺ Updating fingerprint examples/gptp -c sync2 for 10s [1;33mINSERT[0;0m ea98-3e95/~tNl
[38;2;200;200;200m[108/914][0;0m [38;2;200;200;200m [0;0m ⏺ Updating fingerprint examples/gptp -c sync3 for 10s [1;33mINSERT[0;0m ec35-ebc5/~tNl
[38;2;200;200;200m[109/914][0;0m [38;2;200;200;200m [0;0m ⏺ Updating fingerprint examples/ethernet/vlan -c Asymmetric for 10ms [1;33mUPDATE[0;0m 66d5-7205/~tNl
[38;2;200;200;200m[110/914][0;0m [38;2;200;200;200m [0;0m ⏺ Updating fingerprint examples/gptp -c sync1 for 10s [1;33mINSERT[0;0m 331a-1831/~tNl
[38;2;200;200;200m[111/914][0;0m [38;2;200;200;200m [0;0m ⏺ Updating fingerprint examples/gptp -c sync4 for 10s [1;33mINSERT[0;0m 6ada-d28b/~tNl
[38;2;200;200;200m[112/914][0;0m [38;2;200;200;200m [0;0m ⏺ Updating fingerprint examples/ethernet/vlan -c DoubleTagged for 10ms [1;33mUPDATE[0;0m 13bd-b0c7/~tNl
[38;2;200;200;200m[113/914][0;0m [38;2;200;200;200m [0;0m ⏺ Updating fingerprint examples/ethernet/simple for 10s [1;33mINSERT[0;0m 1295-3713/~tNl
[38;2;200;200;200m[114/914][0;0m [38;2;200;200;200m [0;0m ⏺ Updating fingerprint examples/ethernet/lans -f mixed.ini -c MixedLAN for 120s [1;33mINSERT[0;0m 90de-f4c1/~tNl
[38;2;200;200;200m[115/914][0;0m [38;2;200;200;200m [0;0m ⏺ Updating fingerprint examples/ethernet/lans -f switch.ini -c SwitchedLAN1 for 1000s [1;33mUPDATE[0;0m 43ab-7a02/~tNl
[38;2;200;200;200m[116/914][0;0m [38;2;200;200;200m [0;0m ⏺ Updating fingerprint examples/ethernet/TenBaseT1S -f paper.ini -c Paper for 1s [1;33mINSERT[0;0m 62a9-dccf/~tNl
[38;2;200;200;200m[117/914][0;0m [38;2;200;200;200m [0;0m ⏺ Updating fingerprint examples/ethernet/lans -f switch.ini -c SwitchedLanPreconf for 1000s [1;33mUPDATE[0;0m 4f17-b901/~tNl
[38;2;200;200;200m[118/914][0;0m [38;2;200;200;200m [0;0m ⏺ Updating fingerprint examples/inet/broadcast for 20s [1;33mUPDATE[0;0m b311-e7c4/~tNl
[38;2;200;200;200m[119/914][0;0m [38;2;200;200;200m [0;0m ⏺ Updating fingerprint examples/ieee8021d -c RSTP-Switch3RootByPriority for 200s [1;33mINSERT[0;0m 3d4c-69fc/~tNl
[38;2;200;200;200m[120/914][0;0m [38;2;200;200;200m [0;0m ⏺ Updating fingerprint examples/ieee8021d -c STP-Switch1RootByMAC for 200s [1;33mINSERT[0;0m 4673-4520/~tNl
[38;2;200;200;200m[121/914][0;0m [38;2;200;200;200m [0;0m ⏺ Updating fingerprint examples/ieee8021d -c RSTP-Switch7to4BySrcPriority for 200s [1;33mINSERT[0;0m 07fc-d045/~tNl
[38;2;200;200;200m[122/914][0;0m [38;2;200;200;200m [0;0m ⏺ Updating fingerprint examples/ieee8021d -c STP-Switch3RootByPriority for 200s [1;33mINSERT[0;0m ae4d-7a6f/~tNl
[38;2;200;200;200m[123/914][0;0m [38;2;200;200;200m [0;0m ⏺ Updating fingerprint examples/ieee8021d -c RSTP-Switch1RootByMAC for 200s [1;33mINSERT[0;0m 5f4b-30d7/~tNl
[1;33mSTDERR [0;36mopp_run_release [0;0m<!> Error: Submodule tcp: No module type named 'TcpLwip' found that implements module interface inet.transportlayer.contract.ITcp (not in the loaded NED files?), at /home/levy/workspace/inet-fp-master/src/inet/node/base/TransportLayerNodeBase.ned:39 -- in module (inet::NodeBase) BulkTransfer.client1 (id=2), during network setup
[38;2;200;200;200m[124/914][0;0m [38;2;200;200;200m [0;0m ⏺ Updating fingerprint examples/inet/bulktransfer -c inet__lwip for 50s [1;31mERROR[0;0m None Submodule tcp: No module type named 'TcpLwip' found that implements module interface inet.transportlayer.contract.ITcp (not in the loaded NED files?), at /home/levy/workspace/inet-fp-master/src/inet/node/base/TransportLayerNodeBase.ned:39 -- in module (inet::NodeBase) BulkTransfer.client1 (id=2), during network setup (Calculated fingerprint not found)
[38;2;200;200;200m[125/914][0;0m [38;2;200;200;200m [0;0m ⏺ Updating fingerprint examples/ieee8021d -c STP-Switch7to4BySrcPriority for 200s [1;33mINSERT[0;0m 3627-909d/~tNl
[1;33mSTDERR [0;36mopp_run_release [0;0m<!> Error: Submodule tcp: No module type named 'TcpLwip' found that implements module interface inet.transportlayer.contract.ITcp (not in the loaded NED files?), at /home/levy/workspace/inet-fp-master/src/inet/node/base/TransportLayerNodeBase.ned:39 -- in module (inet::NodeBase) BulkTransfer.server (id=5), during network setup
[1;33mSTDERR [0;36mopp_run_release [0;0m<!> Error: Submodule tcp: No module type named 'TcpLwip' found that implements module interface inet.transportlayer.contract.ITcp (not in the loaded NED files?), at /home/levy/workspace/inet-fp-master/src/inet/node/base/TransportLayerNodeBase.ned:39 -- in module (inet::NodeBase) BulkTransfer.client1 (id=2), during network setup
[38;2;200;200;200m[126/914][0;0m [38;2;200;200;200m [0;0m ⏺ Updating fingerprint examples/inet/bulktransfer -c lwip__lwip for 50s [1;31mERROR[0;0m None Submodule tcp: No module type named 'TcpLwip' found that implements module interface inet.transportlayer.contract.ITcp (not in the loaded NED files?), at /home/levy/workspace/inet-fp-master/src/inet/node/base/TransportLayerNodeBase.ned:39 -- in module (inet::NodeBase) BulkTransfer.client1 (id=2), during network setup (Calculated fingerprint not found)
[38;2;200;200;200m[127/914][0;0m [38;2;200;200;200m [0;0m ⏺ Updating fingerprint examples/inet/bulktransfer -c lwip__inet for 50s [1;31mERROR[0;0m None Submodule tcp: No module type named 'TcpLwip' found that implements module interface inet.transportlayer.contract.ITcp (not in the loaded NED files?), at /home/levy/workspace/inet-fp-master/src/inet/node/base/TransportLayerNodeBase.ned:39 -- in module (inet::NodeBase) BulkTransfer.server (id=5), during network setup (Calculated fingerprint not found)
[38;2;200;200;200m[128/914][0;0m [38;2;200;200;200m [0;0m ⏺ Updating fingerprint examples/ethernet/TenBaseT1S -f throughput.ini -c Throughput for 1s [1;33mINSERT[0;0m d073-10fb/~tNl
[38;2;200;200;200m[129/914][0;0m [38;2;200;200;200m [0;0m ⏺ Updating fingerprint examples/inet/configurator -c Default for 10s [1;33mUPDATE[0;0m a847-ca43/~tNl
[38;2;200;200;200m[130/914][0;0m [38;2;200;200;200m [0;0m ⏺ Updating fingerprint examples/inet/configurator -c DisableDestinationInterfaces for 10s [1;33mUPDATE[0;0m 1743-ad63/~tNl
[38;2;200;200;200m[131/914][0;0m [38;2;200;200;200m [0;0m ⏺ Updating fingerprint examples/inet/configurator -c DisableLink for 10s [1;33mUPDATE[0;0m 9f6f-ef47/~tNl
[38;2;200;200;200m[132/914][0;0m [38;2;200;200;200m [0;0m ⏺ Updating fingerprint examples/inet/configurator -c DisableSourceHost for 10s [1;33mUPDATE[0;0m 9d93-8349/~tNl
[38;2;200;200;200m[133/914][0;0m [38;2;200;200;200m [0;0m ⏺ Updating fingerprint examples/inet/configurator -c DisableNode for 10s [1;33mUPDATE[0;0m acf4-0e4d/~tNl
[38;2;200;200;200m[134/914][0;0m [38;2;200;200;200m [0;0m ⏺ Updating fingerprint examples/ethernet/arptest -c ARPTest for 500s [1;33mUPDATE[0;0m da26-84f2/~tNl
[38;2;200;200;200m[135/914][0;0m [38;2;200;200;200m [0;0m ⏺ Updating fingerprint examples/inet/hierarchical -c Hosts1 for 10000s [1;33mUPDATE[0;0m e095-b3aa/~tNl
[38;2;200;200;200m[136/914][0;0m [38;2;200;200;200m [0;0m ⏺ Updating fingerprint examples/inet/bulktransfer -c inet_inet_2a for 50s [1;33mUPDATE[0;0m 38f1-dcde/~tNl
[38;2;200;200;200m[137/914][0;0m [38;2;200;200;200m [0;0m ⏺ Updating fingerprint examples/inet/bulktransfer -c inet_inet_2b for 50s [1;33mUPDATE[0;0m 7722-f81b/~tNl
[38;2;200;200;200m[138/914][0;0m [38;2;200;200;200m [0;0m ⏺ Updating fingerprint examples/inet/hierarchical99 [1;31mERROR[0;0m[1;33m (unexpected)[0;0m (Exception during task execution) AttributeError("'NoneType' object has no attribute 'stdout'")
[38;2;200;200;200m[139/914][0;0m [38;2;200;200;200m [0;0m ⏺ Updating fingerprint examples/inet/igmp -c IGMPv2 for 200s [1;33mUPDATE[0;0m f243-0d99/~tNl
[38;2;200;200;200m[140/914][0;0m [38;2;200;200;200m [0;0m ⏺ Updating fingerprint examples/inet/bulktransfer -c inet__inet for 50s [1;33mUPDATE[0;0m c359-b773/~tNl
[38;2;200;200;200m[141/914][0;0m [38;2;200;200;200m [0;0m ⏺ Updating fingerprint examples/adhoc/qos -c MsduAggregation for 5s [1;33mINSERT[0;0m 1d72-34d0/~tNl
[38;2;200;200;200m[142/914][0;0m [38;2;200;200;200m [0;0m ⏺ Updating fingerprint examples/inet/igmp -c IGMPv3 for 200s [1;33mUPDATE[0;0m cf9e-bae3/~tNl
[38;2;200;200;200m[143/914][0;0m [38;2;200;200;200m [0;0m ⏺ Updating fingerprint examples/inet/ipsec -f ipv6.ini -c Multicast6 for 200s [1;33mINSERT[0;0m 5c44-f8d9/~tNl
[38;2;200;200;200m[144/914][0;0m [38;2;200;200;200m [0;0m ⏺ Updating fingerprint examples/ieee8021d -c STP-LinkReconnect for 200s [1;33mINSERT[0;0m fe2f-0d15/~tNl
[38;2;200;200;200m[145/914][0;0m [38;2;200;200;200m [0;0m ⏺ Updating fingerprint examples/ieee8021as -c Network for 200s [1;33mUPDATE[0;0m 5d51-beba/~tNl
[38;2;200;200;200m[146/914][0;0m [38;2;200;200;200m [0;0m ⏺ Updating fingerprint examples/ieee8021d -c STP-LargeNet for 200s [1;33mINSERT[0;0m 173e-25eb/~tNl
[38;2;200;200;200m[147/914][0;0m [38;2;200;200;200m [0;0m ⏺ Updating fingerprint examples/inet/ipv4hook [1;31mERROR[0;0m[1;33m (unexpected)[0;0m (Exception during task execution) AttributeError("'NoneType' object has no attribute 'stdout'")
[38;2;200;200;200m[148/914][0;0m [38;2;200;200;200m [0;0m ⏺ Updating fingerprint examples/inet/ipsec -f ipv6.ini -c UDPTraffic6 for 200s [1;33mINSERT[0;0m b5c8-b0d4/~tNl
[38;2;200;200;200m[149/914][0;0m [38;2;200;200;200m [0;0m ⏺ Updating fingerprint examples/ieee8021d -c RSTP-LargeNet for 200s [1;33mINSERT[0;0m 25f1-aaeb/~tNl
[38;2;200;200;200m[150/914][0;0m [38;2;200;200;200m [0;0m ⏺ Updating fingerprint examples/inet/ipsec -c Multicast for 200s [1;33mUPDATE[0;0m 6b87-9d87/~tNl
[38;2;200;200;200m[151/914][0;0m [38;2;200;200;200m [0;0m ⏺ Updating fingerprint examples/ethernet/arptest2 -c ARPTest for 500s [1;33mUPDATE[0;0m d859-827c/~tNl
[38;2;200;200;200m[152/914][0;0m [38;2;200;200;200m [0;0m ⏺ Updating fingerprint examples/inet/ipsec -c UDPTraffic for 200s [1;33mUPDATE[0;0m 3ad9-26c3/~tNl
[38;2;200;200;200m[153/914][0;0m [38;2;200;200;200m [0;0m ⏺ Updating fingerprint examples/ieee8021d -c RSTP-LinkReconnect for 200s [1;33mINSERT[0;0m 281b-222b/~tNl
[38;2;200;200;200m[154/914][0;0m [38;2;200;200;200m [0;0m ⏺ Updating fingerprint examples/inet/flatnet for 200s [1;33mUPDATE[0;0m 973b-1ad7/~tNl
[38;2;200;200;200m[155/914][0;0m [38;2;200;200;200m [0;0m ⏺ Updating fingerprint examples/inet/ipsec -f ipv6.ini -c TCPTraffic6 for 200s [1;33mINSERT[0;0m a339-c686/~tNl
[38;2;200;200;200m[156/914][0;0m [38;2;200;200;200m [0;0m ⏺ Updating fingerprint examples/inet/ber -c ber-flavour-experiment for 60.0s [1;33mINSERT[0;0m 772d-9a52/~tNl
[38;2;200;200;200m[157/914][0;0m [38;2;200;200;200m [0;0m ⏺ Updating fingerprint examples/inet/ber -c ber-sack-experiment for 60.0s [1;33mINSERT[0;0m fe6c-ca09/~tNl
[38;2;200;200;200m[158/914][0;0m [38;2;200;200;200m [0;0m ⏺ Updating fingerprint examples/inet/nclients -f omnetpp-ping.ini -c Ping for 10s [1;33mUPDATE[0;0m fa3f-4243/~tNl
[38;2;200;200;200m[159/914][0;0m [38;2;200;200;200m [0;0m ⏺ Updating fingerprint examples/inet/ipsec -c TCPTraffic for 200s [1;33mUPDATE[0;0m 5384-429c/~tNl
[38;2;200;200;200m[160/914][0;0m [38;2;200;200;200m [0;0m ⏺ Updating fingerprint examples/inet/nclients for 3000s [1;33mUPDATE[0;0m 24d2-b964/~tNl
[1;33mSTDERR [0;36mopp_run_release [0;0m<!> Error: Submodule tcp: No module type named 'TcpLwip' found that implements module interface inet.transportlayer.contract.ITcp (not in the loaded NED files?), at /home/levy/workspace/inet-fp-master/src/inet/node/base/TransportLayerNodeBase.ned:39 -- in module (inet::NodeBase) NClients.cli[0] (id=6), during network setup
[38;2;200;200;200m[161/914][0;0m [38;2;200;200;200m [0;0m ⏺ Updating fingerprint examples/inet/nclients -c inet__lwip for 3000s [1;31mERROR[0;0m None Submodule tcp: No module type named 'TcpLwip' found that implements module interface inet.transportlayer.contract.ITcp (not in the loaded NED files?), at /home/levy/workspace/inet-fp-master/src/inet/node/base/TransportLayerNodeBase.ned:39 -- in module (inet::NodeBase) NClients.cli[0] (id=6), during network setup (Calculated fingerprint not found)
[1;33mSTDERR [0;36mopp_run_release [0;0m<!> Error: Submodule tcp: No module type named 'TcpLwip' found that implements module interface inet.transportlayer.contract.ITcp (not in the loaded NED files?), at /home/levy/workspace/inet-fp-master/src/inet/node/base/TransportLayerNodeBase.ned:39 -- in module (inet::NodeBase) NClients.srv (id=10), during network setup
[38;2;200;200;200m[162/914][0;0m [38;2;200;200;200m [0;0m ⏺ Updating fingerprint examples/inet/nclients -c lwip__inet for 3000s [1;31mERROR[0;0m None Submodule tcp: No module type named 'TcpLwip' found that implements module interface inet.transportlayer.contract.ITcp (not in the loaded NED files?), at /home/levy/workspace/inet-fp-master/src/inet/node/base/TransportLayerNodeBase.ned:39 -- in module (inet::NodeBase) NClients.srv (id=10), during network setup (Calculated fingerprint not found)
[1;33mSTDERR [0;36mopp_run_release [0;0m<!> Error: Submodule tcp: No module type named 'TcpLwip' found that implements module interface inet.transportlayer.contract.ITcp (not in the loaded NED files?), at /home/levy/workspace/inet-fp-master/src/inet/node/base/TransportLayerNodeBase.ned:39 -- in module (inet::NodeBase) NClients.cli[0] (id=6), during network setup
[38;2;200;200;200m[163/914][0;0m [38;2;200;200;200m [0;0m ⏺ Updating fingerprint examples/inet/nclients -c inet__inet for 3000s [1;33mINSERT[0;0m 24d2-b964/~tNl
[38;2;200;200;200m[164/914][0;0m [38;2;200;200;200m [0;0m ⏺ Updating fingerprint examples/inet/nclients -c lwip__lwip for 3000s [1;31mERROR[0;0m None Submodule tcp: No module type named 'TcpLwip' found that implements module interface inet.transportlayer.contract.ITcp (not in the loaded NED files?), at /home/levy/workspace/inet-fp-master/src/inet/node/base/TransportLayerNodeBase.ned:39 -- in module (inet::NodeBase) NClients.cli[0] (id=6), during network setup (Calculated fingerprint not found)
[38;2;200;200;200m[165/914][0;0m [38;2;200;200;200m [0;0m ⏺ Updating fingerprint examples/inet/hierarchical -c Hosts16 for 10000s [1;33mUPDATE[0;0m 50e5-fa48/~tNl
[38;2;200;200;200m[166/914][0;0m [38;2;200;200;200m [0;0m ⏺ Updating fingerprint examples/ieee8021as -c Network_daisy_chain for 200s [1;33mUPDATE[0;0m bc33-dfae/~tNl
[38;2;200;200;200m[167/914][0;0m [38;2;200;200;200m [0;0m ⏺ Updating fingerprint examples/ethernet/lans -f hub.ini -c Hub2 for 10s [1;33mUPDATE[0;0m 034b-6108/~tNl
[38;2;200;200;200m[168/914][0;0m [38;2;200;200;200m [0;0m ⏺ Updating fingerprint examples/adhoc/qos -c MacNonQos for 5s [1;33mINSERT[0;0m 50e1-ed0a/~tNl
[38;2;200;200;200m[169/914][0;0m [38;2;200;200;200m [0;0m ⏺ Updating fingerprint examples/inet/kidsnw1 for 1000s [1;33mUPDATE[0;0m 487e-c12b/~tNl
[38;2;200;200;200m[170/914][0;0m [38;2;200;200;200m [0;0m ⏺ Updating fingerprint examples/inet/nclients -f basicHTTP.ini for 1d [1;33mINSERT[0;0m 96fb-3f43/~tNl
[38;2;200;200;200m[171/914][0;0m [38;2;200;200;200m [0;0m ⏺ Updating fingerprint examples/inet/routerperf for 100s [1;33mUPDATE[0;0m 47fb-ca13/~tNl
[38;2;200;200;200m[172/914][0;0m [38;2;200;200;200m [0;0m ⏺ Updating fingerprint examples/inet/shutdownrestart -c Ping for 100s [1;33mUPDATE[0;0m 5b53-168d/~tNl
[38;2;200;200;200m[173/914][0;0m [38;2;200;200;200m [0;0m ⏺ Updating fingerprint examples/inet/netperfmeter -c TraceFile-Sctp for 3600s 1ms [1;33mINSERT[0;0m d92e-ba19/~tNl
[38;2;200;200;200m[174/914][0;0m [38;2;200;200;200m [0;0m ⏺ Updating fingerprint examples/inet/netperfmeter -c TraceFile-Tcp for 3600s 1ms [1;33mINSERT[0;0m 47cb-ba60/~tNl
[38;2;200;200;200m[175/914][0;0m [38;2;200;200;200m [0;0m ⏺ Updating fingerprint examples/inet/netperfmeter -c TraceFile-Udp for 3600s 1ms [1;33mINSERT[0;0m cb07-27c4/~tNl
[38;2;200;200;200m[176/914][0;0m [38;2;200;200;200m [0;0m ⏺ Updating fingerprint examples/inet/pcaprecorder for 5000s [1;33mUPDATE[0;0m 7cf3-0748/~tNl
[1;33mSTDERR [0;36mopp_run_release [0;0m<!> Error: Submodule tcp: No module type named 'TcpLwip' found that implements module interface inet.transportlayer.contract.ITcp (not in the loaded NED files?), at /home/levy/workspace/inet-fp-master/src/inet/node/base/TransportLayerNodeBase.ned:39 -- in module (inet::NodeBase) NClients.cli[0] (id=6), during network setup
[38;2;200;200;200m[177/914][0;0m [38;2;200;200;200m [0;0m ⏺ Updating fingerprint examples/inet/shutdownrestart -c TcpLwip for 100s [1;31mERROR[0;0m None Submodule tcp: No module type named 'TcpLwip' found that implements module interface inet.transportlayer.contract.ITcp (not in the loaded NED files?), at /home/levy/workspace/inet-fp-master/src/inet/node/base/TransportLayerNodeBase.ned:39 -- in module (inet::NodeBase) NClients.cli[0] (id=6), during network setup (Calculated fingerprint not found)
[38;2;200;200;200m[178/914][0;0m [38;2;200;200;200m [0;0m ⏺ Updating fingerprint examples/inet/shutdownrestart -c UDP_Basic_Echo for 100s [1;33mUPDATE[0;0m d4f3-2002/~tNl
[38;2;200;200;200m[179/914][0;0m [38;2;200;200;200m [0;0m ⏺ Updating fingerprint examples/inet/shutdownrestart -c UDP_Burst_Sink for 100s [1;33mUPDATE[0;0m 224d-90a5/~tNl
[38;2;200;200;200m[180/914][0;0m [38;2;200;200;200m [0;0m ⏺ Updating fingerprint examples/inet/shutdownrestart -c TCP for 100s [1;33mUPDATE[0;0m aa1c-0164/~tNl
[38;2;200;200;200m[181/914][0;0m [38;2;200;200;200m [0;0m ⏺ Updating fingerprint examples/inet/shutdownrestart -c UDP_VideoStream for 100s [1;33mUPDATE[0;0m af8e-4c54/~tNl
[38;2;200;200;200m[182/914][0;0m [38;2;200;200;200m [0;0m ⏺ Updating fingerprint examples/ethernet/lans -c MixedLAN1 for 1200s [1;33mINSERT[0;0m 460f-2d28/~tNl
[38;2;200;200;200m[183/914][0;0m [38;2;200;200;200m [0;0m ⏺ Updating fingerprint examples/inet/nclients -f filetransfer.ini -c Filetransfer for 50s [1;33mUPDATE[0;0m c5d2-c3cf/~tNl
[38;2;200;200;200m[184/914][0;0m [38;2;200;200;200m [0;0m ⏺ Updating fingerprint examples/inet/tcp_ppp_reconnect for 10s [1;33mUPDATE[0;0m a186-e7ec/~tNl
[38;2;200;200;200m[185/914][0;0m [38;2;200;200;200m [0;0m ⏺ Updating fingerprint examples/inet/tcp_eth_reconnect -c with_EtherMAC_halfduplex for 10s [1;33mUPDATE[0;0m c1f2-e962/~tNl
[38;2;200;200;200m[186/914][0;0m [38;2;200;200;200m [0;0m ⏺ Updating fingerprint examples/inet/tcp_pmtud -c PmtudDisabled for 300s [1;33mINSERT[0;0m 2371-04b2/~tNl
[38;2;200;200;200m[187/914][0;0m [38;2;200;200;200m [0;0m ⏺ Updating fingerprint examples/inet/tcp_pmtud -c PmtudEnabled for 300s [1;33mINSERT[0;0m 3be1-f5b3/~tNl
[38;2;200;200;200m[188/914][0;0m [38;2;200;200;200m [0;0m ⏺ Updating fingerprint examples/inet/tcpapp -c BurstyTraffic for 100s [1;33mUPDATE[0;0m f841-bb9f/~tNl
[38;2;200;200;200m[189/914][0;0m [38;2;200;200;200m [0;0m ⏺ Updating fingerprint examples/inet/tcp_pmtud -c PmtudProbe for 300s [1;33mINSERT[0;0m eda3-fe24/~tNl
[38;2;200;200;200m[190/914][0;0m [38;2;200;200;200m [0;0m ⏺ Updating fingerprint examples/inet/tcpapp -c RequestResponseTraffic for 100s [1;33mUPDATE[0;0m 6616-712a/~tNl
[38;2;200;200;200m[191/914][0;0m [38;2;200;200;200m [0;0m ⏺ Updating fingerprint examples/inet/multicast for 2000s [1;33mUPDATE[0;0m eed8-3d7c/~tNl
[38;2;200;200;200m[192/914][0;0m [38;2;200;200;200m [0;0m ⏺ Updating fingerprint examples/inet/tcp_eth_reconnect -c with_EtherMACFullDuplex for 10s [1;33mUPDATE[0;0m ea62-c51e/~tNl
[38;2;200;200;200m[193/914][0;0m [38;2;200;200;200m [0;0m ⏺ Updating fingerprint examples/inet/redmarker -c TcpSender1 for 100s [1;33mUPDATE[0;0m d388-1d64/~tNl
[38;2;200;200;200m[194/914][0;0m [38;2;200;200;200m [0;0m ⏺ Updating fingerprint examples/inet/tcp_eth_reconnect -c with_EtherMAC_fullduplex for 10s [1;33mUPDATE[0;0m d5f8-89fd/~tNl
[38;2;200;200;200m[195/914][0;0m [38;2;200;200;200m [0;0m ⏺ Updating fingerprint examples/inet/tcpclientserver -c inet-dumb for 500s [1;33mUPDATE[0;0m a943-87c0/~tNl
[38;2;200;200;200m[196/914][0;0m [38;2;200;200;200m [0;0m ⏺ Updating fingerprint examples/inet/tcpclientserver -c inet-reno for 500s [1;33mUPDATE[0;0m 1f7f-959a/~tNl
[38;2;200;200;200m[197/914][0;0m [38;2;200;200;200m [0;0m ⏺ Updating fingerprint examples/inet/tcpclientserver -c inet-nocongestioncontrol for 500s [1;33mUPDATE[0;0m 40cd-3a12/~tNl
[38;2;200;200;200m[198/914][0;0m [38;2;200;200;200m [0;0m ⏺ Updating fingerprint examples/inet/tcpclientserver -c inet-newreno for 500s [1;33mUPDATE[0;0m 5bec-7bfe/~tNl
[38;2;200;200;200m[199/914][0;0m [38;2;200;200;200m [0;0m ⏺ Updating fingerprint examples/inet/tcpclientserver -c inet-vegas for 500s [1;33mUPDATE[0;0m 2fa1-a851/~tNl
[38;2;200;200;200m[200/914][0;0m [38;2;200;200;200m [0;0m ⏺ Updating fingerprint examples/inet/tcpclientserver -c inet-tahoe for 500s [1;33mUPDATE[0;0m 1f7f-959a/~tNl
[38;2;200;200;200m[201/914][0;0m [38;2;200;200;200m [0;0m ⏺ Updating fingerprint examples/inet/tcpclientserver -c inet-westwood for 500s [1;33mUPDATE[0;0m 2029-6172/~tNl
[1;33mSTDERR [0;36mopp_run_release [0;0m<!> Error: Submodule tcp: No module type named 'TcpLwip' found that implements module interface inet.transportlayer.contract.ITcp (not in the loaded NED files?), at /home/levy/workspace/inet-fp-master/src/inet/node/base/TransportLayerNodeBase.ned:39 -- in module (inet::NodeBase) ClientServer.client1 (id=2), during network setup
[38;2;200;200;200m[202/914][0;0m [38;2;200;200;200m [0;0m ⏺ Updating fingerprint examples/inet/tcpclientserver -c inet__lwip for 100s [1;31mERROR[0;0m None Submodule tcp: No module type named 'TcpLwip' found that implements module interface inet.transportlayer.contract.ITcp (not in the loaded NED files?), at /home/levy/workspace/inet-fp-master/src/inet/node/base/TransportLayerNodeBase.ned:39 -- in module (inet::NodeBase) ClientServer.client1 (id=2), during network setup (Calculated fingerprint not found)
[1;33mSTDERR [0;36mopp_run_release [0;0m<!> Error: Submodule tcp: No module type named 'TcpLwip' found that implements module interface inet.transportlayer.contract.ITcp (not in the loaded NED files?), at /home/levy/workspace/inet-fp-master/src/inet/node/base/TransportLayerNodeBase.ned:39 -- in module (inet::NodeBase) ClientServer.client1 (id=2), during network setup
[38;2;200;200;200m[203/914][0;0m [38;2;200;200;200m [0;0m ⏺ Updating fingerprint examples/inet/tcpclientserver -c lwip__lwip for 100s [1;31mERROR[0;0m None Submodule tcp: No module type named 'TcpLwip' found that implements module interface inet.transportlayer.contract.ITcp (not in the loaded NED files?), at /home/levy/workspace/inet-fp-master/src/inet/node/base/TransportLayerNodeBase.ned:39 -- in module (inet::NodeBase) ClientServer.client1 (id=2), during network setup (Calculated fingerprint not found)
[38;2;200;200;200m[204/914][0;0m [38;2;200;200;200m [0;0m ⏺ Updating fingerprint examples/inet/tcpclientserver -c default_tcp for 100s [1;33mUPDATE[0;0m 9860-cce2/~tNl
[1;33mSTDERR [0;36mopp_run_release [0;0m<!> Error: Submodule tcp: No module type named 'TcpLwip' found that implements module interface inet.transportlayer.contract.ITcp (not in the loaded NED files?), at /home/levy/workspace/inet-fp-master/src/inet/node/base/TransportLayerNodeBase.ned:39 -- in module (inet::NodeBase) ClientServer.client1 (id=2), during network setup
[1;33mSTDERR [0;36mopp_run_release [0;0m<!> Error: Submodule tcp: No module type named 'TcpLwip' found that implements module interface inet.transportlayer.contract.ITcp (not in the loaded NED files?), at /home/levy/workspace/inet-fp-master/src/inet/node/base/TransportLayerNodeBase.ned:39 -- in module (inet::NodeBase) ClientServer.server (id=3), during network setup
[38;2;200;200;200m[205/914][0;0m [38;2;200;200;200m [0;0m ⏺ Updating fingerprint examples/inet/tcpclientserver -c lwip__lwip__msg for 100s [1;31mERROR[0;0m None Submodule tcp: No module type named 'TcpLwip' found that implements module interface inet.transportlayer.contract.ITcp (not in the loaded NED files?), at /home/levy/workspace/inet-fp-master/src/inet/node/base/TransportLayerNodeBase.ned:39 -- in module (inet::NodeBase) ClientServer.client1 (id=2), during network setup (Calculated fingerprint not found)
[38;2;200;200;200m[206/914][0;0m [38;2;200;200;200m [0;0m ⏺ Updating fingerprint examples/inet/tcpclientserver -c lwip__inet for 100s [1;31mERROR[0;0m None Submodule tcp: No module type named 'TcpLwip' found that implements module interface inet.transportlayer.contract.ITcp (not in the loaded NED files?), at /home/levy/workspace/inet-fp-master/src/inet/node/base/TransportLayerNodeBase.ned:39 -- in module (inet::NodeBase) ClientServer.server (id=3), during network setup (Calculated fingerprint not found)
[1;33mSTDERR [0;36mopp_run_release [0;0m<!> Error: Submodule tcp: No module type named 'TcpLwip' found that implements module interface inet.transportlayer.contract.ITcp (not in the loaded NED files?), at /home/levy/workspace/inet-fp-master/src/inet/node/base/TransportLayerNodeBase.ned:39 -- in module (inet::NodeBase) ClientServer.client1 (id=2), during network setup
[38;2;200;200;200m[207/914][0;0m [38;2;200;200;200m [0;0m ⏺ Updating fingerprint examples/inet/tcpclientserver -c lwip__lwip__stream for 100s [1;31mERROR[0;0m None Submodule tcp: No module type named 'TcpLwip' found that implements module interface inet.transportlayer.contract.ITcp (not in the loaded NED files?), at /home/levy/workspace/inet-fp-master/src/inet/node/base/TransportLayerNodeBase.ned:39 -- in module (inet::NodeBase) ClientServer.client1 (id=2), during network setup (Calculated fingerprint not found)
[38;2;200;200;200m[208/914][0;0m [38;2;200;200;200m [0;0m ⏺ Updating fingerprint examples/inet/tcpclientserver -c inet__inet for 100s [1;33mUPDATE[0;0m 9860-cce2/~tNl
[1;33mSTDERR [0;36mopp_run_release [0;0m<!> Error: The simulation attempted to prompt for user input, set cmdenv-interactive=true to allow it: "Enter parameter 'ClientServer.client1.tcp.windowScalingFactor' (ask):" -- in module (inet::tcp::Tcp) ClientServer.client1.tcp (id=18), during network setup
[38;2;200;200;200m[209/914][0;0m [38;2;200;200;200m [0;0m ⏺ Updating fingerprint examples/inet/nclients -f video.ini -c Video for 50s [1;33mUPDATE[0;0m 3cd6-d551/~tNl
[38;2;200;200;200m[210/914][0;0m [38;2;200;200;200m [0;0m ⏺ Updating fingerprint examples/inet/nclients -f nclients2.ini for 50s [1;33mUPDATE[0;0m 2b22-d6e9/~tNl
[38;2;200;200;200m[211/914][0;0m [38;2;200;200;200m [0;0m ⏺ Updating fingerprint examples/inet/tcpthroughput -c Delay-100ms-advWin1MB for 100s [1;31mERROR[0;0m None (Calculated fingerprint not found)
[38;2;200;200;200m[212/914][0;0m [38;2;200;200;200m [0;0m ⏺ Updating fingerprint examples/inet/udpapp -c BurstyTraffic for 100s [1;33mUPDATE[0;0m adb2-6c01/~tNl
[38;2;200;200;200m[213/914][0;0m [38;2;200;200;200m [0;0m ⏺ Updating fingerprint examples/inet/tunnel -c UDPApp for 10s [1;33mUPDATE[0;0m 9313-4672/~tNl
[38;2;200;200;200m[214/914][0;0m [38;2;200;200;200m [0;0m ⏺ Updating fingerprint examples/inet/udpclientserver -c udp_Fragment_ipv4 for 10s [1;33mUPDATE[0;0m 600f-cbc2/~tNl
[38;2;200;200;200m[215/914][0;0m [38;2;200;200;200m [0;0m ⏺ Updating fingerprint examples/inet/tcpclientserver -c inet__inet_stream for 100s [1;33mUPDATE[0;0m 9860-cce2/~tNl
[38;2;200;200;200m[216/914][0;0m [38;2;200;200;200m [0;0m ⏺ Updating fingerprint examples/inet/tcpclientserver -c inet__inet_msg for 100s [1;33mUPDATE[0;0m 9860-cce2/~tNl
[38;2;200;200;200m[217/914][0;0m [38;2;200;200;200m [0;0m ⏺ Updating fingerprint examples/inet/udpclientserver -c udp_Host_Unav_gn for 10s [0;32mKEEP[0;0m 0000-0000/~tNl
[38;2;200;200;200m[218/914][0;0m [38;2;200;200;200m [0;0m ⏺ Updating fingerprint examples/inet/udpapp -c RequestResponseTraffic for 100s [1;33mUPDATE[0;0m d823-ceeb/~tNl
[38;2;200;200;200m[219/914][0;0m [38;2;200;200;200m [0;0m ⏺ Updating fingerprint examples/inet/tcpthroughput -c Delay-100ms for 100s [1;33mINSERT[0;0m 2330-6cf5/~tNl
[38;2;200;200;200m[220/914][0;0m [38;2;200;200;200m [0;0m ⏺ Updating fingerprint examples/adhoc/qos -c MacQos for 5s [1;33mINSERT[0;0m 54d3-6c7a/~tNl
[38;2;200;200;200m[221/914][0;0m [38;2;200;200;200m [0;0m ⏺ Updating fingerprint examples/inet/udpclientserver -c udp_Host_Unav_ipv4 for 10s [0;32mKEEP[0;0m 0000-0000/~tNl
[38;2;200;200;200m[222/914][0;0m [38;2;200;200;200m [0;0m ⏺ Updating fingerprint examples/inet/udpclientserver -c udp_Host_Unav_ipv6 for 10s [1;33mUPDATE[0;0m 943f-73dc/~tNl
[38;2;200;200;200m[223/914][0;0m [38;2;200;200;200m [0;0m ⏺ Updating fingerprint examples/inet/udpclientserver -c udp_OK_ipv4 for 10s [1;33mUPDATE[0;0m ebcf-6e37/~tNl
[38;2;200;200;200m[224/914][0;0m [38;2;200;200;200m [0;0m ⏺ Updating fingerprint examples/inet/udpclientserver -c udp_OK_gn for 10s [0;32mKEEP[0;0m 0000-0000/~tNl
[38;2;200;200;200m[225/914][0;0m [38;2;200;200;200m [0;0m ⏺ Updating fingerprint examples/inet/udpclientserver -c udp_OK_ipv4_clock for 10s [1;33mUPDATE[0;0m ebcf-6e37/~tNl
[38;2;200;200;200m[226/914][0;0m [38;2;200;200;200m [0;0m ⏺ Updating fingerprint examples/inet/udpclientserver -c udp_OK_ipv4_clock_drift for 10s [1;33mUPDATE[0;0m 0aa9-a670/~tNl
[38;2;200;200;200m[227/914][0;0m [38;2;200;200;200m [0;0m ⏺ Updating fingerprint examples/inet/udpclientserver -c udp_OK_ipv4_clock_adjust for 10s [1;33mUPDATE[0;0m 0aa9-a670/~tNl
[38;2;200;200;200m[228/914][0;0m [38;2;200;200;200m [0;0m ⏺ Updating fingerprint examples/inet/udpclientserver -c udp_OK_ipv6 for 10s [1;33mUPDATE[0;0m 6439-b288/~tNl
[38;2;200;200;200m[229/914][0;0m [38;2;200;200;200m [0;0m ⏺ Updating fingerprint examples/inet/tunnel -c TcpApp for 10s [1;33mUPDATE[0;0m c01d-8f13/~tNl
[38;2;200;200;200m[230/914][0;0m [38;2;200;200;200m [0;0m ⏺ Updating fingerprint examples/inet/udpclientserver -c udp_Port_Unav_gn for 10s [0;32mKEEP[0;0m 0000-0000/~tNl
[38;2;200;200;200m[231/914][0;0m [38;2;200;200;200m [0;0m ⏺ Updating fingerprint examples/inet/udpclientserver -c udp_Port_Unav_ipv4 for 10s [1;33mUPDATE[0;0m 84c8-978d/~tNl
[38;2;200;200;200m[232/914][0;0m [38;2;200;200;200m [0;0m ⏺ Updating fingerprint examples/ieee8021as -c Network_with_cross_traffic for 200s [1;33mUPDATE[0;0m be9d-f341/~tNl
[38;2;200;200;200m[233/914][0;0m [38;2;200;200;200m [0;0m ⏺ Updating fingerprint examples/inet/udpclientserver -c udp_Port_Unav_ipv6 for 10s [1;33mUPDATE[0;0m 726c-3481/~tNl
[38;2;200;200;200m[234/914][0;0m [38;2;200;200;200m [0;0m ⏺ Updating fingerprint examples/internetcloud/cloudandhosts -c simple for 100s [1;33mUPDATE[0;0m e297-e0b5/~tNl
[38;2;200;200;200m[235/914][0;0m [38;2;200;200;200m [0;0m ⏺ Updating fingerprint examples/inet/udpburst for 1000s [1;33mUPDATE[0;0m 9c5d-4db1/~tNl
[38;2;200;200;200m[236/914][0;0m [38;2;200;200;200m [0;0m ⏺ Updating fingerprint examples/internetcloud/cloudandrouters -c simple for 100s [1;33mUPDATE[0;0m 25a5-b966/~tNl
[38;2;200;200;200m[237/914][0;0m [38;2;200;200;200m [0;0m ⏺ Updating fingerprint examples/internetcloud/cloudandhosts -c ten_senders for 100s [1;33mUPDATE[0;0m be8a-89f9/~tNl
[38;2;200;200;200m[238/914][0;0m [38;2;200;200;200m [0;0m ⏺ Updating fingerprint examples/internetcloud/cloudandhosts -c two_senders for 100s [1;33mUPDATE[0;0m 2cc5-bd3a/~tNl
[38;2;200;200;200m[239/914][0;0m [38;2;200;200;200m [0;0m ⏺ Updating fingerprint examples/ipv6/ipv6configurator -c CustomRA for 120s [1;33mINSERT[0;0m 1ddc-6562/~tNl
[38;2;200;200;200m[240/914][0;0m [38;2;200;200;200m [0;0m ⏺ Updating fingerprint examples/ipv6/ipv6configurator -c Hierarchical for 60s [1;33mINSERT[0;0m 46cc-31db/~tNl
[38;2;200;200;200m[241/914][0;0m [38;2;200;200;200m [0;0m ⏺ Updating fingerprint examples/ipv6/ipv6configurator -c Default for 60s [1;33mINSERT[0;0m 46cc-31db/~tNl
[38;2;200;200;200m[242/914][0;0m [38;2;200;200;200m [0;0m ⏺ Updating fingerprint examples/ipv6/ipv6configurator -c ManualRouters for 120s [1;33mINSERT[0;0m d9c6-a98b/~tNl
[38;2;200;200;200m[243/914][0;0m [38;2;200;200;200m [0;0m ⏺ Updating fingerprint examples/internetcloud/cloudandrouters -c ten_senders for 100s [1;33mUPDATE[0;0m 1042-fc54/~tNl
[38;2;200;200;200m[244/914][0;0m [38;2;200;200;200m [0;0m ⏺ Updating fingerprint examples/ipv6/mld for 30s [1;33mINSERT[0;0m 4307-8891/~tNl
[38;2;200;200;200m[245/914][0;0m [38;2;200;200;200m [0;0m ⏺ Updating fingerprint examples/internetcloud/cloudandrouters -c two_senders for 100s [1;33mUPDATE[0;0m dc41-0139/~tNl
[38;2;200;200;200m[246/914][0;0m [38;2;200;200;200m [0;0m ⏺ Updating fingerprint examples/ipv6/mipv6 -c RouteOptimizationTwoCNs for 60s [1;33mINSERT[0;0m e53a-7873/~tNl
[38;2;200;200;200m[247/914][0;0m [38;2;200;200;200m [0;0m ⏺ Updating fingerprint examples/ipv6/mld -c MldV2Ssm for 30s [1;33mINSERT[0;0m 3bd1-499a/~tNl
[38;2;200;200;200m[248/914][0;0m [38;2;200;200;200m [0;0m ⏺ Updating fingerprint examples/ipv6/mld -c MldDemo for 30s [1;33mINSERT[0;0m 03dd-a4a3/~tNl
[38;2;200;200;200m[249/914][0;0m [38;2;200;200;200m [0;0m ⏺ Updating fingerprint examples/ipv6/mipv6 -c Handover for 70s [1;33mINSERT[0;0m b833-25b6/~tNl
[38;2;200;200;200m[250/914][0;0m [38;2;200;200;200m [0;0m ⏺ Updating fingerprint examples/ethernet/lans -f duplexswitch.ini -c SwitchedDuplexLAN for 120s [1;33mINSERT[0;0m 5687-4333/~tNl
[38;2;200;200;200m[251/914][0;0m [38;2;200;200;200m [0;0m ⏺ Updating fingerprint examples/inet/tcpwindowscale -c WS_disabled for 600.0s [1;33mINSERT[0;0m b99d-9888/~tNl
[38;2;200;200;200m[252/914][0;0m [38;2;200;200;200m [0;0m ⏺ Updating fingerprint examples/ipv6/nclients -c PPP_SCTP for 100s [1;33mUPDATE[0;0m 8ac8-b785/~tNl
[38;2;200;200;200m[253/914][0;0m [38;2;200;200;200m [0;0m ⏺ Updating fingerprint examples/ipv6/mipv6roaming -c Roaming for 70s [1;33mINSERT[0;0m 9db9-5bbb/~tNl
[38;2;200;200;200m[254/914][0;0m [38;2;200;200;200m [0;0m ⏺ Updating fingerprint examples/ipv6/pmipv6 for 60s [1;33mINSERT[0;0m 9219-5174/~tNl
[38;2;200;200;200m[255/914][0;0m [38;2;200;200;200m [0;0m ⏺ Updating fingerprint examples/ipv6/nclients -c PPP for 1000s [1;33mUPDATE[0;0m a12f-58b5/~tNl
[38;2;200;200;200m[256/914][0;0m [38;2;200;200;200m [0;0m ⏺ Updating fingerprint examples/ipv6/nclients -c ETH for 1000s [1;33mUPDATE[0;0m 91e6-98d0/~tNl
[38;2;200;200;200m[257/914][0;0m [38;2;200;200;200m [0;0m ⏺ Updating fingerprint examples/internetcloud/earthcloud for 100s [1;33mUPDATE[0;0m 4d6f-1f7a/~tNl
[38;2;200;200;200m[258/914][0;0m [38;2;200;200;200m [0;0m ⏺ Updating fingerprint examples/manetrouting/dymo -c DynamicIPv4 for 22s [1;33mUPDATE[0;0m 6d27-1027/~tNl
[38;2;200;200;200m[259/914][0;0m [38;2;200;200;200m [0;0m ⏺ Updating fingerprint examples/manetrouting/dymo -c Generic for 10s [1;33mUPDATE[0;0m fb41-1ab9/~tNl
[38;2;200;200;200m[260/914][0;0m [38;2;200;200;200m [0;0m ⏺ Updating fingerprint examples/inet/dctcp -c DcTcpIncast for 100s [1;33mUPDATE[0;0m 08b4-9269/~tNl
[38;2;200;200;200m[261/914][0;0m [38;2;200;200;200m [0;0m ⏺ Updating fingerprint examples/manetrouting/dymo -c IPv4 for 10s [1;33mUPDATE[0;0m 8783-1757/~tNl
[38;2;200;200;200m[262/914][0;0m [38;2;200;200;200m [0;0m ⏺ Updating fingerprint examples/manetrouting/dymo -c DynamicGeneric for 22s [1;33mUPDATE[0;0m ccee-7519/~tNl
[38;2;200;200;200m[263/914][0;0m [38;2;200;200;200m [0;0m ⏺ Updating fingerprint examples/ethernet/lans -f largeNet.ini -c LargeNet for 5s [1;33mUPDATE[0;0m 0bde-1d42/~tNl
[38;2;200;200;200m[264/914][0;0m [38;2;200;200;200m [0;0m ⏺ Updating fingerprint examples/manetrouting/dsdv -c IPv4 for 10s [1;33mUPDATE[0;0m cdd6-88f1/~tNl
[38;2;200;200;200m[265/914][0;0m [38;2;200;200;200m [0;0m ⏺ Updating fingerprint examples/manetrouting/dsdv -c MultiIPv4 for 10s [1;33mUPDATE[0;0m 59f1-6752/~tNl
[38;2;200;200;200m[266/914][0;0m [38;2;200;200;200m [0;0m ⏺ Updating fingerprint examples/manetrouting/gpsr -c DynamicGeneric for 20s [1;33mUPDATE[0;0m 95b2-96bd/~tNl
[38;2;200;200;200m[267/914][0;0m [38;2;200;200;200m [0;0m ⏺ Updating fingerprint examples/manetrouting/dymo -c MultiGeneric for 10s [1;33mUPDATE[0;0m c4ae-f513/~tNl
[38;2;200;200;200m[268/914][0;0m [38;2;200;200;200m [0;0m ⏺ Updating fingerprint examples/inet/hierarchical99 -f networklayer.ini -c Generic for 10000s [1;33mUPDATE[0;0m 984c-c085/~tNl
[38;2;200;200;200m[269/914][0;0m [38;2;200;200;200m [0;0m ⏺ Updating fingerprint examples/manetrouting/dymo -c MultiIPv4 for 10s [1;33mUPDATE[0;0m 868c-db75/~tNl
[38;2;200;200;200m[270/914][0;0m [38;2;200;200;200m [0;0m ⏺ Updating fingerprint examples/manetrouting/gpsr -c DynamicIPv4 for 20s [1;33mUPDATE[0;0m 95a5-8bed/~tNl
[38;2;200;200;200m[271/914][0;0m [38;2;200;200;200m [0;0m ⏺ Updating fingerprint examples/inet/hierarchical99 -f networklayer.ini -c IPv4 for 10000s [1;33mUPDATE[0;0m e9ad-bc8c/~tNl
[38;2;200;200;200m[272/914][0;0m [38;2;200;200;200m [0;0m ⏺ Updating fingerprint examples/manetrouting/gpsr -c Manual for 20s [1;33mUPDATE[0;0m 6cca-ca1b/~tNl
[38;2;200;200;200m[273/914][0;0m [38;2;200;200;200m [0;0m ⏺ Updating fingerprint examples/manetrouting/gpsr -c DynamicIPv6 for 20s [1;33mUPDATE[0;0m 604f-1201/~tNl
[38;2;200;200;200m[274/914][0;0m [38;2;200;200;200m [0;0m ⏺ Updating fingerprint examples/manetrouting/dsdv -c DynamicIPv4 for 22s [1;33mUPDATE[0;0m e6ab-91ec/~tNl
[38;2;200;200;200m[275/914][0;0m [38;2;200;200;200m [0;0m ⏺ Updating fingerprint examples/manetrouting/gpsr -c Generic for 20s [1;33mUPDATE[0;0m 60b4-c1c4/~tNl
[38;2;200;200;200m[276/914][0;0m [38;2;200;200;200m [0;0m ⏺ Updating fingerprint examples/inet/tcpthroughput -c Delay-100ms-advWin64K for 100s [1;33mINSERT[0;0m f984-c3cf/~tNl
[38;2;200;200;200m[277/914][0;0m [38;2;200;200;200m [0;0m ⏺ Updating fingerprint examples/manetrouting/gpsr -c IPv4 for 20s [1;33mUPDATE[0;0m b60e-0f8c/~tNl
[38;2;200;200;200m[278/914][0;0m [38;2;200;200;200m [0;0m ⏺ Updating fingerprint examples/mobility -c AnsimMobility for 1000s [1;33mINSERT[0;0m 0000-0000/~tNl
[38;2;200;200;200m[279/914][0;0m [38;2;200;200;200m [0;0m ⏺ Updating fingerprint examples/inet/hierarchical99 -f networklayer.ini -c Flooding for 10000s [1;33mUPDATE[0;0m ea2a-c3c4/~tNl
[38;2;200;200;200m[280/914][0;0m [38;2;200;200;200m [0;0m ⏺ Updating fingerprint examples/manetrouting/gpsr -c MultiIPv4 for 20s [1;33mUPDATE[0;0m 1641-1a46/~tNl
[38;2;200;200;200m[281/914][0;0m [38;2;200;200;200m [0;0m ⏺ Updating fingerprint examples/inet/hierarchical -c Hosts256 for 20s [1;33mUPDATE[0;0m ec15-38aa/~tNl
[38;2;200;200;200m[282/914][0;0m [38;2;200;200;200m [0;0m ⏺ Updating fingerprint examples/mobility -c BonnMotionMobility1 for 1000s [1;33mINSERT[0;0m 0000-0000/~tNl
[38;2;200;200;200m[283/914][0;0m [38;2;200;200;200m [0;0m ⏺ Updating fingerprint examples/mobility -c AttachedMobility for 1000s [1;33mINSERT[0;0m 0000-0000/~tNl
[38;2;200;200;200m[284/914][0;0m [38;2;200;200;200m [0;0m ⏺ Updating fingerprint examples/mobility -c ChiangMobility for 1000s [1;33mINSERT[0;0m 0000-0000/~tNl
[38;2;200;200;200m[285/914][0;0m [38;2;200;200;200m [0;0m ⏺ Updating fingerprint examples/mobility -c CircleMobility1 for 1000s [1;33mINSERT[0;0m 0000-0000/~tNl
[38;2;200;200;200m[286/914][0;0m [38;2;200;200;200m [0;0m ⏺ Updating fingerprint examples/manetrouting/gpsr -c MultiGeneric for 20s [1;33mUPDATE[0;0m a1a2-0227/~tNl
[38;2;200;200;200m[287/914][0;0m [38;2;200;200;200m [0;0m ⏺ Updating fingerprint examples/mobility -c GaussMarkovMobility for 1000s [1;33mINSERT[0;0m 0000-0000/~tNl
[38;2;200;200;200m[288/914][0;0m [38;2;200;200;200m [0;0m ⏺ Updating fingerprint examples/mobility -c CircleMobility2 for 1000s [1;33mINSERT[0;0m 0000-0000/~tNl
[38;2;200;200;200m[289/914][0;0m [38;2;200;200;200m [0;0m ⏺ Updating fingerprint examples/mobility -c LinearMobility01 for 1000s [1;33mINSERT[0;0m 0000-0000/~tNl
[38;2;200;200;200m[290/914][0;0m [38;2;200;200;200m [0;0m ⏺ Updating fingerprint examples/inet/dctcp -c TcpRenoIncast for 100s [1;33mUPDATE[0;0m d7f1-b145/~tNl
[38;2;200;200;200m[291/914][0;0m [38;2;200;200;200m [0;0m ⏺ Updating fingerprint examples/mobility -c LinearMobility1 for 1000s [1;33mINSERT[0;0m 0000-0000/~tNl
[38;2;200;200;200m[292/914][0;0m [38;2;200;200;200m [0;0m ⏺ Updating fingerprint examples/mobility -c LinearMobility100 for 1000s [1;33mINSERT[0;0m 0000-0000/~tNl
[38;2;200;200;200m[293/914][0;0m [38;2;200;200;200m [0;0m ⏺ Updating fingerprint examples/mobility -c LinearMobility10 for 1000s [1;33mINSERT[0;0m 0000-0000/~tNl
[38;2;200;200;200m[294/914][0;0m [38;2;200;200;200m [0;0m ⏺ Updating fingerprint examples/manetrouting/gpsr -c IPv6 for 20s [1;33mUPDATE[0;0m 3109-db60/~tNl
[38;2;200;200;200m[295/914][0;0m [38;2;200;200;200m [0;0m ⏺ Updating fingerprint examples/mobility -c LinearMobility1000 for 1000s [1;33mINSERT[0;0m 0000-0000/~tNl
[38;2;200;200;200m[296/914][0;0m [38;2;200;200;200m [0;0m ⏺ Updating fingerprint examples/inet/hierarchical99 -f networklayer.ini -c WiseRoute for 10000s [1;33mUPDATE[0;0m 5465-a0d0/~tNl
[38;2;200;200;200m[297/914][0;0m [38;2;200;200;200m [0;0m ⏺ Updating fingerprint examples/mobility -c MassMobility for 1000s [1;33mINSERT[0;0m 0000-0000/~tNl
[38;2;200;200;200m[298/914][0;0m [38;2;200;200;200m [0;0m ⏺ Updating fingerprint examples/mobility -c MassMobilityWithScenario for 1000s [1;33mINSERT[0;0m 0000-0000/~tNl
[38;2;200;200;200m[299/914][0;0m [38;2;200;200;200m [0;0m ⏺ Updating fingerprint examples/mobility -c RandomWaypointMobility1 for 1000s [1;33mINSERT[0;0m 0000-0000/~tNl
[38;2;200;200;200m[300/914][0;0m [38;2;200;200;200m [0;0m ⏺ Updating fingerprint examples/mobility -c RandomWaypointMobility2 for 1000s [1;33mINSERT[0;0m 0000-0000/~tNl
[38;2;200;200;200m[301/914][0;0m [38;2;200;200;200m [0;0m ⏺ Updating fingerprint examples/mobility -c StaticGridMobility for 1000s [1;33mINSERT[0;0m 0000-0000/~tNl
[38;2;200;200;200m[302/914][0;0m [38;2;200;200;200m [0;0m ⏺ Updating fingerprint examples/mobility -c RectangleMobility for 1000s [1;33mINSERT[0;0m 0000-0000/~tNl
[38;2;200;200;200m[303/914][0;0m [38;2;200;200;200m [0;0m ⏺ Updating fingerprint examples/mobility -c StationaryMobility for 1000s [1;33mINSERT[0;0m 0000-0000/~tNl
[38;2;200;200;200m[304/914][0;0m [38;2;200;200;200m [0;0m ⏺ Updating fingerprint examples/mobility -c MoBANMobility1 for 1000s [1;33mINSERT[0;0m 0000-0000/~tNl
[38;2;200;200;200m[305/914][0;0m [38;2;200;200;200m [0;0m ⏺ Updating fingerprint examples/inet/hierarchical99 -f networklayer.ini -c ProbabilisticBroadcast for 10000s [1;33mUPDATE[0;0m 65af-efda/~tNl
[38;2;200;200;200m[306/914][0;0m [38;2;200;200;200m [0;0m ⏺ Updating fingerprint examples/mobility -c TractorMobility for 1000s [1;33mINSERT[0;0m 0000-0000/~tNl
[38;2;200;200;200m[307/914][0;0m [38;2;200;200;200m [0;0m ⏺ Updating fingerprint examples/manetrouting/gpsr -c MultiIPv6 for 20s [1;33mUPDATE[0;0m 3109-db60/~tNl
[38;2;200;200;200m[308/914][0;0m [38;2;200;200;200m [0;0m ⏺ Updating fingerprint examples/mobility -c TurtleMobility1 for 1000s [1;33mINSERT[0;0m 0000-0000/~tNl
[38;2;200;200;200m[309/914][0;0m [38;2;200;200;200m [0;0m ⏺ Updating fingerprint examples/mobility -c TurtleMobility2 for 1000s [1;33mINSERT[0;0m 0000-0000/~tNl
[38;2;200;200;200m[310/914][0;0m [38;2;200;200;200m [0;0m ⏺ Updating fingerprint examples/inet/hierarchical99 -f networklayer.ini -c IPv6 for 10000s [1;33mUPDATE[0;0m 1bea-ac42/~tNl
[38;2;200;200;200m[311/914][0;0m [38;2;200;200;200m [0;0m ⏺ Updating fingerprint examples/mobility -c MoBANMobility2 for 1000s [1;33mINSERT[0;0m 0000-0000/~tNl
[38;2;200;200;200m[312/914][0;0m [38;2;200;200;200m [0;0m ⏺ Updating fingerprint examples/mobility -c TurtleMobility3 for 1000s [1;33mINSERT[0;0m 0000-0000/~tNl
[38;2;200;200;200m[313/914][0;0m [38;2;200;200;200m [0;0m ⏺ Updating fingerprint examples/mobility -c TurtleMobility4 for 1000s [1;33mINSERT[0;0m 0000-0000/~tNl
[38;2;200;200;200m[314/914][0;0m [38;2;200;200;200m [0;0m ⏺ Updating fingerprint examples/mobility -c VehicleMobility for 1000s [1;33mINSERT[0;0m 0000-0000/~tNl
[38;2;200;200;200m[315/914][0;0m [38;2;200;200;200m [0;0m ⏺ Updating fingerprint examples/mobility -c SatelliteMobility for 48h [1;33mINSERT[0;0m 0000-0000/~tNl
[38;2;200;200;200m[316/914][0;0m [38;2;200;200;200m [0;0m ⏺ Updating fingerprint examples/mobility -c TurtleMobility6 for 1000s [1;33mINSERT[0;0m 0000-0000/~tNl
[38;2;200;200;200m[317/914][0;0m [38;2;200;200;200m [0;0m ⏺ Updating fingerprint examples/mobility -c TurtleMobility5 for 1000s [1;33mINSERT[0;0m 0000-0000/~tNl
[38;2;200;200;200m[318/914][0;0m [38;2;200;200;200m [0;0m ⏺ Updating fingerprint examples/manetrouting/dymo -c IPv6 for 10s [1;33mUPDATE[0;0m 5610-6789/~tNl
[38;2;200;200;200m[319/914][0;0m [38;2;200;200;200m [0;0m ⏺ Updating fingerprint examples/mpls/testte_failure for 6s [1;33mINSERT[0;0m d844-3531/~tNl
[38;2;200;200;200m[320/914][0;0m [38;2;200;200;200m [0;0m ⏺ Updating fingerprint examples/mpls/ldp for 15s [1;33mINSERT[0;0m 6bb4-bb62/~tNl
[38;2;200;200;200m[321/914][0;0m [38;2;200;200;200m [0;0m ⏺ Updating fingerprint examples/mpls/testte_failure2 for 6s [1;33mINSERT[0;0m 1175-7853/~tNl
[38;2;200;200;200m[322/914][0;0m [38;2;200;200;200m [0;0m ⏺ Updating fingerprint examples/mrp -c SmallNetwork for 3s [1;33mUPDATE[0;0m a064-88f1/~tNl
[38;2;200;200;200m[323/914][0;0m [38;2;200;200;200m [0;0m ⏺ Updating fingerprint examples/mpls/testte_reroute for 5s [1;33mINSERT[0;0m 75fb-3a92/~tNl
[38;2;200;200;200m[324/914][0;0m [38;2;200;200;200m [0;0m ⏺ Updating fingerprint examples/mobility -c BonnMotionMobility2 for 1000s [1;33mINSERT[0;0m 0000-0000/~tNl
[38;2;200;200;200m[325/914][0;0m [38;2;200;200;200m [0;0m ⏺ Updating fingerprint examples/mpls/testte_tunnel for 5s [1;33mINSERT[0;0m 0a74-ef6a/~tNl
[38;2;200;200;200m[326/914][0;0m [38;2;200;200;200m [0;0m ⏺ Updating fingerprint examples/mrp -c MediumNetworkLC for 3s [1;33mUPDATE[0;0m 1ffe-9d8f/~tNl
[38;2;200;200;200m[327/914][0;0m [38;2;200;200;200m [0;0m ⏺ Updating fingerprint examples/mrp -c SmallNetworkBase for 3s [1;33mINSERT[0;0m 0000-0000/~tNl
[38;2;200;200;200m[328/914][0;0m [38;2;200;200;200m [0;0m ⏺ Updating fingerprint examples/manetrouting/dymo -c MultiIPv6 for 10s [1;33mUPDATE[0;0m 5610-6789/~tNl
[38;2;200;200;200m[329/914][0;0m [38;2;200;200;200m [0;0m ⏺ Updating fingerprint examples/mpls/testte_routing for 5s [1;33mINSERT[0;0m 818a-5533/~tNl
[38;2;200;200;200m[330/914][0;0m [38;2;200;200;200m [0;0m ⏺ Updating fingerprint examples/mrp -c MediumNetworkBase for 3s [1;33mINSERT[0;0m 77ee-f9c9/~tNl
[38;2;200;200;200m[331/914][0;0m [38;2;200;200;200m [0;0m ⏺ Updating fingerprint examples/inet/hierarchical99 -f networklayer.ini -c AdaptiveProbabilisticBroadcast for 10000s [1;33mUPDATE[0;0m db49-4901/~tNl
[38;2;200;200;200m[332/914][0;0m [38;2;200;200;200m [0;0m ⏺ Updating fingerprint examples/mrp -c MediumNetworkRC for 3s [1;33mUPDATE[0;0m 77ee-f9c9/~tNl
[38;2;200;200;200m[333/914][0;0m [38;2;200;200;200m [0;0m ⏺ Updating fingerprint examples/mrp -c SmallNetworkMRA for 3s [1;33mUPDATE[0;0m 19be-5d9f/~tNl
[38;2;200;200;200m[334/914][0;0m [38;2;200;200;200m [0;0m ⏺ Updating fingerprint examples/mrp -c SmallNetworkBaseWithTraffic for 3s [1;33mINSERT[0;0m 1f4e-3218/~tNl
[38;2;200;200;200m[335/914][0;0m [38;2;200;200;200m [0;0m ⏺ Updating fingerprint examples/openstreetmap for 100s [0;32mKEEP[0;0m 0000-0000/~tNl
[38;2;200;200;200m[336/914][0;0m [38;2;200;200;200m [0;0m ⏺ Updating fingerprint examples/inet/netperfmeter -c SCTP-with-OLIA for 30s [1;33mUPDATE[0;0m bc3d-c4ed/~tNl
[38;2;200;200;200m[337/914][0;0m [38;2;200;200;200m [0;0m ⏺ Updating fingerprint examples/objectcache -c BvhObjectCache for 5s [1;33mINSERT[0;0m 6b9a-e644/~tNl
[38;2;200;200;200m[338/914][0;0m [38;2;200;200;200m [0;0m ⏺ Updating fingerprint examples/objectcache -c GridObjectCache for 5s [1;33mINSERT[0;0m 6b9a-e644/~tNl
[38;2;200;200;200m[339/914][0;0m [38;2;200;200;200m [0;0m ⏺ Updating fingerprint examples/mrp -c LargeNetwork for 3s [1;33mUPDATE[0;0m 8d05-67ff/~tNl
[38;2;200;200;200m[340/914][0;0m [38;2;200;200;200m [0;0m ⏺ Updating fingerprint examples/neighborcache -c QuadTreeNeighborCache for 100s [1;33mUPDATE[0;0m 99be-e8ae/~tNl
[38;2;200;200;200m[341/914][0;0m [38;2;200;200;200m [0;0m ⏺ Updating fingerprint examples/neighborcache -c NeighborListNeighborCache for 100s [1;33mUPDATE[0;0m 99be-e8ae/~tNl
[38;2;200;200;200m[342/914][0;0m [38;2;200;200;200m [0;0m ⏺ Updating fingerprint examples/neighborcache -c GridNeighborCache for 100s [1;33mUPDATE[0;0m 99be-e8ae/~tNl
[38;2;200;200;200m[343/914][0;0m [38;2;200;200;200m [0;0m ⏺ Updating fingerprint examples/objectcache -c WithoutCache for 5s [1;33mINSERT[0;0m 6b9a-e644/~tNl
[38;2;200;200;200m[344/914][0;0m [38;2;200;200;200m [0;0m ⏺ Updating fingerprint examples/mrp -c SmallNetworkMRAWithTraffic for 3s [1;33mUPDATE[0;0m 7996-c1cc/~tNl
[38;2;200;200;200m[345/914][0;0m [38;2;200;200;200m [0;0m ⏺ Updating fingerprint examples/neighborcache -c WithoutNeighborCache for 100s [1;33mUPDATE[0;0m 99be-e8ae/~tNl
[38;2;200;200;200m[346/914][0;0m [38;2;200;200;200m [0;0m ⏺ Updating fingerprint examples/manetrouting/dymo -c DynamicIPv6 for 22s [1;33mUPDATE[0;0m a892-17e4/~tNl
[38;2;200;200;200m[347/914][0;0m [38;2;200;200;200m [0;0m ⏺ Updating fingerprint examples/ospfv3/multiple_areas_FINAL for 500s [1;33mUPDATE[0;0m db79-3da5/~tNl
[38;2;200;200;200m[348/914][0;0m [38;2;200;200;200m [0;0m ⏺ Updating fingerprint examples/ospfv2/backbone for 100s [1;33mUPDATE[0;0m aa23-fd1d/~tNl
[38;2;200;200;200m[349/914][0;0m [38;2;200;200;200m [0;0m ⏺ Updating fingerprint examples/ospfv3/multiple_areas_FINAL -c LinkDown for 500s [1;33mUPDATE[0;0m a26c-f3dc/~tNl
[38;2;200;200;200m[350/914][0;0m [38;2;200;200;200m [0;0m ⏺ Updating fingerprint examples/ospfv3/multiple_areas_FINAL -c LinkDownLinkUp for 500s [1;33mUPDATE[0;0m ca5c-1788/~tNl
[38;2;200;200;200m[351/914][0;0m [38;2;200;200;200m [0;0m ⏺ Updating fingerprint examples/ospfv3/small for 200s [1;33mUPDATE[0;0m 1281-67d3/~tNl
[38;2;200;200;200m[352/914][0;0m [38;2;200;200;200m [0;0m ⏺ Updating fingerprint examples/ospfv3/v3_2_routers for 400s [1;33mUPDATE[0;0m 8219-a227/~tNl
[38;2;200;200;200m[353/914][0;0m [38;2;200;200;200m [0;0m ⏺ Updating fingerprint examples/ospfv3/v3_2_routers -c LinkDownAndUp for 400s [1;33mUPDATE[0;0m 07a0-765d/~tNl
[38;2;200;200;200m[354/914][0;0m [38;2;200;200;200m [0;0m ⏺ Updating fingerprint examples/mobility -c SuperpositioningMobility for 1000s [1;33mINSERT[0;0m 0000-0000/~tNl
[38;2;200;200;200m[355/914][0;0m [38;2;200;200;200m [0;0m ⏺ Updating fingerprint examples/ospfv3/v3_3_areas for 3000s [1;33mUPDATE[0;0m f965-5d01/~tNl
[38;2;200;200;200m[356/914][0;0m [38;2;200;200;200m [0;0m ⏺ Updating fingerprint examples/ospfv3/v3_4_routers_2_areas for 300s [1;33mUPDATE[0;0m 9fbf-7c46/~tNl
[38;2;200;200;200m[357/914][0;0m [38;2;200;200;200m [0;0m ⏺ Updating fingerprint examples/ospfv3/v3_square_2_areas for 200s [1;33mUPDATE[0;0m ea2d-8f51/~tNl
[38;2;200;200;200m[358/914][0;0m [38;2;200;200;200m [0;0m ⏺ Updating fingerprint examples/pim/dm for 300s [1;33mINSERT[0;0m be53-537c/~tNl
[38;2;200;200;200m[359/914][0;0m [38;2;200;200;200m [0;0m ⏺ Updating fingerprint examples/mrp -c MediumNetworkRCWithTraffic for 3s [1;33mINSERT[0;0m 3c85-ff31/~tNl
[38;2;200;200;200m[360/914][0;0m [38;2;200;200;200m [0;0m ⏺ Updating fingerprint examples/mrp -c MediumNetworkBaseWithTraffic for 3s [1;33mINSERT[0;0m 3c85-ff31/~tNl
[38;2;200;200;200m[361/914][0;0m [38;2;200;200;200m [0;0m ⏺ Updating fingerprint examples/mrp -c SmallNetworkWithTraffic for 3s [1;33mUPDATE[0;0m 62b0-cef0/~tNl
[38;2;200;200;200m[362/914][0;0m [38;2;200;200;200m [0;0m ⏺ Updating fingerprint examples/pim/dm_ipv6 for 120s [1;33mINSERT[0;0m a905-8c91/~tNl
[38;2;200;200;200m[363/914][0;0m [38;2;200;200;200m [0;0m ⏺ Updating fingerprint examples/ospfv3/v3_mesh for 500s [1;33mUPDATE[0;0m e20f-aaa7/~tNl
[38;2;200;200;200m[364/914][0;0m [38;2;200;200;200m [0;0m ⏺ Updating fingerprint examples/quic/basic3 [1;31mERROR[0;0m[1;33m (unexpected)[0;0m (Exception during task execution) AttributeError("'NoneType' object has no attribute 'stdout'")
[38;2;200;200;200m[365/914][0;0m [38;2;200;200;200m [0;0m ⏺ Updating fingerprint examples/pim/sm -c Scenario1 for 100s [1;33mINSERT[0;0m 5bff-6b4e/~tNl
[38;2;200;200;200m[366/914][0;0m [38;2;200;200;200m [0;0m ⏺ Updating fingerprint examples/quic/dplpmtud -c DecreasingPmtu [1;31mERROR[0;0m[1;33m (unexpected)[0;0m (Exception during task execution) AttributeError("'NoneType' object has no attribute 'stdout'")
[38;2;200;200;200m[367/914][0;0m [38;2;200;200;200m [0;0m ⏺ Updating fingerprint examples/quic/dplpmtud -c DecreasingPmtuWithoutPtb [1;31mERROR[0;0m[1;33m (unexpected)[0;0m (Exception during task execution) AttributeError("'NoneType' object has no attribute 'stdout'")
[38;2;200;200;200m[368/914][0;0m [38;2;200;200;200m [0;0m ⏺ Updating fingerprint examples/quic/dplpmtud [1;31mERROR[0;0m[1;33m (unexpected)[0;0m (Exception during task execution) AttributeError("'NoneType' object has no attribute 'stdout'")
[38;2;200;200;200m[369/914][0;0m [38;2;200;200;200m [0;0m ⏺ Updating fingerprint examples/quic/dplpmtud -c IncreasingPmtu [1;31mERROR[0;0m[1;33m (unexpected)[0;0m (Exception during task execution) AttributeError("'NoneType' object has no attribute 'stdout'")
[38;2;200;200;200m[370/914][0;0m [38;2;200;200;200m [0;0m ⏺ Updating fingerprint examples/quic/dplpmtud -c IncreasingPmtuWithoutPtb [1;31mERROR[0;0m[1;33m (unexpected)[0;0m (Exception during task execution) AttributeError("'NoneType' object has no attribute 'stdout'")
[38;2;200;200;200m[371/914][0;0m [38;2;200;200;200m [0;0m ⏺ Updating fingerprint examples/quic/dplpmtud -c MaxEqualsPmtu [1;31mERROR[0;0m[1;33m (unexpected)[0;0m (Exception during task execution) AttributeError("'NoneType' object has no attribute 'stdout'")
[38;2;200;200;200m[372/914][0;0m [38;2;200;200;200m [0;0m ⏺ Updating fingerprint examples/quic/dplpmtud -c MaxLargerPmtu [1;31mERROR[0;0m[1;33m (unexpected)[0;0m (Exception during task execution) AttributeError("'NoneType' object has no attribute 'stdout'")
[38;2;200;200;200m[373/914][0;0m [38;2;200;200;200m [0;0m ⏺ Updating fingerprint examples/quic/dplpmtud -c MaxLargerPmtuWithoutPtb [1;31mERROR[0;0m[1;33m (unexpected)[0;0m (Exception during task execution) AttributeError("'NoneType' object has no attribute 'stdout'")
[38;2;200;200;200m[374/914][0;0m [38;2;200;200;200m [0;0m ⏺ Updating fingerprint examples/quic/flow_control_limited [1;31mERROR[0;0m[1;33m (unexpected)[0;0m (Exception during task execution) AttributeError("'NoneType' object has no attribute 'stdout'")
[38;2;200;200;200m[375/914][0;0m [38;2;200;200;200m [0;0m ⏺ Updating fingerprint examples/quic/link_utilization [1;31mERROR[0;0m[1;33m (unexpected)[0;0m (Exception during task execution) AttributeError("'NoneType' object has no attribute 'stdout'")
[38;2;200;200;200m[376/914][0;0m [38;2;200;200;200m [0;0m ⏺ Updating fingerprint examples/quic/multiserver -c oneclienthost [1;31mERROR[0;0m[1;33m (unexpected)[0;0m (Exception during task execution) AttributeError("'NoneType' object has no attribute 'stdout'")
[38;2;200;200;200m[377/914][0;0m [38;2;200;200;200m [0;0m ⏺ Updating fingerprint examples/quic/multiserver -c oneclienthost_reconnect [1;31mERROR[0;0m[1;33m (unexpected)[0;0m (Exception during task execution) AttributeError("'NoneType' object has no attribute 'stdout'")
[38;2;200;200;200m[378/914][0;0m [38;2;200;200;200m [0;0m ⏺ Updating fingerprint examples/quic/multiserver -c twoclienthosts [1;31mERROR[0;0m[1;33m (unexpected)[0;0m (Exception during task execution) AttributeError("'NoneType' object has no attribute 'stdout'")
[38;2;200;200;200m[379/914][0;0m [38;2;200;200;200m [0;0m ⏺ Updating fingerprint examples/quic/persistent_congestion [1;31mERROR[0;0m[1;33m (unexpected)[0;0m (Exception during task execution) AttributeError("'NoneType' object has no attribute 'stdout'")
[38;2;200;200;200m[380/914][0;0m [38;2;200;200;200m [0;0m ⏺ Updating fingerprint examples/quic/persistent_congestion -c WithDPLPMTUD [1;31mERROR[0;0m[1;33m (unexpected)[0;0m (Exception during task execution) AttributeError("'NoneType' object has no attribute 'stdout'")
[38;2;200;200;200m[381/914][0;0m [38;2;200;200;200m [0;0m ⏺ Updating fingerprint examples/quic/shared_link [1;31mERROR[0;0m[1;33m (unexpected)[0;0m (Exception during task execution) AttributeError("'NoneType' object has no attribute 'stdout'")
[38;2;200;200;200m[382/914][0;0m [38;2;200;200;200m [0;0m ⏺ Updating fingerprint examples/quic/throughput_packet_loss [1;31mERROR[0;0m[1;33m (unexpected)[0;0m (Exception during task execution) AttributeError("'NoneType' object has no attribute 'stdout'")
[38;2;200;200;200m[383/914][0;0m [38;2;200;200;200m [0;0m ⏺ Updating fingerprint examples/quic/trafficgen [1;31mERROR[0;0m[1;33m (unexpected)[0;0m (Exception during task execution) AttributeError("'NoneType' object has no attribute 'stdout'")
[38;2;200;200;200m[384/914][0;0m [38;2;200;200;200m [0;0m ⏺ Updating fingerprint examples/quic/zerortt [1;31mERROR[0;0m[1;33m (unexpected)[0;0m (Exception during task execution) AttributeError("'NoneType' object has no attribute 'stdout'")
[38;2;200;200;200m[385/914][0;0m [38;2;200;200;200m [0;0m ⏺ Updating fingerprint examples/quic/zerortt -c invalidClientTokenString [1;31mERROR[0;0m[1;33m (unexpected)[0;0m (Exception during task execution) AttributeError("'NoneType' object has no attribute 'stdout'")
[38;2;200;200;200m[386/914][0;0m [38;2;200;200;200m [0;0m ⏺ Updating fingerprint examples/quic/zerortt -c sendInvalidToken [1;31mERROR[0;0m[1;33m (unexpected)[0;0m (Exception during task execution) AttributeError("'NoneType' object has no attribute 'stdout'")
[38;2;200;200;200m[387/914][0;0m [38;2;200;200;200m [0;0m ⏺ Updating fingerprint examples/pim/sm -c Scenario2 for 150s [1;33mINSERT[0;0m 7960-2834/~tNl
[38;2;200;200;200m[388/914][0;0m [38;2;200;200;200m [0;0m ⏺ Updating fingerprint examples/pim/sm -c Scenario3 for 300s [1;33mINSERT[0;0m ea81-2e25/~tNl
[38;2;200;200;200m[389/914][0;0m [38;2;200;200;200m [0;0m ⏺ Updating fingerprint examples/pim/sm -c Scenario4 for 100s [1;33mINSERT[0;0m 7783-9089/~tNl
[38;2;200;200;200m[390/914][0;0m [38;2;200;200;200m [0;0m ⏺ Updating fingerprint examples/pim/sm_ipv6 for 120s [1;33mINSERT[0;0m 33eb-b1f4/~tNl
[38;2;200;200;200m[391/914][0;0m [38;2;200;200;200m [0;0m ⏺ Updating fingerprint examples/pim/ssm_ipv6 for 60s [1;33mINSERT[0;0m da55-3345/~tNl
[38;2;200;200;200m[392/914][0;0m [38;2;200;200;200m [0;0m ⏺ Updating fingerprint examples/quic/byte_order for 200s [1;33mINSERT[0;0m c55c-34c6/~tNl
[38;2;200;200;200m[393/914][0;0m [38;2;200;200;200m [0;0m ⏺ Updating fingerprint examples/pim/iptv -c PIM_DM for 35s [1;33mUPDATE[0;0m 4c88-3343/~tNl
[38;2;200;200;200m[394/914][0;0m [38;2;200;200;200m [0;0m ⏺ Updating fingerprint examples/pim/iptv -c PIM_SM for 35s [1;33mUPDATE[0;0m fc89-7acb/~tNl
[38;2;200;200;200m[395/914][0;0m [38;2;200;200;200m [0;0m ⏺ Updating fingerprint examples/ospfv2/dynamictest -c dynamic1 for 600s [1;33mINSERT[0;0m 6d49-cb1c/~tNl
[38;2;200;200;200m[396/914][0;0m [38;2;200;200;200m [0;0m ⏺ Updating fingerprint examples/ospfv2/dynamictest -c dynamic2 for 600s [1;33mINSERT[0;0m ca87-3af2/~tNl
[38;2;200;200;200m[397/914][0;0m [38;2;200;200;200m [0;0m ⏺ Updating fingerprint examples/inet/tcpwindowscale -c WS_enabled for 600.0s [1;33mINSERT[0;0m 9b8c-63ee/~tNl
[38;2;200;200;200m[398/914][0;0m [38;2;200;200;200m [0;0m ⏺ Updating fingerprint examples/mrp -c MediumNetworkLCWithTraffic for 3s [1;33mUPDATE[0;0m 3f12-9fd5/~tNl
[38;2;200;200;200m[399/914][0;0m [38;2;200;200;200m [0;0m ⏺ Updating fingerprint examples/rip/infinitycount for 80s [1;33mINSERT[0;0m bd53-d9f9/~tNl
[38;2;200;200;200m[400/914][0;0m [38;2;200;200;200m [0;0m ⏺ Updating fingerprint examples/rip/dynamictest -c dynamic1 for 600s [1;33mINSERT[0;0m 7a89-baf2/~tNl
[38;2;200;200;200m[401/914][0;0m [38;2;200;200;200m [0;0m ⏺ Updating fingerprint examples/rip/dynamictest -c stable for 600s [1;33mINSERT[0;0m 77b1-03da/~tNl
[38;2;200;200;200m[402/914][0;0m [38;2;200;200;200m [0;0m ⏺ Updating fingerprint examples/rip/dynamictest -c dynamic2 for 600s [1;33mINSERT[0;0m f88b-76ef/~tNl
[38;2;200;200;200m[403/914][0;0m [38;2;200;200;200m [0;0m ⏺ Updating fingerprint examples/ospfv2/dynamictest -c static for 600s [1;33mINSERT[0;0m cc42-c999/~tNl
[38;2;200;200;200m[404/914][0;0m [38;2;200;200;200m [0;0m ⏺ Updating fingerprint examples/rip/mixednetwork -c stable for 60s [1;33mINSERT[0;0m 5ae5-0f10/~tNl
[38;2;200;200;200m[405/914][0;0m [38;2;200;200;200m [0;0m ⏺ Updating fingerprint examples/rip/mixednetwork -c disconnect for 150s [1;33mINSERT[0;0m d2eb-b9c2/~tNl
[38;2;200;200;200m[406/914][0;0m [38;2;200;200;200m [0;0m ⏺ Updating fingerprint examples/rtp/unicast1 for 1000s [1;33mUPDATE[0;0m b89e-e838/~tNl
[38;2;200;200;200m[407/914][0;0m [38;2;200;200;200m [0;0m ⏺ Updating fingerprint examples/rip/mixednetwork -c shutdown-restart for 280s [1;33mINSERT[0;0m 78aa-5e51/~tNl
[38;2;200;200;200m[408/914][0;0m [38;2;200;200;200m [0;0m ⏺ Updating fingerprint examples/rtp/multicast1 for 500s [1;33mUPDATE[0;0m d98c-786c/~tNl
[38;2;200;200;200m[409/914][0;0m [38;2;200;200;200m [0;0m ⏺ Updating fingerprint examples/sctp/nclients for 500s [1;33mUPDATE[0;0m 2415-c8ad/~tNl
[38;2;200;200;200m[410/914][0;0m [38;2;200;200;200m [0;0m ⏺ Updating fingerprint examples/sctp/multihomed for 500s [1;33mUPDATE[0;0m 7042-665c/~tNl
[38;2;200;200;200m[411/914][0;0m [38;2;200;200;200m [0;0m ⏺ Updating fingerprint examples/rtp/unicast2 for 500s [1;33mUPDATE[0;0m 3982-412d/~tNl
[38;2;200;200;200m[412/914][0;0m [38;2;200;200;200m [0;0m ⏺ Updating fingerprint examples/voip -c BadChannel for 200s [1;33mUPDATE[0;0m d35f-eeeb/~tNl
[38;2;200;200;200m[413/914][0;0m [38;2;200;200;200m [0;0m ⏺ Updating fingerprint examples/voip -c PeriodicChannel for 200s [1;33mUPDATE[0;0m e69f-4b6d/~tNl
[38;2;200;200;200m[414/914][0;0m [38;2;200;200;200m [0;0m ⏺ Updating fingerprint examples/voip -c GoodChannel for 200s [1;33mUPDATE[0;0m dd1f-619c/~tNl
[38;2;200;200;200m[415/914][0;0m [38;2;200;200;200m [0;0m ⏺ Updating fingerprint examples/ospfv2/simpletest -c CrashAndReboot for 500s [1;33mUPDATE[0;0m 147b-6a30/~tNl
[38;2;200;200;200m[416/914][0;0m [38;2;200;200;200m [0;0m ⏺ Updating fingerprint examples/ospfv2/simpletest -c ShutdownAndRestart for 500s [1;33mUPDATE[0;0m 147b-6a30/~tNl
[38;2;200;200;200m[417/914][0;0m [38;2;200;200;200m [0;0m ⏺ Updating fingerprint examples/ospfv2/simpletest -c AlwaysUp for 500s [1;33mUPDATE[0;0m 5acd-ba1c/~tNl
[38;2;200;200;200m[418/914][0;0m [38;2;200;200;200m [0;0m ⏺ Updating fingerprint examples/rtp/unicast for 1500s [1;33mUPDATE[0;0m a38a-ed7d/~tNl
[38;2;200;200;200m[419/914][0;0m [38;2;200;200;200m [0;0m ⏺ Updating fingerprint examples/timing for 0.1s [1;33mUPDATE[0;0m 1d6a-e00d/~tNl
[38;2;200;200;200m[420/914][0;0m [38;2;200;200;200m [0;0m ⏺ Updating fingerprint examples/wireless/antenna -c OrbitX for 1h [1;33mINSERT[0;0m 630a-9fcb/~tNl
[38;2;200;200;200m[421/914][0;0m [38;2;200;200;200m [0;0m ⏺ Updating fingerprint examples/wireless/combo -c ApskRadioWithDimensionalAnalogModel for 90s [1;33mINSERT[0;0m 863a-1062/~tNl
[38;2;200;200;200m[422/914][0;0m [38;2;200;200;200m [0;0m ⏺ Updating fingerprint examples/wireless/combo -c ApskRadioWithScalarAnalogModel for 90s [1;33mINSERT[0;0m 863a-1062/~tNl
[38;2;200;200;200m[423/914][0;0m [38;2;200;200;200m [0;0m ⏺ Updating fingerprint examples/seaport for 1000s [1;33mUPDATE[0;0m a536-3e91/~tNl
[38;2;200;200;200m[424/914][0;0m [38;2;200;200;200m [0;0m ⏺ Updating fingerprint examples/wireless/combo -c ApskRadioWithUnitDiskAnalogModel for 90s [1;33mINSERT[0;0m 863a-1062/~tNl
[38;2;200;200;200m[425/914][0;0m [38;2;200;200;200m [0;0m ⏺ Updating fingerprint examples/wireless/antenna -c OrbitY for 1h [1;33mINSERT[0;0m 28fb-b757/~tNl
[38;2;200;200;200m[426/914][0;0m [38;2;200;200;200m [0;0m ⏺ Updating fingerprint examples/wireless/antenna -c OrbitZ for 1h [1;33mINSERT[0;0m a56f-5cdc/~tNl
[38;2;200;200;200m[427/914][0;0m [38;2;200;200;200m [0;0m ⏺ Updating fingerprint examples/wireless/combo -c GenericRadioWithScalarAnalogModel for 90s [1;33mINSERT[0;0m f8e0-d9b2/~tNl
[38;2;200;200;200m[428/914][0;0m [38;2;200;200;200m [0;0m ⏺ Updating fingerprint examples/wireless/combo -c GenericRadioWithDimensionalAnalogModel for 90s [1;33mINSERT[0;0m f8e0-d9b2/~tNl
[38;2;200;200;200m[429/914][0;0m [38;2;200;200;200m [0;0m ⏺ Updating fingerprint examples/wireless/combo -c GenericRadioWithUnitDiskAnalogModel for 90s [1;33mINSERT[0;0m f8e0-d9b2/~tNl
[38;2;200;200;200m[430/914][0;0m [38;2;200;200;200m [0;0m ⏺ Updating fingerprint examples/wireless/corruptionmode -c ByteCorruptionMode for 10s [1;33mUPDATE[0;0m cd96-bdd1/~tNl
[38;2;200;200;200m[431/914][0;0m [38;2;200;200;200m [0;0m ⏺ Updating fingerprint examples/wireless/corruptionmode -c BitCorruptionMode for 10s [1;33mUPDATE[0;0m e72e-b7f2/~tNl
[38;2;200;200;200m[432/914][0;0m [38;2;200;200;200m [0;0m ⏺ Updating fingerprint examples/wireless/antenna -c RotationX for 1h [1;33mINSERT[0;0m 65cf-a51a/~tNl
[38;2;200;200;200m[433/914][0;0m [38;2;200;200;200m [0;0m ⏺ Updating fingerprint examples/wireless/antenna -c RotationY for 1h [1;33mINSERT[0;0m 65cf-a51a/~tNl
[38;2;200;200;200m[434/914][0;0m [38;2;200;200;200m [0;0m ⏺ Updating fingerprint examples/wireless/corruptionmode -c ChunkCorruptionMode for 10s [1;33mUPDATE[0;0m 797d-27c5/~tNl
[38;2;200;200;200m[435/914][0;0m [38;2;200;200;200m [0;0m ⏺ Updating fingerprint examples/wireless/combo -c Ieee80211RadioWithUnitDiskAnalogModel for 90s [1;33mINSERT[0;0m bf4e-073c/~tNl
[38;2;200;200;200m[436/914][0;0m [38;2;200;200;200m [0;0m ⏺ Updating fingerprint examples/wireless/corruptionmode -c PacketCorruptionMode for 10s [1;33mUPDATE[0;0m 5590-d7ee/~tNl
[38;2;200;200;200m[437/914][0;0m [38;2;200;200;200m [0;0m ⏺ Updating fingerprint examples/wireless/antenna -c RotationZ for 1h [1;33mINSERT[0;0m 65cf-a51a/~tNl
[38;2;200;200;200m[438/914][0;0m [38;2;200;200;200m [0;0m ⏺ Updating fingerprint examples/wireless/combo -c Ieee80211RadioWithScalarAnalogModel for 90s [1;33mINSERT[0;0m bf4e-073c/~tNl
[38;2;200;200;200m[439/914][0;0m [38;2;200;200;200m [0;0m ⏺ Updating fingerprint examples/wireless/dynamic for 100s [1;33mUPDATE[0;0m 9a66-cd69/~tNl
[38;2;200;200;200m[440/914][0;0m [38;2;200;200;200m [0;0m ⏺ Updating fingerprint examples/wireless/combo -c Ieee80211RadioWithDimensionalAnalogModel for 90s [1;33mINSERT[0;0m bf4e-073c/~tNl
[38;2;200;200;200m[441/914][0;0m [38;2;200;200;200m [0;0m ⏺ Updating fingerprint examples/wireless/crosstalk for 0.1s [1;33mINSERT[0;0m e52a-cfdd/~tNl
[38;2;200;200;200m[442/914][0;0m [38;2;200;200;200m [0;0m ⏺ Updating fingerprint examples/wireless/errorrate for 10s [1;33mINSERT[0;0m f4d8-d422/~tNl
[38;2;200;200;200m[443/914][0;0m [38;2;200;200;200m [0;0m ⏺ Updating fingerprint examples/wireless/configurator for 100s [1;33mUPDATE[0;0m 3036-c7ad/~tNl
[38;2;200;200;200m[444/914][0;0m [38;2;200;200;200m [0;0m ⏺ Updating fingerprint examples/sctp/cmttest for 100s [1;33mUPDATE[0;0m 51da-518e/~tNl
[38;2;200;200;200m[445/914][0;0m [38;2;200;200;200m [0;0m ⏺ Updating fingerprint examples/wireless/filtering -c ListeningFilter for 100s [1;33mUPDATE[0;0m 5130-4602/~tNl
[1;33mSTDERR [0;36mopp_run_release [0;0m<!> Error: The simulation attempted to prompt for user input, set cmdenv-interactive=true to allow it: "Enter parameter 'Lan80211.numHosts' (unassigned):" -- in module (omnetpp::cModule) Lan80211 (id=1), during network setup
[38;2;200;200;200m[446/914][0;0m [38;2;200;200;200m [0;0m ⏺ Updating fingerprint examples/wireless/lan80211 -f omnetpp-ftp.ini -c NHosts for 100s [1;31mERROR[0;0m None (Calculated fingerprint not found)
[38;2;200;200;200m[447/914][0;0m [38;2;200;200;200m [0;0m ⏺ Updating fingerprint examples/wireless/lan80211ac [1;31mERROR[0;0m[1;33m (unexpected)[0;0m (Exception during task execution) AttributeError("'NoneType' object has no attribute 'stdout'")
[38;2;200;200;200m[448/914][0;0m [38;2;200;200;200m [0;0m ⏺ Updating fingerprint examples/wireless/filtering -c MacAddressFilter for 100s [1;33mUPDATE[0;0m cd45-3638/~tNl
[1;33mSTDERR [0;36mopp_run_release [0;0m<!> Error: The simulation attempted to prompt for user input, set cmdenv-interactive=true to allow it: "Enter parameter 'Lan80211.numHosts' (unassigned):" -- in module (omnetpp::cModule) Lan80211 (id=1), during network setup
[38;2;200;200;200m[449/914][0;0m [38;2;200;200;200m [0;0m ⏺ Updating fingerprint examples/wireless/filtering -c CommunicationRangeFilter for 100s [1;33mUPDATE[0;0m cad5-8335/~tNl
[38;2;200;200;200m[450/914][0;0m [38;2;200;200;200m [0;0m ⏺ Updating fingerprint examples/wireless/lan80211 -f omnetpp-streaming.ini -c Streaming2 for 50s [1;31mERROR[0;0m None (Calculated fingerprint not found)
[38;2;200;200;200m[451/914][0;0m [38;2;200;200;200m [0;0m ⏺ Updating fingerprint examples/wireless/filtering -c RadioModeFilter for 100s [1;33mUPDATE[0;0m 5130-4602/~tNl
[38;2;200;200;200m[452/914][0;0m [38;2;200;200;200m [0;0m ⏺ Updating fingerprint examples/wireless/ieee80211levelofdetail -c Default for 1000s [1;33mINSERT[0;0m 4180-0891/~tNl
[38;2;200;200;200m[453/914][0;0m [38;2;200;200;200m [0;0m ⏺ Updating fingerprint examples/wireless/hiddennode for 5s [1;33mUPDATE[0;0m b7e5-ffb1/~tNl
[1;33mSTDERR [0;36mopp_run_release [0;0m<!> Error: The simulation attempted to prompt for user input, set cmdenv-interactive=true to allow it: "Enter parameter 'Lan80211.numHosts' (unassigned):" -- in module (omnetpp::cModule) Lan80211 (id=1), during network setup
[38;2;200;200;200m[454/914][0;0m [38;2;200;200;200m [0;0m ⏺ Updating fingerprint examples/wireless/lan80211 -c Ping2 for 25s [1;31mERROR[0;0m None (Calculated fingerprint not found)
[1;33mSTDERR [0;36mopp_run_release [0;0m<!> Error: The simulation attempted to prompt for user input, set cmdenv-interactive=true to allow it: "Enter parameter 'Lan80211ac.numHosts' (unassigned):" -- in module (omnetpp::cModule) Lan80211ac (id=1), during network setup
[38;2;200;200;200m[455/914][0;0m [38;2;200;200;200m [0;0m ⏺ Updating fingerprint examples/wireless/lan80211ac -c Ping2 for 100s [1;31mERROR[0;0m None (Calculated fingerprint not found)
[38;2;200;200;200m[456/914][0;0m [38;2;200;200;200m [0;0m ⏺ Updating fingerprint examples/wireless/layered80211 -c LayeredNonCompliant80211Ping for 5s [1;33mINSERT[0;0m 297f-fd52/~tNl
[38;2;200;200;200m[457/914][0;0m [38;2;200;200;200m [0;0m ⏺ Updating fingerprint examples/wireless/layered80211 -c LayeredCompliant80211Ping for 5s [1;33mINSERT[0;0m 89da-5a75/~tNl
[38;2;200;200;200m[458/914][0;0m [38;2;200;200;200m [0;0m ⏺ Updating fingerprint examples/manetrouting/multiradio -c SingleRadio for 100s [1;33mINSERT[0;0m 6938-a437/~tNl
[38;2;200;200;200m[459/914][0;0m [38;2;200;200;200m [0;0m ⏺ Updating fingerprint examples/wireless/layeredapsk for 100s [1;33mUPDATE[0;0m 584b-dd3e/~tNl
[38;2;200;200;200m[460/914][0;0m [38;2;200;200;200m [0;0m ⏺ Updating fingerprint examples/wireless/mactest -c MacDcf for 100s [1;33mUPDATE[0;0m be6a-8bdb/~tNl
[38;2;200;200;200m[461/914][0;0m [38;2;200;200;200m [0;0m ⏺ Updating fingerprint examples/wireless/mactest -c MacEdca for 100s [1;33mUPDATE[0;0m b8c2-e2c1/~tNl
[38;2;200;200;200m[462/914][0;0m [38;2;200;200;200m [0;0m ⏺ Updating fingerprint examples/wireless/multiradio -c IndependentWlans for 100s [1;33mUPDATE[0;0m b816-e7e7/~tNl
[38;2;200;200;200m[463/914][0;0m [38;2;200;200;200m [0;0m ⏺ Updating fingerprint examples/wireless/nic -c AckingMacWithApskDimensionalRadio for 100s [1;33mUPDATE[0;0m 533f-b58c/~tNl
[38;2;200;200;200m[464/914][0;0m [38;2;200;200;200m [0;0m ⏺ Updating fingerprint examples/wireless/multiradio -c SwitchedWlans for 100s [1;33mUPDATE[0;0m 76b5-6d3b/~tNl
[38;2;200;200;200m[465/914][0;0m [38;2;200;200;200m [0;0m ⏺ Updating fingerprint examples/wireless/multiradio -c RoutedWlans for 100s [1;33mUPDATE[0;0m 6885-ebc1/~tNl
[38;2;200;200;200m[466/914][0;0m [38;2;200;200;200m [0;0m ⏺ Updating fingerprint examples/wireless/nic -c AckingMacWithUnitDiskRadio for 100s [1;33mUPDATE[0;0m 533f-b58c/~tNl
[38;2;200;200;200m[467/914][0;0m [38;2;200;200;200m [0;0m ⏺ Updating fingerprint examples/wireless/nic -c AckingMacWithApskScalarRadio for 100s [1;33mUPDATE[0;0m 533f-b58c/~tNl
[38;2;200;200;200m[468/914][0;0m [38;2;200;200;200m [0;0m ⏺ Updating fingerprint examples/wireless/lan80211 -f omnetpp-ftp.ini -c TwoHosts for 100s [1;33mUPDATE[0;0m b9b1-7ed4/~tNl
[38;2;200;200;200m[469/914][0;0m [38;2;200;200;200m [0;0m ⏺ Updating fingerprint examples/wireless/nic -c BMacWithApskDimensionalRadio for 100s [1;33mUPDATE[0;0m ff2b-2b00/~tNl
[38;2;200;200;200m[470/914][0;0m [38;2;200;200;200m [0;0m ⏺ Updating fingerprint examples/wireless/nic -c BMacWithApskScalarRadio for 100s [1;33mUPDATE[0;0m ff2b-2b00/~tNl
[38;2;200;200;200m[471/914][0;0m [38;2;200;200;200m [0;0m ⏺ Updating fingerprint examples/wireless/nic -c BMacWithUnitDiskRadio for 100s [1;33mUPDATE[0;0m 6405-cc52/~tNl
[38;2;200;200;200m[472/914][0;0m [38;2;200;200;200m [0;0m ⏺ Updating fingerprint examples/rip/simpletest -c IPv4 for 600s [1;33mINSERT[0;0m a350-b74a/~tNl
[38;2;200;200;200m[473/914][0;0m [38;2;200;200;200m [0;0m ⏺ Updating fingerprint examples/rip/simpletest -c MultiIPv4 for 600s [1;33mINSERT[0;0m 2fc0-15bb/~tNl
[38;2;200;200;200m[474/914][0;0m [38;2;200;200;200m [0;0m ⏺ Updating fingerprint examples/wireless/nic -c CSMAWithApskDimensionalRadio for 100s [1;33mUPDATE[0;0m d148-03ab/~tNl
[38;2;200;200;200m[475/914][0;0m [38;2;200;200;200m [0;0m ⏺ Updating fingerprint examples/wireless/nic -c CSMAWithApskScalarRadio for 100s [1;33mUPDATE[0;0m d148-03ab/~tNl
[38;2;200;200;200m[476/914][0;0m [38;2;200;200;200m [0;0m ⏺ Updating fingerprint examples/wireless/nic -c CSMAWithUnitDiskRadio for 100s [1;33mUPDATE[0;0m d148-03ab/~tNl
[38;2;200;200;200m[477/914][0;0m [38;2;200;200;200m [0;0m ⏺ Updating fingerprint examples/rip/simpletest -c IPv6 for 600s [1;33mINSERT[0;0m 919e-5ecc/~tNl
[38;2;200;200;200m[478/914][0;0m [38;2;200;200;200m [0;0m ⏺ Updating fingerprint examples/wireless/nic -c Ieee80211MacV2X for 1s [1;33mUPDATE[0;0m c1d1-38a3/~tNl
[38;2;200;200;200m[479/914][0;0m [38;2;200;200;200m [0;0m ⏺ Updating fingerprint examples/wireless/nic -c Ieee80211MacWithIeee80211DimensionalRadio for 100s [1;33mUPDATE[0;0m 0763-e02c/~tNl
[38;2;200;200;200m[480/914][0;0m [38;2;200;200;200m [0;0m ⏺ Updating fingerprint examples/wireless/nic -c Ieee80211MacWithIeee80211ScalarRadio for 100s [1;33mUPDATE[0;0m 7ca3-aa09/~tNl
[38;2;200;200;200m[481/914][0;0m [38;2;200;200;200m [0;0m ⏺ Updating fingerprint examples/inet/tcpthroughput -c Delay-01us for 100s [1;33mINSERT[0;0m 11b6-f903/~tNl
[38;2;200;200;200m[482/914][0;0m [38;2;200;200;200m [0;0m ⏺ Updating fingerprint examples/wireless/handover for 1500s [1;33mUPDATE[0;0m ff0e-a44d/~tNl
[38;2;200;200;200m[483/914][0;0m [38;2;200;200;200m [0;0m ⏺ Updating fingerprint examples/wireless/nic -c Ieee80211MacWithUnitDiskRadio for 100s [1;33mUPDATE[0;0m 8d08-2792/~tNl
[38;2;200;200;200m[484/914][0;0m [38;2;200;200;200m [0;0m ⏺ Updating fingerprint examples/wireless/nic -c LMacWithApskDimensionalRadio for 100s [1;33mUPDATE[0;0m 2033-0fb6/~tNl
[38;2;200;200;200m[485/914][0;0m [38;2;200;200;200m [0;0m ⏺ Updating fingerprint examples/wireless/nic -c LMacWithUnitDiskRadio for 100s [1;33mUPDATE[0;0m c384-3eab/~tNl
[38;2;200;200;200m[486/914][0;0m [38;2;200;200;200m [0;0m ⏺ Updating fingerprint examples/wireless/nic -c LMacWithApskScalarRadio for 100s [1;33mUPDATE[0;0m 2033-0fb6/~tNl
[38;2;200;200;200m[487/914][0;0m [38;2;200;200;200m [0;0m ⏺ Updating fingerprint examples/wireless/obstacle -c Indoor for 100s [1;33mUPDATE[0;0m 0b6d-4c80/~tNl
[38;2;200;200;200m[488/914][0;0m [38;2;200;200;200m [0;0m ⏺ Updating fingerprint examples/wireless/obstacle -c Orbit for 100s [1;33mUPDATE[0;0m e356-e083/~tNl
[38;2;200;200;200m[489/914][0;0m [38;2;200;200;200m [0;0m ⏺ Updating fingerprint examples/wireless/nic -c XMacWithApskDimensionalRadio for 100s [1;33mUPDATE[0;0m cf9a-2d03/~tNl
[38;2;200;200;200m[490/914][0;0m [38;2;200;200;200m [0;0m ⏺ Updating fingerprint examples/wireless/nic -c CsmaCaWithUnitDiskRadio for 100s [1;33mUPDATE[0;0m 1cec-e8e9/~tNl
[38;2;200;200;200m[491/914][0;0m [38;2;200;200;200m [0;0m ⏺ Updating fingerprint examples/wireless/nic -c XMacWithUnitDiskRadio for 100s [1;33mUPDATE[0;0m cf9a-2d03/~tNl
[38;2;200;200;200m[492/914][0;0m [38;2;200;200;200m [0;0m ⏺ Updating fingerprint examples/wireless/nic -c XMacWithApskScalarRadio for 100s [1;33mUPDATE[0;0m cf9a-2d03/~tNl
[38;2;200;200;200m[493/914][0;0m [38;2;200;200;200m [0;0m ⏺ Updating fingerprint examples/wireless/lan80211 -c Ping1 for 25s [1;33mUPDATE[0;0m 9e38-0977/~tNl
[38;2;200;200;200m[494/914][0;0m [38;2;200;200;200m [0;0m ⏺ Updating fingerprint examples/wireless/nic -c CsmaCaWithApskScalarRadio for 100s [1;33mUPDATE[0;0m 1cec-e8e9/~tNl
[38;2;200;200;200m[495/914][0;0m [38;2;200;200;200m [0;0m ⏺ Updating fingerprint examples/wireless/obstacle -c Outdoor for 100s [1;33mUPDATE[0;0m b44d-0b55/~tNl
[38;2;200;200;200m[496/914][0;0m [38;2;200;200;200m [0;0m ⏺ Updating fingerprint examples/wireless/nic -c CsmaCaWithApskDimensionalRadio for 100s [1;33mUPDATE[0;0m 1cec-e8e9/~tNl
[38;2;200;200;200m[497/914][0;0m [38;2;200;200;200m [0;0m ⏺ Updating fingerprint examples/manetrouting/multiradio -c MultiRadio for 100s [1;33mINSERT[0;0m ee2a-f392/~tNl
[38;2;200;200;200m[498/914][0;0m [38;2;200;200;200m [0;0m ⏺ Updating fingerprint examples/wireless/lan80211 -f omnetpp-streaming.ini -c Streaming1 for 50s [1;33mUPDATE[0;0m 4686-e0f7/~tNl
[38;2;200;200;200m[499/914][0;0m [38;2;200;200;200m [0;0m ⏺ Updating fingerprint examples/wireless/ratecontrol -c Mac for 100s [1;33mUPDATE[0;0m 34da-eb33/~tNl
[38;2;200;200;200m[500/914][0;0m [38;2;200;200;200m [0;0m ⏺ Updating fingerprint examples/wireless/shortcut -c ShortcutMac for 1000s [1;33mUPDATE[0;0m d98d-58cd/~tNl
[38;2;200;200;200m[501/914][0;0m [38;2;200;200;200m [0;0m ⏺ Updating fingerprint examples/wireless/shortcut -c ShortcutRadio for 1000s [1;33mUPDATE[0;0m be2f-9e2e/~tNl
[38;2;200;200;200m[502/914][0;0m [38;2;200;200;200m [0;0m ⏺ Updating fingerprint examples/wireless/hosttohost -c Throughput1 for 5s [1;33mUPDATE[0;0m e259-5f9e/~tNl
[1;33mSTDERR [0;36mopp_run_release [0;0m<!> Error: Submodule app: No module type named 'VoipStreamSender' found that implements module interface inet.applications.contract.IApp (not in the loaded NED files?), at /home/levy/workspace/inet-fp-master/src/inet/node/base/ApplicationLayerNodeBase.ned:32 -- in module (inet::NodeBase) DiffservNetwork.voipPhone1 (id=3), during network setup
[38;2;200;200;200m[503/914][0;0m [38;2;200;200;200m [0;0m ⏺ Updating fingerprint showcases/general/diffserv -c VoIP_WithPolicing for 50s [1;31mERROR[0;0m None Submodule app: No module type named 'VoipStreamSender' found that implements module interface inet.applications.contract.IApp (not in the loaded NED files?), at /home/levy/workspace/inet-fp-master/src/inet/node/base/ApplicationLayerNodeBase.ned:32 -- in module (inet::NodeBase) DiffservNetwork.voipPhone1 (id=3), during network setup (Calculated fingerprint not found)
[1;33mSTDERR [0;36mopp_run_release [0;0m<!> Error: Submodule app: No module type named 'VoipStreamSender' found that implements module interface inet.applications.contract.IApp (not in the loaded NED files?), at /home/levy/workspace/inet-fp-master/src/inet/node/base/ApplicationLayerNodeBase.ned:32 -- in module (inet::NodeBase) DiffservNetwork.voipPhone1 (id=3), during network setup
[38;2;200;200;200m[504/914][0;0m [38;2;200;200;200m [0;0m ⏺ Updating fingerprint showcases/general/diffserv -c VoIP_WithPolicingAndQueueing for 50s [1;31mERROR[0;0m None Submodule app: No module type named 'VoipStreamSender' found that implements module interface inet.applications.contract.IApp (not in the loaded NED files?), at /home/levy/workspace/inet-fp-master/src/inet/node/base/ApplicationLayerNodeBase.ned:32 -- in module (inet::NodeBase) DiffservNetwork.voipPhone1 (id=3), during network setup (Calculated fingerprint not found)
[38;2;200;200;200m[505/914][0;0m [38;2;200;200;200m [0;0m ⏺ Updating fingerprint examples/ospfv2/areas for 500s [1;33mUPDATE[0;0m 6abe-bc78/~tNl
[1;33mSTDERR [0;36mopp_run_release [0;0m<!> Error: Submodule app: No module type named 'VoipStreamSender' found that implements module interface inet.applications.contract.IApp (not in the loaded NED files?), at /home/levy/workspace/inet-fp-master/src/inet/node/base/ApplicationLayerNodeBase.ned:32 -- in module (inet::NodeBase) DiffservNetwork.voipPhone1 (id=3), during network setup
[38;2;200;200;200m[506/914][0;0m [38;2;200;200;200m [0;0m ⏺ Updating fingerprint examples/wireless/power for 100s [1;33mUPDATE[0;0m e6e8-208c/~tNl
[38;2;200;200;200m[507/914][0;0m [38;2;200;200;200m [0;0m ⏺ Updating fingerprint showcases/general/diffserv -c VoIP_WithoutQoS for 50s [1;31mERROR[0;0m None Submodule app: No module type named 'VoipStreamSender' found that implements module interface inet.applications.contract.IApp (not in the loaded NED files?), at /home/levy/workspace/inet-fp-master/src/inet/node/base/ApplicationLayerNodeBase.ned:32 -- in module (inet::NodeBase) DiffservNetwork.voipPhone1 (id=3), during network setup (Calculated fingerprint not found)
[38;2;200;200;200m[508/914][0;0m [38;2;200;200;200m [0;0m ⏺ Updating fingerprint showcases/general/diffserv -c WithPolicing for 50s [1;33mINSERT[0;0m 9b2a-0985/~tNl
[38;2;200;200;200m[509/914][0;0m [38;2;200;200;200m [0;0m ⏺ Updating fingerprint examples/wireless/scaling -c UnitDiskRadioMedium for 0.1s [1;33mINSERT[0;0m ad39-df54/~tNl
[38;2;200;200;200m[510/914][0;0m [38;2;200;200;200m [0;0m ⏺ Updating fingerprint examples/wireless/scaling -c ScalarRadioMedium for 0.1s [1;33mINSERT[0;0m 056c-caee/~tNl
[38;2;200;200;200m[511/914][0;0m [38;2;200;200;200m [0;0m ⏺ Updating fingerprint showcases/general/diffserv -c WithoutQoS for 50s [1;33mINSERT[0;0m ab02-c139/~tNl
[38;2;200;200;200m[512/914][0;0m [38;2;200;200;200m [0;0m ⏺ Updating fingerprint showcases/general/diffserv -c WithQueueing for 50s [1;33mINSERT[0;0m ab02-c139/~tNl
[38;2;200;200;200m[513/914][0;0m [38;2;200;200;200m [0;0m ⏺ Updating fingerprint examples/wireless/throughput -c Throughput1 for 20s [1;33mUPDATE[0;0m f92b-57a9/~tNl
[38;2;200;200;200m[514/914][0;0m [38;2;200;200;200m [0;0m ⏺ Updating fingerprint examples/wireless/throughput -c Throughput2 for 10s [1;33mUPDATE[0;0m 3549-9dd5/~tNl
[38;2;200;200;200m[515/914][0;0m [38;2;200;200;200m [0;0m ⏺ Updating fingerprint examples/wireless/wiredandwirelesshostswithap for 400s [1;33mINSERT[0;0m e1eb-5918/~tNl
[38;2;200;200;200m[516/914][0;0m [38;2;200;200;200m [0;0m ⏺ Updating fingerprint showcases/measurement/relationships for 1s [1;33mINSERT[0;0m 0000-0000/~tNl
[38;2;200;200;200m[517/914][0;0m [38;2;200;200;200m [0;0m ⏺ Updating fingerprint examples/wireless/scaling -c DimensionalRadioMedium for 0.1s [1;33mUPDATE[0;0m 056c-caee/~tNl
[38;2;200;200;200m[518/914][0;0m [38;2;200;200;200m [0;0m ⏺ Updating fingerprint examples/wireless/ieee80211levelofdetail -c Layered for 1000s [1;33mINSERT[0;0m 3b1c-4fb6/~tNl
[38;2;200;200;200m[519/914][0;0m [38;2;200;200;200m [0;0m ⏺ Updating fingerprint showcases/measurement/datarate for 1s [1;33mUPDATE[0;0m b381-a873/~tNl
[38;2;200;200;200m[520/914][0;0m [38;2;200;200;200m [0;0m ⏺ Updating fingerprint showcases/measurement/propagationtime for 1s [1;33mUPDATE[0;0m 45be-11f1/~tNl
[38;2;200;200;200m[521/914][0;0m [38;2;200;200;200m [0;0m ⏺ Updating fingerprint showcases/mobility/basic -c BonnMotionMobility for 100s [0;32mKEEP[0;0m 0000-0000/~tNl
[38;2;200;200;200m[522/914][0;0m [38;2;200;200;200m [0;0m ⏺ Updating fingerprint showcases/measurement/endtoenddelay for 1s [1;33mUPDATE[0;0m c70c-1633/~tNl
[38;2;200;200;200m[523/914][0;0m [38;2;200;200;200m [0;0m ⏺ Updating fingerprint examples/wireless/synchronized -c Synchronized for 2s [1;33mUPDATE[0;0m 5470-d923/~tNl
[38;2;200;200;200m[524/914][0;0m [38;2;200;200;200m [0;0m ⏺ Updating fingerprint showcases/measurement/throughput for 1s [1;33mUPDATE[0;0m f1c8-7e50/~tNl
[38;2;200;200;200m[525/914][0;0m [38;2;200;200;200m [0;0m ⏺ Updating fingerprint showcases/measurement/residencetime for 1s [1;33mUPDATE[0;0m f759-f7b9/~tNl
[38;2;200;200;200m[526/914][0;0m [38;2;200;200;200m [0;0m ⏺ Updating fingerprint showcases/mobility/basic -c CircleMobility for 100s [0;32mKEEP[0;0m 0000-0000/~tNl
[38;2;200;200;200m[527/914][0;0m [38;2;200;200;200m [0;0m ⏺ Updating fingerprint showcases/mobility/basic -c GaussMarkovMobility for 100s [0;32mKEEP[0;0m 0000-0000/~tNl
[38;2;200;200;200m[528/914][0;0m [38;2;200;200;200m [0;0m ⏺ Updating fingerprint showcases/mobility/basic -c FacingMobility for 100s [0;32mKEEP[0;0m 0000-0000/~tNl
[38;2;200;200;200m[529/914][0;0m [38;2;200;200;200m [0;0m ⏺ Updating fingerprint showcases/mobility/basic -c LinearMobility for 100s [0;32mKEEP[0;0m 0000-0000/~tNl
[38;2;200;200;200m[530/914][0;0m [38;2;200;200;200m [0;0m ⏺ Updating fingerprint showcases/measurement/utilization for 1s [1;33mUPDATE[0;0m a174-8078/~tNl
[38;2;200;200;200m[531/914][0;0m [38;2;200;200;200m [0;0m ⏺ Updating fingerprint examples/wireless/testnewmac -c Mac for 10s [1;33mUPDATE[0;0m ff7b-1682/~tNl
[38;2;200;200;200m[532/914][0;0m [38;2;200;200;200m [0;0m ⏺ Updating fingerprint showcases/mobility/basic -c StaticGridMobility for 100s [0;32mKEEP[0;0m 0000-0000/~tNl
[38;2;200;200;200m[533/914][0;0m [38;2;200;200;200m [0;0m ⏺ Updating fingerprint showcases/mobility/basic -c StationaryMobility for 100s [0;32mKEEP[0;0m 0000-0000/~tNl
[38;2;200;200;200m[534/914][0;0m [38;2;200;200;200m [0;0m ⏺ Updating fingerprint showcases/mobility/basic -c TurtleMobility for 100s [0;32mKEEP[0;0m 0000-0000/~tNl
[38;2;200;200;200m[535/914][0;0m [38;2;200;200;200m [0;0m ⏺ Updating fingerprint showcases/measurement/transmissiontime for 1s [1;33mUPDATE[0;0m d554-9e9b/~tNl
[38;2;200;200;200m[536/914][0;0m [38;2;200;200;200m [0;0m ⏺ Updating fingerprint showcases/mobility/combining -c Attached3D for 100s [0;32mKEEP[0;0m 0000-0000/~tNl
[38;2;200;200;200m[537/914][0;0m [38;2;200;200;200m [0;0m ⏺ Updating fingerprint showcases/mobility/combining -c Attached2 for 100s [0;32mKEEP[0;0m 0000-0000/~tNl
[38;2;200;200;200m[538/914][0;0m [38;2;200;200;200m [0;0m ⏺ Updating fingerprint showcases/mobility/combining -c Attached1 for 100s [0;32mKEEP[0;0m 0000-0000/~tNl
[38;2;200;200;200m[539/914][0;0m [38;2;200;200;200m [0;0m ⏺ Updating fingerprint showcases/mobility/combining -c Superpositioning1 for 100s [0;32mKEEP[0;0m 0000-0000/~tNl
[38;2;200;200;200m[540/914][0;0m [38;2;200;200;200m [0;0m ⏺ Updating fingerprint showcases/mobility/combining -c Superpositioning2 for 100s [0;32mKEEP[0;0m 0000-0000/~tNl
[38;2;200;200;200m[541/914][0;0m [38;2;200;200;200m [0;0m ⏺ Updating fingerprint showcases/mobility/combining -c AntennaOrientation for 10000s [1;33mINSERT[0;0m 0000-0000/~tNl
[38;2;200;200;200m[542/914][0;0m [38;2;200;200;200m [0;0m ⏺ Updating fingerprint showcases/mobility/spatial -c Drone for 100s [0;32mKEEP[0;0m 0000-0000/~tNl
[38;2;200;200;200m[543/914][0;0m [38;2;200;200;200m [0;0m ⏺ Updating fingerprint showcases/mobility/spatial -c Spiral for 100s [0;32mKEEP[0;0m 0000-0000/~tNl
[38;2;200;200;200m[544/914][0;0m [38;2;200;200;200m [0;0m ⏺ Updating fingerprint showcases/tsn/combiningfeatures/fpandtas for 10ms [1;33mUPDATE[0;0m f881-b9e4/~tNl
[38;2;200;200;200m[545/914][0;0m [38;2;200;200;200m [0;0m ⏺ Updating fingerprint showcases/routing/manet -c Aodv for 100s [1;33mUPDATE[0;0m 5071-1523/~tNl
[38;2;200;200;200m[546/914][0;0m [38;2;200;200;200m [0;0m ⏺ Updating fingerprint showcases/routing/aodvexternal for 50s [1;33mINSERT[0;0m 24ca-2a9f/~tNl
[38;2;200;200;200m[547/914][0;0m [38;2;200;200;200m [0;0m ⏺ Updating fingerprint examples/wireless/qos -c MacQosWithBlockAck for 10s [1;33mUPDATE[0;0m cf73-6824/~tNl
[38;2;200;200;200m[548/914][0;0m [38;2;200;200;200m [0;0m ⏺ Updating fingerprint showcases/general/pcaprecording -c PcapRecording for 10s [1;33mUPDATE[0;0m 6046-84e7/~tNl
[38;2;200;200;200m[549/914][0;0m [38;2;200;200;200m [0;0m ⏺ Updating fingerprint examples/wireless/synchronized -c NonSynchronized for 2s [1;33mUPDATE[0;0m cc39-1c28/~tNl
[1;33mSTDERR [0;36mopp_run_release [0;0m<!> Error: Submodule gateScheduleConfigurator: No module type named 'Z3GateScheduleConfigurator' found that implements module interface inet.linklayer.configurator.gatescheduling.contract.IGateScheduleConfigurator (not in the loaded NED files?), at /home/levy/workspace/inet-fp-master/src/inet/networks/base/TsnNetworkBase.ned:21 -- in module (inet::NetworkBase) TsnDumbbellNetwork (id=1), during network setup
[38;2;200;200;200m[550/914][0;0m [38;2;200;200;200m [0;0m ⏺ Updating fingerprint showcases/routing/manet -c Dsdv for 100s [1;33mUPDATE[0;0m c78c-ae60/~tNl
[38;2;200;200;200m[551/914][0;0m [38;2;200;200;200m [0;0m ⏺ Updating fingerprint showcases/tsn/combiningfeatures/gsandcs -c SAT for 0.2s [1;31mERROR[0;0m None Submodule gateScheduleConfigurator: No module type named 'Z3GateScheduleConfigurator' found that implements module interface inet.linklayer.configurator.gatescheduling.contract.IGateScheduleConfigurator (not in the loaded NED files?), at /home/levy/workspace/inet-fp-master/src/inet/networks/base/TsnNetworkBase.ned:21 -- in module (inet::NetworkBase) TsnDumbbellNetwork (id=1), during network setup (Calculated fingerprint not found)
[38;2;200;200;200m[552/914][0;0m [38;2;200;200;200m [0;0m ⏺ Updating fingerprint showcases/tsn/combiningfeatures/frerandcs for 0.1s [1;33mINSERT[0;0m 5855-4251/~tNl
[38;2;200;200;200m[553/914][0;0m [38;2;200;200;200m [0;0m ⏺ Updating fingerprint showcases/measurement/queueingtime for 5s [1;33mINSERT[0;0m 068f-5f90/~tNl
[38;2;200;200;200m[554/914][0;0m [38;2;200;200;200m [0;0m ⏺ Updating fingerprint showcases/measurement/jitter for 5s [1;33mINSERT[0;0m 73ae-42b5/~tNl
[38;2;200;200;200m[555/914][0;0m [38;2;200;200;200m [0;0m ⏺ Updating fingerprint showcases/routing/manet -c Gpsr for 100s [1;33mUPDATE[0;0m a5cd-0c7e/~tNl
[38;2;200;200;200m[556/914][0;0m [38;2;200;200;200m [0;0m ⏺ Updating fingerprint examples/ospfv2/areatests -c backbone for 1000s [1;33mINSERT[0;0m c28e-6eea/~tNl
[38;2;200;200;200m[557/914][0;0m [38;2;200;200;200m [0;0m ⏺ Updating fingerprint examples/wireless/qos -c MacQos for 10s [1;33mUPDATE[0;0m 13e8-1f94/~tNl
[38;2;200;200;200m[558/914][0;0m [38;2;200;200;200m [0;0m ⏺ Updating fingerprint examples/wireless/lan80211ac -c Ping1 for 100s [1;33mUPDATE[0;0m 0919-e83d/~tNl
[38;2;200;200;200m[559/914][0;0m [38;2;200;200;200m [0;0m ⏺ Updating fingerprint showcases/tsn/combiningfeatures/frerandtas for 5s [1;33mINSERT[0;0m 5451-12c4/~tNl
[38;2;200;200;200m[560/914][0;0m [38;2;200;200;200m [0;0m ⏺ Updating fingerprint examples/wireless/qos -c MacQosWithRtsCts for 10s [1;33mUPDATE[0;0m 15e5-ff70/~tNl
[38;2;200;200;200m[561/914][0;0m [38;2;200;200;200m [0;0m ⏺ Updating fingerprint showcases/tsn/combiningfeatures/invehicle -c StandardEthernet for 10ms [1;33mUPDATE[0;0m f0ea-57e0/~tNl
[38;2;200;200;200m[562/914][0;0m [38;2;200;200;200m [0;0m ⏺ Updating fingerprint showcases/tsn/framereplication/automaticfailureprotection -c NoFrameReplication for 0.1s [1;33mINSERT[0;0m 7f65-3603/~tNl
[38;2;200;200;200m[563/914][0;0m [38;2;200;200;200m [0;0m ⏺ Updating fingerprint examples/wireless/qos -c MacNonQos for 10s [1;33mUPDATE[0;0m 1c6a-d8ea/~tNl
[38;2;200;200;200m[564/914][0;0m [38;2;200;200;200m [0;0m ⏺ Updating fingerprint showcases/tsn/framereplication/automaticfailureprotection -c FrameReplication for 0.1s [1;33mINSERT[0;0m aae3-caef/~tNl
[38;2;200;200;200m[565/914][0;0m [38;2;200;200;200m [0;0m ⏺ Updating fingerprint showcases/tsn/framereplication/automaticmultipathconfiguration for 0.1s [1;33mUPDATE[0;0m 0ff8-5bdd/~tNl
[38;2;200;200;200m[566/914][0;0m [38;2;200;200;200m [0;0m ⏺ Updating fingerprint showcases/tsn/cutthroughswitching -c StoreAndForward for 1s [1;33mUPDATE[0;0m 1a02-6c74/~tNl
[38;2;200;200;200m[567/914][0;0m [38;2;200;200;200m [0;0m ⏺ Updating fingerprint showcases/tsn/framereplication/manualconfiguration for 0.1s [1;33mUPDATE[0;0m d712-c761/~tNl
[38;2;200;200;200m[568/914][0;0m [38;2;200;200;200m [0;0m ⏺ Updating fingerprint showcases/tsn/combiningfeatures/invehicle -c AutomaticTsn for 10ms [1;33mINSERT[0;0m 8745-e84a/~tNl
[38;2;200;200;200m[569/914][0;0m [38;2;200;200;200m [0;0m ⏺ Updating fingerprint showcases/tsn/framereplication/multicastfailureprotection for 10ms [1;33mINSERT[0;0m 5d15-68e9/~tNl
[1;33mSTDERR [0;36mopp_run_release [0;0m<!> Error: Submodule gateScheduleConfigurator: No module type named 'Z3GateScheduleConfigurator' found that implements module interface inet.linklayer.configurator.gatescheduling.contract.IGateScheduleConfigurator (not in the loaded NED files?), at /home/levy/workspace/inet-fp-master/src/inet/networks/base/TsnNetworkBase.ned:21 -- in module (inet::NetworkBase) TsnDumbbellNetwork (id=1), during network setup
[38;2;200;200;200m[570/914][0;0m [38;2;200;200;200m [0;0m ⏺ Updating fingerprint showcases/tsn/gatescheduling/sat -c SAT for 0.2s [1;31mERROR[0;0m None Submodule gateScheduleConfigurator: No module type named 'Z3GateScheduleConfigurator' found that implements module interface inet.linklayer.configurator.gatescheduling.contract.IGateScheduleConfigurator (not in the loaded NED files?), at /home/levy/workspace/inet-fp-master/src/inet/networks/base/TsnNetworkBase.ned:21 -- in module (inet::NetworkBase) TsnDumbbellNetwork (id=1), during network setup (Calculated fingerprint not found)
[38;2;200;200;200m[571/914][0;0m [38;2;200;200;200m [0;0m ⏺ Updating fingerprint showcases/tsn/cutthroughswitching -c CutthroughSwitching for 1s [1;33mUPDATE[0;0m b17f-d15c/~tNl
[38;2;200;200;200m[572/914][0;0m [38;2;200;200;200m [0;0m ⏺ Updating fingerprint showcases/tsn/combiningfeatures/invehicle -c ManualTsn for 10ms [1;33mINSERT[0;0m 2a89-c840/~tNl
[38;2;200;200;200m[573/914][0;0m [38;2;200;200;200m [0;0m ⏺ Updating fingerprint showcases/tsn/framepreemption -c RealisticFifoQueueing for 1s [1;33mUPDATE[0;0m 0fb0-a705/~tNl
[38;2;200;200;200m[574/914][0;0m [38;2;200;200;200m [0;0m ⏺ Updating fingerprint showcases/tsn/framepreemption -c PriorityQueueing for 1s [1;33mUPDATE[0;0m 9815-e7a2/~tNl
[38;2;200;200;200m[575/914][0;0m [38;2;200;200;200m [0;0m ⏺ Updating fingerprint showcases/tsn/streamfiltering/underthehood for 1s [0;32mKEEP[0;0m 0000-0000/~tNl
[38;2;200;200;200m[576/914][0;0m [38;2;200;200;200m [0;0m ⏺ Updating fingerprint showcases/tsn/framepreemption -c RealisticPriorityQueueing for 1s [1;33mUPDATE[0;0m 4cf6-0361/~tNl
[38;2;200;200;200m[577/914][0;0m [38;2;200;200;200m [0;0m ⏺ Updating fingerprint showcases/tsn/framepreemption -c FifoQueueing for 1s [1;33mUPDATE[0;0m e0e9-9714/~tNl
[38;2;200;200;200m[578/914][0;0m [38;2;200;200;200m [0;0m ⏺ Updating fingerprint showcases/tsn/framepreemption -c FramePreemption for 1s [1;33mUPDATE[0;0m b241-85aa/~tNl
[38;2;200;200;200m[579/914][0;0m [38;2;200;200;200m [0;0m ⏺ Updating fingerprint showcases/tsn/combiningfeatures/gptpandtas -c Failover for 4s [1;33mINSERT[0;0m e263-1792/~tNl
[38;2;200;200;200m[580/914][0;0m [38;2;200;200;200m [0;0m ⏺ Updating fingerprint showcases/tsn/timesynchronization/gptp -c OneMasterClock for 1s [1;33mUPDATE[0;0m 4b9c-386f/~tNl
[38;2;200;200;200m[581/914][0;0m [38;2;200;200;200m [0;0m ⏺ Updating fingerprint showcases/tsn/gatescheduling/eager -c Eager for 0.2s [1;33mUPDATE[0;0m fba0-2308/~tNl
[38;2;200;200;200m[582/914][0;0m [38;2;200;200;200m [0;0m ⏺ Updating fingerprint showcases/tsn/streamfiltering/tokenbucket -c NoStreamFiltering for 1s [1;33mINSERT[0;0m dbde-eea4/~tNl
[38;2;200;200;200m[583/914][0;0m [38;2;200;200;200m [0;0m ⏺ Updating fingerprint showcases/tsn/timesynchronization/gptp -c PrimaryAndHotStandbyMasterClocks for 1s [1;33mUPDATE[0;0m caa1-e752/~tNl
[38;2;200;200;200m[584/914][0;0m [38;2;200;200;200m [0;0m ⏺ Updating fingerprint examples/wireless/qos -c MacQosWithoutAggregation for 10s [1;33mUPDATE[0;0m 24cd-4d38/~tNl
[38;2;200;200;200m[585/914][0;0m [38;2;200;200;200m [0;0m ⏺ Updating fingerprint showcases/tsn/combiningfeatures/gptpandtas -f extras.ini -c Recovery for 4s [1;33mINSERT[0;0m 6818-e41d/~tNl
[38;2;200;200;200m[586/914][0;0m [38;2;200;200;200m [0;0m ⏺ Updating fingerprint showcases/tsn/framepreemption -c RealisticFramePreemption for 1s [1;33mUPDATE[0;0m 99dd-ec1d/~tNl
[38;2;200;200;200m[587/914][0;0m [38;2;200;200;200m [0;0m ⏺ Updating fingerprint showcases/tsn/combiningfeatures/gptpandtas -c LinkFailure for 4s [1;33mINSERT[0;0m c7f8-49dd/~tNl
[38;2;200;200;200m[588/914][0;0m [38;2;200;200;200m [0;0m ⏺ Updating fingerprint showcases/tsn/combiningfeatures/gptpandtas -c NormalOperation for 4s [1;33mINSERT[0;0m d281-ee3b/~tNl
[38;2;200;200;200m[589/914][0;0m [38;2;200;200;200m [0;0m ⏺ Updating fingerprint showcases/tsn/timesynchronization/gptp -c TwoMasterClocksExploitingNetworkRedundancy for 1s [1;33mUPDATE[0;0m 225d-91fb/~tNl
[38;2;200;200;200m[590/914][0;0m [38;2;200;200;200m [0;0m ⏺ Updating fingerprint showcases/tsn/streamfiltering/tokenbucket -c StreamFiltering for 1s [1;33mINSERT[0;0m 746b-f713/~tNl
[38;2;200;200;200m[591/914][0;0m [38;2;200;200;200m [0;0m ⏺ Updating fingerprint showcases/visualizer/canvas/datalinkactivity -c ActivityLevel for 100s [1;33mUPDATE[0;0m c722-a989/~tNl
[38;2;200;200;200m[592/914][0;0m [38;2;200;200;200m [0;0m ⏺ Updating fingerprint showcases/quic/linksharing for 50s [1;33mINSERT[0;0m ff8e-19c9/~tNl
[38;2;200;200;200m[593/914][0;0m [38;2;200;200;200m [0;0m ⏺ Updating fingerprint showcases/visualizer/canvas/datalinkactivity -c EnablingVisualizationWired for 500s [1;33mUPDATE[0;0m 5e7a-ada6/~tNl
[38;2;200;200;200m[594/914][0;0m [38;2;200;200;200m [0;0m ⏺ Updating fingerprint showcases/tsn/timesynchronization/clockdrift -c ConstantClockDrift for 0.1s [1;33mUPDATE[0;0m c131-8d1f/~tNl
[38;2;200;200;200m[595/914][0;0m [38;2;200;200;200m [0;0m ⏺ Updating fingerprint showcases/visualizer/canvas/datalinkactivity -c EnablingVisualizationWireless for 500s [1;33mUPDATE[0;0m f18e-1f7e/~tNl
[38;2;200;200;200m[596/914][0;0m [38;2;200;200;200m [0;0m ⏺ Updating fingerprint showcases/visualizer/canvas/ieee80211 -c MultipleNetworks for 5s [1;33mUPDATE[0;0m c238-8c0a/~tNl
[38;2;200;200;200m[597/914][0;0m [38;2;200;200;200m [0;0m ⏺ Updating fingerprint showcases/visualizer/canvas/ieee80211 -c OneNetwork for 5s [1;33mUPDATE[0;0m 0121-fe39/~tNl
[38;2;200;200;200m[598/914][0;0m [38;2;200;200;200m [0;0m ⏺ Updating fingerprint showcases/visualizer/canvas/datalinkactivity -c Filtering for 500s [1;33mUPDATE[0;0m da0b-1b07/~tNl
[38;2;200;200;200m[599/914][0;0m [38;2;200;200;200m [0;0m ⏺ Updating fingerprint showcases/tsn/timesynchronization/clockdrift -c NoClockDrift for 0.1s [1;33mUPDATE[0;0m 4f8b-54a9/~tNl
[38;2;200;200;200m[600/914][0;0m [38;2;200;200;200m [0;0m ⏺ Updating fingerprint showcases/tsn/timesynchronization/clockdrift -c ConstantClockDriftOutOfBandSync for 0.1s [1;33mUPDATE[0;0m 4e7a-eda6/~tNl
[38;2;200;200;200m[601/914][0;0m [38;2;200;200;200m [0;0m ⏺ Updating fingerprint showcases/tsn/trafficshaping/underthehood for 10s [1;33mINSERT[0;0m 0000-0000/~tNl
[38;2;200;200;200m[602/914][0;0m [38;2;200;200;200m [0;0m ⏺ Updating fingerprint showcases/tsn/trafficshaping/timeawareshaper -c NoTrafficShaping for 1s [1;33mINSERT[0;0m 5404-12a1/~tNl
[38;2;200;200;200m[603/914][0;0m [38;2;200;200;200m [0;0m ⏺ Updating fingerprint examples/inet/ipv4largenet -c IPv4LargeNet for 120s [1;33mINSERT[0;0m 9286-5dda/~tNl
[38;2;200;200;200m[604/914][0;0m [38;2;200;200;200m [0;0m ⏺ Updating fingerprint showcases/visualizer/canvas/datalinkactivity -c Dynamic for 500s [1;33mUPDATE[0;0m daa5-1cb8/~tNl
[38;2;200;200;200m[605/914][0;0m [38;2;200;200;200m [0;0m ⏺ Updating fingerprint showcases/visualizer/canvas/interfacetable -c AdvancedFeatures for 5s [1;33mUPDATE[0;0m c823-7921/~tNl
[38;2;200;200;200m[606/914][0;0m [38;2;200;200;200m [0;0m ⏺ Updating fingerprint showcases/visualizer/canvas/networkpathactivity -c EnablingVisualization for 500s [1;33mUPDATE[0;0m 246d-d81d/~tNl
[38;2;200;200;200m[607/914][0;0m [38;2;200;200;200m [0;0m ⏺ Updating fingerprint showcases/tsn/trafficshaping/timeawareshaper -c TimeAwareShaping for 1s [1;33mINSERT[0;0m 8527-ee1b/~tNl
[38;2;200;200;200m[608/914][0;0m [38;2;200;200;200m [0;0m ⏺ Updating fingerprint showcases/visualizer/canvas/mobility -c VisualizingFeatures for 500s [0;32mKEEP[0;0m 0000-0000/~tNl
[38;2;200;200;200m[609/914][0;0m [38;2;200;200;200m [0;0m ⏺ Updating fingerprint showcases/visualizer/canvas/interfacetable -c EnablingVisualization for 5s [0;32mKEEP[0;0m 0000-0000/~tNl
[38;2;200;200;200m[610/914][0;0m [38;2;200;200;200m [0;0m ⏺ Updating fingerprint showcases/visualizer/canvas/ieee80211 -c VisualizingHandover for 250s [1;33mUPDATE[0;0m b138-3b9a/~tNl
[38;2;200;200;200m[611/914][0;0m [38;2;200;200;200m [0;0m ⏺ Updating fingerprint showcases/visualizer/canvas/packetdrop -c ArpResolutionFailed for 500s [0;32mKEEP[0;0m 0000-0000/~tNl
[38;2;200;200;200m[612/914][0;0m [38;2;200;200;200m [0;0m ⏺ Updating fingerprint showcases/visualizer/canvas/packetdrop -c InterfaceNotConnected for 500s [0;32mKEEP[0;0m 0000-0000/~tNl
[38;2;200;200;200m[613/914][0;0m [38;2;200;200;200m [0;0m ⏺ Updating fingerprint showcases/tsn/timesynchronization/clockdrift -c RandomClockDriftGptpSync for 0.1s [1;33mUPDATE[0;0m 9652-58b4/~tNl
[38;2;200;200;200m[614/914][0;0m [38;2;200;200;200m [0;0m ⏺ Updating fingerprint showcases/tsn/timesynchronization/clockdrift -c RandomClockDriftOutOfBandSync for 0.1s [1;33mUPDATE[0;0m 518d-814e/~tNl
[38;2;200;200;200m[615/914][0;0m [38;2;200;200;200m [0;0m ⏺ Updating fingerprint showcases/visualizer/canvas/packetdrop -c NoRouteToDestination for 500s [0;32mKEEP[0;0m 0000-0000/~tNl
[38;2;200;200;200m[616/914][0;0m [38;2;200;200;200m [0;0m ⏺ Updating fingerprint showcases/visualizer/canvas/instrumentfigures for 3s [1;33mUPDATE[0;0m 3f19-df04/~tNl
[38;2;200;200;200m[617/914][0;0m [38;2;200;200;200m [0;0m ⏺ Updating fingerprint showcases/visualizer/canvas/ieee80211 -c SignalLevels for 100s [1;33mUPDATE[0;0m b62f-d0aa/~tNl
[38;2;200;200;200m[618/914][0;0m [38;2;200;200;200m [0;0m ⏺ Updating fingerprint showcases/visualizer/canvas/packetdrop -c MACRetryLimitReached for 500s [1;33mUPDATE[0;0m 6eb7-55b8/~tNl
[38;2;200;200;200m[619/914][0;0m [38;2;200;200;200m [0;0m ⏺ Updating fingerprint showcases/visualizer/canvas/physicallinkactivity -c EnablingVisualization for 500s [1;33mUPDATE[0;0m ff0c-b51a/~tNl
[38;2;200;200;200m[620/914][0;0m [38;2;200;200;200m [0;0m ⏺ Updating fingerprint showcases/tsn/timesynchronization/clockdrift -c RandomClockDrift for 0.1s [1;33mUPDATE[0;0m 7b77-0c8f/~tNl
[38;2;200;200;200m[621/914][0;0m [38;2;200;200;200m [0;0m ⏺ Updating fingerprint showcases/visualizer/canvas/networkpathactivity -c StaticNetworkPaths for 500s [1;33mUPDATE[0;0m 69fb-73f7/~tNl
[38;2;200;200;200m[622/914][0;0m [38;2;200;200;200m [0;0m ⏺ Updating fingerprint showcases/visualizer/canvas/radiomediumactivity -c DisplayingSignalsTransmissionsReceptions for 1000s [1;33mINSERT[0;0m 1bb1-2642/~tNl
[38;2;200;200;200m[623/914][0;0m [38;2;200;200;200m [0;0m ⏺ Updating fingerprint showcases/visualizer/canvas/routingtable -c DisplayingAll for 500s [0;32mKEEP[0;0m 0000-0000/~tNl
[38;2;200;200;200m[624/914][0;0m [38;2;200;200;200m [0;0m ⏺ Updating fingerprint showcases/visualizer/canvas/networkpathactivity -c Mobile for 500s [1;33mUPDATE[0;0m 641a-bba8/~tNl
[38;2;200;200;200m[625/914][0;0m [38;2;200;200;200m [0;0m ⏺ Updating fingerprint showcases/visualizer/canvas/packetdrop -c QueueOverflow for 2002ms [1;33mUPDATE[0;0m ead2-fac8/~tNl
[38;2;200;200;200m[626/914][0;0m [38;2;200;200;200m [0;0m ⏺ Updating fingerprint showcases/visualizer/canvas/radiomediumactivity -c MultipleNodes for 1000s [1;33mINSERT[0;0m aede-3ac4/~tNl
[38;2;200;200;200m[627/914][0;0m [38;2;200;200;200m [0;0m ⏺ Updating fingerprint showcases/visualizer/canvas/networkpathactivity -c ChangingPaths for 250s [1;33mUPDATE[0;0m b57e-320c/~tNl
[38;2;200;200;200m[628/914][0;0m [38;2;200;200;200m [0;0m ⏺ Updating fingerprint showcases/visualizer/canvas/routingtable -c Unfiltered for 500s [0;32mKEEP[0;0m 0000-0000/~tNl
[38;2;200;200;200m[629/914][0;0m [38;2;200;200;200m [0;0m ⏺ Updating fingerprint showcases/visualizer/canvas/spectrum -c Spectrogram for 1s [1;33mUPDATE[0;0m ec5d-b059/~tNl
[38;2;200;200;200m[630/914][0;0m [38;2;200;200;200m [0;0m ⏺ Updating fingerprint showcases/visualizer/canvas/physicallinkactivity -c Filtering for 250s [1;33mUPDATE[0;0m 0de3-b6a0/~tNl
[38;2;200;200;200m[631/914][0;0m [38;2;200;200;200m [0;0m ⏺ Updating fingerprint showcases/visualizer/canvas/spectrum -c PowerDensityMap for 1s [1;33mUPDATE[0;0m cf51-dfc6/~tNl
[38;2;200;200;200m[632/914][0;0m [38;2;200;200;200m [0;0m ⏺ Updating fingerprint showcases/visualizer/canvas/routingtable -c Filtered for 500s [0;32mKEEP[0;0m 0000-0000/~tNl
[38;2;200;200;200m[633/914][0;0m [38;2;200;200;200m [0;0m ⏺ Updating fingerprint showcases/visualizer/canvas/spectrum -c SpectrumFigure for 1s [1;33mUPDATE[0;0m ec5d-b059/~tNl
[38;2;200;200;200m[634/914][0;0m [38;2;200;200;200m [0;0m ⏺ Updating fingerprint showcases/visualizer/canvas/styling -c Font for 25s [1;33mUPDATE[0;0m dcce-a4ab/~tNl
[38;2;200;200;200m[635/914][0;0m [38;2;200;200;200m [0;0m ⏺ Updating fingerprint showcases/visualizer/canvas/statistic -c PingRtt for 500s [1;33mUPDATE[0;0m 7e96-3454/~tNl
[38;2;200;200;200m[636/914][0;0m [38;2;200;200;200m [0;0m ⏺ Updating fingerprint showcases/visualizer/canvas/styling -c Line for 25s [1;33mUPDATE[0;0m dcce-a4ab/~tNl
[38;2;200;200;200m[637/914][0;0m [38;2;200;200;200m [0;0m ⏺ Updating fingerprint showcases/visualizer/canvas/physicallinkactivity -c Mobile for 500s [1;33mUPDATE[0;0m 952c-f02f/~tNl
[38;2;200;200;200m[638/914][0;0m [38;2;200;200;200m [0;0m ⏺ Updating fingerprint showcases/visualizer/canvas/transportpathactivity -c EnablingPathVisualizationWired for 500s [1;33mUPDATE[0;0m 9c19-5890/~tNl
[38;2;200;200;200m[639/914][0;0m [38;2;200;200;200m [0;0m ⏺ Updating fingerprint showcases/visualizer/canvas/submoduleinfo -c MACStates for 5s [1;33mUPDATE[0;0m e941-1451/~tNl
[38;2;200;200;200m[640/914][0;0m [38;2;200;200;200m [0;0m ⏺ Updating fingerprint showcases/visualizer/canvas/transportpathactivity -c EnablingPathVisualizationWireless for 500s [1;33mUPDATE[0;0m 30dc-adee/~tNl
[38;2;200;200;200m[641/914][0;0m [38;2;200;200;200m [0;0m ⏺ Updating fingerprint showcases/visualizer/canvas/submoduleinfo -c PacketCounts for 5s [1;33mUPDATE[0;0m e941-1451/~tNl
[38;2;200;200;200m[642/914][0;0m [38;2;200;200;200m [0;0m ⏺ Updating fingerprint showcases/visualizer/canvas/radiomediumactivity -c InterferingSignals for 1000s [1;33mINSERT[0;0m 4432-9612/~tNl
[38;2;200;200;200m[643/914][0;0m [38;2;200;200;200m [0;0m ⏺ Updating fingerprint showcases/visualizer/canvas/transportpathactivity -c Filtering for 100s [1;33mUPDATE[0;0m 2b6e-79a2/~tNl
[38;2;200;200;200m[644/914][0;0m [38;2;200;200;200m [0;0m ⏺ Updating fingerprint showcases/visualizer/canvas/routingtable -c Dynamic for 500s [1;33mUPDATE[0;0m b366-82ef/~tNl
[38;2;200;200;200m[645/914][0;0m [38;2;200;200;200m [0;0m ⏺ Updating fingerprint showcases/wireless/analogmodel -c Routing for 5s [1;33mUPDATE[0;0m 9e7a-59d0/~tNl
[38;2;200;200;200m[646/914][0;0m [38;2;200;200;200m [0;0m ⏺ Updating fingerprint showcases/wireless/analogmodel -c Distance for 2.5s [1;33mUPDATE[0;0m 1cb5-40d8/~tNl
[38;2;200;200;200m[647/914][0;0m [38;2;200;200;200m [0;0m ⏺ Updating fingerprint showcases/wireless/analogmodel -c Noise for 0.1s [1;33mUPDATE[0;0m ca72-282f/~tNl
[38;2;200;200;200m[648/914][0;0m [38;2;200;200;200m [0;0m ⏺ Updating fingerprint showcases/wireless/blockack for 1s [1;33mINSERT[0;0m 319a-fb59/~tNl
[38;2;200;200;200m[649/914][0;0m [38;2;200;200;200m [0;0m ⏺ Updating fingerprint showcases/wireless/blockack -c Fragmentation for 1s [1;33mUPDATE[0;0m de66-bc66/~tNl
[38;2;200;200;200m[650/914][0;0m [38;2;200;200;200m [0;0m ⏺ Updating fingerprint showcases/wireless/crosstalk -c CompletelyOverlappingFrequencyBands for 1s [1;33mUPDATE[0;0m 9926-a607/~tNl
[38;2;200;200;200m[651/914][0;0m [38;2;200;200;200m [0;0m ⏺ Updating fingerprint showcases/wireless/coexistence -c WpanHosts for 5s [1;33mUPDATE[0;0m d13c-60f6/~tNl
[38;2;200;200;200m[652/914][0;0m [38;2;200;200;200m [0;0m ⏺ Updating fingerprint showcases/wireless/blockack -c NoFragmentation for 1s [1;33mUPDATE[0;0m 319a-fb59/~tNl
[38;2;200;200;200m[653/914][0;0m [38;2;200;200;200m [0;0m ⏺ Updating fingerprint showcases/wireless/crosstalk -c IndependentFrequencyBandsOneRadioMediumModule for 1s [1;33mUPDATE[0;0m 9ab9-fa8e/~tNl
[38;2;200;200;200m[654/914][0;0m [38;2;200;200;200m [0;0m ⏺ Updating fingerprint showcases/visualizer/canvas/transportconnection -c MultipleConnections for 2s [1;33mUPDATE[0;0m 9dd0-712b/~tNl
[38;2;200;200;200m[655/914][0;0m [38;2;200;200;200m [0;0m ⏺ Updating fingerprint showcases/wireless/crosstalk -c IndependentFrequencyBandsTwoRadioMediumModules for 1s [1;33mUPDATE[0;0m 84e3-652e/~tNl
[38;2;200;200;200m[656/914][0;0m [38;2;200;200;200m [0;0m ⏺ Updating fingerprint showcases/wireless/blockack -c MixedTraffic for 1s [1;33mUPDATE[0;0m ab66-c5fe/~tNl
[38;2;200;200;200m[657/914][0;0m [38;2;200;200;200m [0;0m ⏺ Updating fingerprint showcases/wireless/crosstalk -c PartiallyOverlappingFrequencyBands for 1s [1;33mUPDATE[0;0m 9926-a607/~tNl
[38;2;200;200;200m[658/914][0;0m [38;2;200;200;200m [0;0m ⏺ Updating fingerprint showcases/wireless/directionalantennas -c AxiallySymmetricAntenna for 360s [1;33mUPDATE[0;0m fb8d-cf1b/~tNl
[38;2;200;200;200m[659/914][0;0m [38;2;200;200;200m [0;0m ⏺ Updating fingerprint showcases/wireless/directionalantennas -c CosineAntenna for 360s [1;33mUPDATE[0;0m bce8-7eae/~tNl
[38;2;200;200;200m[660/914][0;0m [38;2;200;200;200m [0;0m ⏺ Updating fingerprint showcases/wireless/errorrate for 500s [1;33mINSERT[0;0m ada5-f9c6/~tNl
[38;2;200;200;200m[661/914][0;0m [38;2;200;200;200m [0;0m ⏺ Updating fingerprint showcases/wireless/directionalantennas -c DipoleAntenna for 360s [1;33mUPDATE[0;0m ac36-b1bb/~tNl
[38;2;200;200;200m[662/914][0;0m [38;2;200;200;200m [0;0m ⏺ Updating fingerprint showcases/wireless/directionalantennas -c IsotropicAntenna for 360s [1;33mUPDATE[0;0m 67ae-7af7/~tNl
[38;2;200;200;200m[663/914][0;0m [38;2;200;200;200m [0;0m ⏺ Updating fingerprint showcases/wireless/directionalantennas -c ParabolicAntenna for 360s [1;33mUPDATE[0;0m d9fa-febe/~tNl
[38;2;200;200;200m[664/914][0;0m [38;2;200;200;200m [0;0m ⏺ Updating fingerprint showcases/visualizer/canvas/statistic -c PacketErrorRate for 25s [1;33mUPDATE[0;0m 1f0d-2f54/~tNl
[38;2;200;200;200m[665/914][0;0m [38;2;200;200;200m [0;0m ⏺ Updating fingerprint showcases/visualizer/canvas/styling -c Annotation for 25s [1;33mUPDATE[0;0m f788-907c/~tNl
[38;2;200;200;200m[666/914][0;0m [38;2;200;200;200m [0;0m ⏺ Updating fingerprint showcases/wireless/fragmentation -c DCFnofrag for 10s [1;33mINSERT[0;0m 11c9-dabf/~tNl
[38;2;200;200;200m[667/914][0;0m [38;2;200;200;200m [0;0m ⏺ Updating fingerprint showcases/visualizer/canvas/styling -c Icon for 25s [1;33mUPDATE[0;0m c0b4-77b1/~tNl
[38;2;200;200;200m[668/914][0;0m [38;2;200;200;200m [0;0m ⏺ Updating fingerprint showcases/visualizer/canvas/transportconnection -c EnablingVisualization for 2s [1;33mUPDATE[0;0m 50be-f5c7/~tNl
[38;2;200;200;200m[669/914][0;0m [38;2;200;200;200m [0;0m ⏺ Updating fingerprint showcases/wireless/coexistence -c WifiHosts for 5s [1;33mUPDATE[0;0m 98ff-c58b/~tNl
[38;2;200;200;200m[670/914][0;0m [38;2;200;200;200m [0;0m ⏺ Updating fingerprint showcases/wireless/fragmentation -f parameterstudy.ini -c PacketSizeDCFnofrag for 1s [1;33mINSERT[0;0m 9664-a3b6/~tNl
[38;2;200;200;200m[671/914][0;0m [38;2;200;200;200m [0;0m ⏺ Updating fingerprint examples/ospfv2/areatests -c mininet-A for 1000s [1;33mINSERT[0;0m 7352-e820/~tNl
[38;2;200;200;200m[672/914][0;0m [38;2;200;200;200m [0;0m ⏺ Updating fingerprint examples/mrp -c LargeNetworkWithTraffic for 3s [1;33mUPDATE[0;0m aa7b-d065/~tNl
[38;2;200;200;200m[673/914][0;0m [38;2;200;200;200m [0;0m ⏺ Updating fingerprint showcases/wireless/fragmentation -f parameterstudy.ini -c PacketSizeDCFfrag for 1s [1;33mINSERT[0;0m e2b2-4390/~tNl
[38;2;200;200;200m[674/914][0;0m [38;2;200;200;200m [0;0m ⏺ Updating fingerprint showcases/wireless/coexistence -c Coexistence for 5s [1;33mUPDATE[0;0m 9f1b-4f78/~tNl
[38;2;200;200;200m[675/914][0;0m [38;2;200;200;200m [0;0m ⏺ Updating fingerprint examples/ospfv2/areatests -c mininet-B for 1000s [1;33mINSERT[0;0m 236e-f1a5/~tNl
[38;2;200;200;200m[676/914][0;0m [38;2;200;200;200m [0;0m ⏺ Updating fingerprint showcases/wireless/fragmentation -c DCFfrag for 10s [1;33mINSERT[0;0m 6e1f-2a72/~tNl
[38;2;200;200;200m[677/914][0;0m [38;2;200;200;200m [0;0m ⏺ Updating fingerprint showcases/wireless/fragmentation -f parameterstudy.ini -c PacketSizeHCFfrag for 1s [1;33mINSERT[0;0m 51e3-8e8e/~tNl
[38;2;200;200;200m[678/914][0;0m [38;2;200;200;200m [0;0m ⏺ Updating fingerprint showcases/wireless/fragmentation -f parameterstudy.ini -c PacketSizeHCFfragblockack for 1s [1;33mINSERT[0;0m cd5c-3dc7/~tNl
[38;2;200;200;200m[679/914][0;0m [38;2;200;200;200m [0;0m ⏺ Updating fingerprint showcases/wireless/fragmentation -f parameterstudy.ini -c TxPowerDCFfrag for 10s [1;33mINSERT[0;0m 06d7-ff11/~tNl
[1;33mSTDERR [0;36mopp_run_release [0;0m<!> Error: Unknown sequence number: 4095 -- in module (inet::ieee80211::RecipientQosMacDataService) FragmentationShowcase.wifiHost2.wlan[0].mac.hcf.recipientMacDataService (id=170), at t=4.100042698544s, event #279216
[38;2;200;200;200m[680/914][0;0m [38;2;200;200;200m [0;0m ⏺ Updating fingerprint showcases/wireless/fragmentation -f parameterstudy.ini -c OnlyPacketSizeHCFfragblockack for 10s [1;31mERROR[0;0m None Unknown sequence number: 4095 (Calculated fingerprint not found)
[38;2;200;200;200m[681/914][0;0m [38;2;200;200;200m [0;0m ⏺ Updating fingerprint showcases/wireless/fragmentation -f parameterstudy.ini -c TxPowerDCFnofrag for 10s [1;33mINSERT[0;0m 4859-14c9/~tNl
[38;2;200;200;200m[682/914][0;0m [38;2;200;200;200m [0;0m ⏺ Updating fingerprint showcases/wireless/fragmentation -f parameterstudy.ini -c OnlyPacketSizeDCFnofrag for 10s [1;33mINSERT[0;0m 783d-244e/~tNl
[38;2;200;200;200m[683/914][0;0m [38;2;200;200;200m [0;0m ⏺ Updating fingerprint showcases/wireless/fragmentation -f parameterstudy.ini -c OnlyPacketSizeDCFfrag for 10s [1;33mINSERT[0;0m 783d-244e/~tNl
[38;2;200;200;200m[684/914][0;0m [38;2;200;200;200m [0;0m ⏺ Updating fingerprint showcases/wireless/handover for 250s [1;33mUPDATE[0;0m 30da-b9b3/~tNl
[38;2;200;200;200m[685/914][0;0m [38;2;200;200;200m [0;0m ⏺ Updating fingerprint showcases/wireless/hiddennode -c WallOffRtsOff for 5s [1;33mUPDATE[0;0m a5bf-13cb/~tNl
[38;2;200;200;200m[686/914][0;0m [38;2;200;200;200m [0;0m ⏺ Updating fingerprint showcases/wireless/pathloss for 9.14ms [1;33mINSERT[0;0m e8eb-dd26/~tNl
[38;2;200;200;200m[687/914][0;0m [38;2;200;200;200m [0;0m ⏺ Updating fingerprint showcases/wireless/multiradio for 100s [1;33mUPDATE[0;0m b068-aec1/~tNl
[38;2;200;200;200m[688/914][0;0m [38;2;200;200;200m [0;0m ⏺ Updating fingerprint showcases/wireless/fragmentation -c HCFfrag for 10s [1;33mINSERT[0;0m 0f25-7088/~tNl
[38;2;200;200;200m[689/914][0;0m [38;2;200;200;200m [0;0m ⏺ Updating fingerprint showcases/wireless/hiddennode -c WallOffRtsOn for 5s [1;33mUPDATE[0;0m b8e6-149f/~tNl
[38;2;200;200;200m[690/914][0;0m [38;2;200;200;200m [0;0m ⏺ Updating fingerprint showcases/wireless/hiddennode -c WallOnRtsOff for 5s [1;33mUPDATE[0;0m 77ab-f24a/~tNl
[38;2;200;200;200m[691/914][0;0m [38;2;200;200;200m [0;0m ⏺ Updating fingerprint showcases/wireless/hiddennode -c WallOnRtsOn for 5s [1;33mUPDATE[0;0m 0461-3da5/~tNl
[38;2;200;200;200m[692/914][0;0m [38;2;200;200;200m [0;0m ⏺ Updating fingerprint showcases/wireless/fragmentation -f parameterstudy.ini -c TxPowerHCFfrag for 10s [1;33mINSERT[0;0m 29f3-ff97/~tNl
[38;2;200;200;200m[693/914][0;0m [38;2;200;200;200m [0;0m ⏺ Updating fingerprint showcases/wireless/ieee802154 -c Ieee802154Power for 100s [1;33mUPDATE[0;0m 227d-ce36/~tNl
[38;2;200;200;200m[694/914][0;0m [38;2;200;200;200m [0;0m ⏺ Updating fingerprint showcases/wireless/sensornetwork -c BMac for 25s [1;33mUPDATE[0;0m d3a0-798e/~tNl
[38;2;200;200;200m[695/914][0;0m [38;2;200;200;200m [0;0m ⏺ Updating fingerprint showcases/wireless/sensornetwork -c LMac for 25s [1;33mUPDATE[0;0m 153c-1647/~tNl
[1;33mSTDERR [0;36mopp_run_release [0;0m<!> Error: I am still sending a message, while a new slot is starting!
[1;33mSTDERR [0;36mopp_run_release [0;0m -- in module (inet::LMac) SensorNetworkShowcaseB.sensor3.wlan[0].mac (id=208), at t=0.43s, event #2113
[38;2;200;200;200m[696/914][0;0m [38;2;200;200;200m [0;0m ⏺ Updating fingerprint showcases/wireless/fragmentation -f parameterstudy.ini -c OnlyPacketSizeHCFfrag for 10s [1;33mINSERT[0;0m 55aa-23b7/~tNl
[38;2;200;200;200m[697/914][0;0m [38;2;200;200;200m [0;0m ⏺ Updating fingerprint showcases/wireless/sensornetwork -c StatisticLMac for 25s [1;31mERROR[0;0m None I am still sending a message, while a new slot is starting! (Calculated fingerprint not found)
[38;2;200;200;200m[698/914][0;0m [38;2;200;200;200m [0;0m ⏺ Updating fingerprint showcases/wireless/fragmentation -f parameterstudy.ini -c TxPowerHCFfragblockack for 10s [1;33mINSERT[0;0m ca0b-f3a5/~tNl
[38;2;200;200;200m[699/914][0;0m [38;2;200;200;200m [0;0m ⏺ Updating fingerprint showcases/wireless/sensornetwork -c StatisticBMac for 25s [1;33mINSERT[0;0m ef81-a581/~tNl
[38;2;200;200;200m[700/914][0;0m [38;2;200;200;200m [0;0m ⏺ Updating fingerprint showcases/wireless/sensornetwork -c StatisticXMac for 25s [1;33mINSERT[0;0m 7b0b-141b/~tNl
[38;2;200;200;200m[701/914][0;0m [38;2;200;200;200m [0;0m ⏺ Updating fingerprint showcases/wireless/sensornetwork -c XMac for 25s [1;33mUPDATE[0;0m da97-4bfb/~tNl
[38;2;200;200;200m[702/914][0;0m [38;2;200;200;200m [0;0m ⏺ Updating fingerprint showcases/wireless/aggregation -c NoAggregation for 10s [1;33mINSERT[0;0m 96a9-83b6/~tNl
[38;2;200;200;200m[703/914][0;0m [38;2;200;200;200m [0;0m ⏺ Updating fingerprint tests/fingerprint -f ethernet-nonstandardspeed.ini for 5s [1;33mINSERT[0;0m 24d6-2c0a/~tNl
[38;2;200;200;200m[704/914][0;0m [38;2;200;200;200m [0;0m ⏺ Updating fingerprint examples/inet/tcpthroughput -c Experiment for 240s [1;33mINSERT[0;0m 6df2-835f/~tNl
[38;2;200;200;200m[705/914][0;0m [38;2;200;200;200m [0;0m ⏺ Updating fingerprint examples/ospfv2/areatests -c backboneandtwostubs for 1000s [1;33mINSERT[0;0m 02cf-ea65/~tNl
[38;2;200;200;200m[706/914][0;0m [38;2;200;200;200m [0;0m ⏺ Updating fingerprint tests/fingerprint -f ethernet-hub.ini for 100s [1;33mUPDATE[0;0m 4c79-1672/~tNl
[38;2;200;200;200m[707/914][0;0m [38;2;200;200;200m [0;0m ⏺ Updating fingerprint tests/fingerprint -f ethernet-switch.ini for 10s [1;33mUPDATE[0;0m d9b4-2f0f/~tNl
[38;2;200;200;200m[708/914][0;0m [38;2;200;200;200m [0;0m ⏺ Updating fingerprint tests/fingerprint -f ethernet-hub-reconnect.ini for 5.2s [1;33mUPDATE[0;0m 101f-fe9a/~tNl
[38;2;200;200;200m[709/914][0;0m [38;2;200;200;200m [0;0m ⏺ Updating fingerprint showcases/wireless/throughput for 1s [1;33mUPDATE[0;0m ca6e-9604/~tNl
[38;2;200;200;200m[710/914][0;0m [38;2;200;200;200m [0;0m ⏺ Updating fingerprint tests/fingerprint -f ethernet-bus-reconnect.ini for 5.2s [1;33mUPDATE[0;0m d36b-ecba/~tNl
[38;2;200;200;200m[711/914][0;0m [38;2;200;200;200m [0;0m ⏺ Updating fingerprint showcases/wireless/fragmentation -f parameterstudy.ini -c ThresholdDCFfrag for 10s [1;33mINSERT[0;0m 7582-4df3/~tNl
[38;2;200;200;200m[712/914][0;0m [38;2;200;200;200m [0;0m ⏺ Updating fingerprint tests/fingerprint -f ethernet-twohosts.ini for 1000s [1;33mINSERT[0;0m 4da2-7f3c/~tNl
[38;2;200;200;200m[713/914][0;0m [38;2;200;200;200m [0;0m ⏺ Updating fingerprint tutorials/bgp -c Step1 for 1000s [1;33mINSERT[0;0m da1f-5943/~tNl
[38;2;200;200;200m[714/914][0;0m [38;2;200;200;200m [0;0m ⏺ Updating fingerprint tutorials/bgp -c Step10 for 1000s [1;33mINSERT[0;0m fbbe-6aa2/~tNl
[38;2;200;200;200m[715/914][0;0m [38;2;200;200;200m [0;0m ⏺ Updating fingerprint tutorials/bgp -c Step11 for 1000s [1;33mINSERT[0;0m c029-008a/~tNl
[38;2;200;200;200m[716/914][0;0m [38;2;200;200;200m [0;0m ⏺ Updating fingerprint tests/validation/tsn/framereplication for 0.1s [1;33mINSERT[0;0m 5686-7806/~tNl
[38;2;200;200;200m[717/914][0;0m [38;2;200;200;200m [0;0m ⏺ Updating fingerprint showcases/wireless/qos -c NonQos for 10s [1;33mUPDATE[0;0m d1fe-3741/~tNl
[38;2;200;200;200m[718/914][0;0m [38;2;200;200;200m [0;0m ⏺ Updating fingerprint tests/validation/tsn/trafficshaping/asynchronousshaper/icct for 0.1s [1;33mINSERT[0;0m 68c7-51c6/~tNl
[38;2;200;200;200m[719/914][0;0m [38;2;200;200;200m [0;0m ⏺ Updating fingerprint tutorials/bgp -c Step4 for 1000s [1;33mINSERT[0;0m 4c17-8e40/~tNl
[38;2;200;200;200m[720/914][0;0m [38;2;200;200;200m [0;0m ⏺ Updating fingerprint showcases/wireless/power for 100s [1;33mUPDATE[0;0m 0b22-366e/~tNl
[38;2;200;200;200m[721/914][0;0m [38;2;200;200;200m [0;0m ⏺ Updating fingerprint showcases/measurement/flow -c AnyLocation for 5s [1;33mINSERT[0;0m 0e7b-e54a/~tNl
[38;2;200;200;200m[722/914][0;0m [38;2;200;200;200m [0;0m ⏺ Updating fingerprint tutorials/bgp -c Step5 for 1000s [1;33mINSERT[0;0m 8bd2-136d/~tNl
[38;2;200;200;200m[723/914][0;0m [38;2;200;200;200m [0;0m ⏺ Updating fingerprint tutorials/bgp -c Step3 for 1000s [1;33mINSERT[0;0m e85f-54eb/~tNl
[38;2;200;200;200m[724/914][0;0m [38;2;200;200;200m [0;0m ⏺ Updating fingerprint tutorials/bgp -c Step2 for 1000s [1;33mINSERT[0;0m 86ac-8616/~tNl
[38;2;200;200;200m[725/914][0;0m [38;2;200;200;200m [0;0m ⏺ Updating fingerprint showcases/wireless/fragmentation -c HCFfragblockack for 10s [1;33mINSERT[0;0m 370d-8d54/~tNl
[38;2;200;200;200m[726/914][0;0m [38;2;200;200;200m [0;0m ⏺ Updating fingerprint tutorials/bgp -c Step4a for 1000s [1;33mINSERT[0;0m fc77-4ce8/~tNl
[38;2;200;200;200m[727/914][0;0m [38;2;200;200;200m [0;0m ⏺ Updating fingerprint tutorials/configurator -c Step10B for 100s [0;32mKEEP[0;0m 0000-0000/~tNl
[38;2;200;200;200m[728/914][0;0m [38;2;200;200;200m [0;0m ⏺ Updating fingerprint tutorials/configurator -c Step10A for 100s [0;32mKEEP[0;0m 0000-0000/~tNl
[38;2;200;200;200m[729/914][0;0m [38;2;200;200;200m [0;0m ⏺ Updating fingerprint tutorials/configurator -c Step1 for 500s [0;32mKEEP[0;0m 0000-0000/~tNl
[38;2;200;200;200m[730/914][0;0m [38;2;200;200;200m [0;0m ⏺ Updating fingerprint showcases/wireless/aggregation -c Aggregation for 10s [1;33mINSERT[0;0m 6338-595d/~tNl
[38;2;200;200;200m[731/914][0;0m [38;2;200;200;200m [0;0m ⏺ Updating fingerprint showcases/wireless/fragmentation -f parameterstudy.ini -c ThresholdHCFfrag for 10s [1;33mINSERT[0;0m 2b20-b30e/~tNl
[38;2;200;200;200m[732/914][0;0m [38;2;200;200;200m [0;0m ⏺ Updating fingerprint showcases/wireless/txop for 5s [1;33mUPDATE[0;0m 781b-7674/~tNl
[38;2;200;200;200m[733/914][0;0m [38;2;200;200;200m [0;0m ⏺ Updating fingerprint showcases/wireless/qos -c Qos for 10s [1;33mUPDATE[0;0m 30c9-c7b0/~tNl
[38;2;200;200;200m[734/914][0;0m [38;2;200;200;200m [0;0m ⏺ Updating fingerprint tutorials/configurator -c Step10C for 100s [1;33mUPDATE[0;0m 048d-e7a1/~tNl
[38;2;200;200;200m[735/914][0;0m [38;2;200;200;200m [0;0m ⏺ Updating fingerprint tutorials/configurator -c Step11A for 500s [0;32mKEEP[0;0m 0000-0000/~tNl
[38;2;200;200;200m[736/914][0;0m [38;2;200;200;200m [0;0m ⏺ Updating fingerprint tutorials/configurator -c Step3 for 500s [0;32mKEEP[0;0m 0000-0000/~tNl
[38;2;200;200;200m[737/914][0;0m [38;2;200;200;200m [0;0m ⏺ Updating fingerprint tutorials/configurator -c Step2 for 500s [0;32mKEEP[0;0m 0000-0000/~tNl
[38;2;200;200;200m[738/914][0;0m [38;2;200;200;200m [0;0m ⏺ Updating fingerprint tutorials/bgp -c Step5a for 1000s [1;33mINSERT[0;0m 7b2e-917a/~tNl
[38;2;200;200;200m[739/914][0;0m [38;2;200;200;200m [0;0m ⏺ Updating fingerprint tutorials/configurator -c Step4 for 500s [1;33mUPDATE[0;0m c1a9-7c6f/~tNl
[38;2;200;200;200m[740/914][0;0m [38;2;200;200;200m [0;0m ⏺ Updating fingerprint tutorials/configurator -c Step12 for 100s [1;33mUPDATE[0;0m 6091-0da0/~tNl
[38;2;200;200;200m[741/914][0;0m [38;2;200;200;200m [0;0m ⏺ Updating fingerprint tutorials/bgp -c Step9 for 1000s [1;33mINSERT[0;0m c44e-0c2d/~tNl
[38;2;200;200;200m[742/914][0;0m [38;2;200;200;200m [0;0m ⏺ Updating fingerprint tutorials/configurator -c Step6A for 500s [1;33mUPDATE[0;0m 54fa-9a54/~tNl
[38;2;200;200;200m[743/914][0;0m [38;2;200;200;200m [0;0m ⏺ Updating fingerprint tutorials/configurator -c Step7A for 500s [0;32mKEEP[0;0m 0000-0000/~tNl
[38;2;200;200;200m[744/914][0;0m [38;2;200;200;200m [0;0m ⏺ Updating fingerprint tutorials/configurator -c Step11B for 500s [1;33mUPDATE[0;0m 2963-0738/~tNl
[38;2;200;200;200m[745/914][0;0m [38;2;200;200;200m [0;0m ⏺ Updating fingerprint tutorials/configurator -c Step5B for 500s [1;33mUPDATE[0;0m 30ab-8fc8/~tNl
[38;2;200;200;200m[746/914][0;0m [38;2;200;200;200m [0;0m ⏺ Updating fingerprint tutorials/configurator -c Step7B for 500s [0;32mKEEP[0;0m 0000-0000/~tNl
[38;2;200;200;200m[747/914][0;0m [38;2;200;200;200m [0;0m ⏺ Updating fingerprint tutorials/configurator -c Step5A for 500s [1;33mUPDATE[0;0m c7cf-20f2/~tNl
[38;2;200;200;200m[748/914][0;0m [38;2;200;200;200m [0;0m ⏺ Updating fingerprint tutorials/bgp -c Step5b for 1000s [1;33mINSERT[0;0m 3e6e-5b40/~tNl
[38;2;200;200;200m[749/914][0;0m [38;2;200;200;200m [0;0m ⏺ Updating fingerprint tutorials/configurator -c Step7C for 500s [0;32mKEEP[0;0m 0000-0000/~tNl
[38;2;200;200;200m[750/914][0;0m [38;2;200;200;200m [0;0m ⏺ Updating fingerprint tutorials/configurator -c Step6B for 500s [1;33mUPDATE[0;0m 54fa-9a54/~tNl
[38;2;200;200;200m[751/914][0;0m [38;2;200;200;200m [0;0m ⏺ Updating fingerprint tutorials/bgp -c Step6 for 1000s [1;33mINSERT[0;0m 7d78-4ff9/~tNl
[38;2;200;200;200m[752/914][0;0m [38;2;200;200;200m [0;0m ⏺ Updating fingerprint tutorials/bgp -c Step7 for 1000s [1;33mINSERT[0;0m 29e9-c655/~tNl
[38;2;200;200;200m[753/914][0;0m [38;2;200;200;200m [0;0m ⏺ Updating fingerprint showcases/tsn/trafficshaping/creditbasedshaper for 10s [1;33mINSERT[0;0m 85fc-025b/~tNl
[38;2;200;200;200m[754/914][0;0m [38;2;200;200;200m [0;0m ⏺ Updating fingerprint tutorials/configurator -c Step8A for 100s [1;33mUPDATE[0;0m 6814-b828/~tNl
[38;2;200;200;200m[755/914][0;0m [38;2;200;200;200m [0;0m ⏺ Updating fingerprint tutorials/configurator -c Step8B for 100s [1;33mUPDATE[0;0m 6814-b828/~tNl
[38;2;200;200;200m[756/914][0;0m [38;2;200;200;200m [0;0m ⏺ Updating fingerprint tutorials/bgp -c Step8 for 1000s [1;33mINSERT[0;0m e318-4a78/~tNl
[38;2;200;200;200m[757/914][0;0m [38;2;200;200;200m [0;0m ⏺ Updating fingerprint tutorials/ospf -c Step11 for 1000s [1;33mINSERT[0;0m a9f3-f204/~tNl
[38;2;200;200;200m[758/914][0;0m [38;2;200;200;200m [0;0m ⏺ Updating fingerprint tutorials/configurator -c Step9 for 100s [1;33mUPDATE[0;0m f746-c01d/~tNl
[38;2;200;200;200m[759/914][0;0m [38;2;200;200;200m [0;0m ⏺ Updating fingerprint tutorials/ospf -c Step10d for 1000s [1;33mINSERT[0;0m 5292-1599/~tNl
[38;2;200;200;200m[760/914][0;0m [38;2;200;200;200m [0;0m ⏺ Updating fingerprint tutorials/fingerprint -c Ethernet for 0.2s [1;33mINSERT[0;0m cd01-676b/~tNl
[38;2;200;200;200m[761/914][0;0m [38;2;200;200;200m [0;0m ⏺ Updating fingerprint tutorials/ospf -c Step10a for 1000s [1;33mINSERT[0;0m 5fd5-acd0/~tNl
[38;2;200;200;200m[762/914][0;0m [38;2;200;200;200m [0;0m ⏺ Updating fingerprint tutorials/ospf -c Step10b for 1000s [1;33mINSERT[0;0m 6ba2-9280/~tNl
[38;2;200;200;200m[763/914][0;0m [38;2;200;200;200m [0;0m ⏺ Updating fingerprint tutorials/ospf -c Step12 for 1000s [1;33mINSERT[0;0m 7caf-90f6/~tNl
[38;2;200;200;200m[764/914][0;0m [38;2;200;200;200m [0;0m ⏺ Updating fingerprint tutorials/ospf -c Step13 for 1000s [1;33mINSERT[0;0m a6c7-6369/~tNl
[38;2;200;200;200m[765/914][0;0m [38;2;200;200;200m [0;0m ⏺ Updating fingerprint tutorials/fingerprint -c EthernetShortPacket for 0.2s [1;33mINSERT[0;0m ebc4-9761/~tNl
[38;2;200;200;200m[766/914][0;0m [38;2;200;200;200m [0;0m ⏺ Updating fingerprint tutorials/ospf -c Step10 for 1000s [1;33mINSERT[0;0m e3a4-272a/~tNl
[38;2;200;200;200m[767/914][0;0m [38;2;200;200;200m [0;0m ⏺ Updating fingerprint showcases/tsn/trafficshaping/cbsandtas for 10s [1;33mINSERT[0;0m 68d6-0ede/~tNl
[38;2;200;200;200m[768/914][0;0m [38;2;200;200;200m [0;0m ⏺ Updating fingerprint examples/ospfv2/areatests -c backboneandonestub for 1000s [1;33mINSERT[0;0m 041f-b40a/~tNl
[38;2;200;200;200m[769/914][0;0m [38;2;200;200;200m [0;0m ⏺ Updating fingerprint tutorials/ospf -c Step1 for 1000s [1;33mINSERT[0;0m c9f6-fec9/~tNl
[38;2;200;200;200m[770/914][0;0m [38;2;200;200;200m [0;0m ⏺ Updating fingerprint tutorials/ospf -c Step18a for 1000s [1;33mINSERT[0;0m 8441-3bd6/~tNl
[38;2;200;200;200m[771/914][0;0m [38;2;200;200;200m [0;0m ⏺ Updating fingerprint tutorials/ospf -c Step18 for 1000s [1;33mINSERT[0;0m 71f1-03b1/~tNl
[38;2;200;200;200m[772/914][0;0m [38;2;200;200;200m [0;0m ⏺ Updating fingerprint tutorials/ospf -c Step17 for 1000s [1;33mINSERT[0;0m 6cfc-65ed/~tNl
[38;2;200;200;200m[773/914][0;0m [38;2;200;200;200m [0;0m ⏺ Updating fingerprint tutorials/ospf -c Step15 for 1000s [1;33mINSERT[0;0m b583-ecbf/~tNl
[38;2;200;200;200m[774/914][0;0m [38;2;200;200;200m [0;0m ⏺ Updating fingerprint tutorials/ospf -c Step18b for 1000s [1;33mINSERT[0;0m 71f1-03b1/~tNl
[38;2;200;200;200m[775/914][0;0m [38;2;200;200;200m [0;0m ⏺ Updating fingerprint tutorials/ospf -c Step17a for 1000s [1;33mINSERT[0;0m 4daa-becd/~tNl
[38;2;200;200;200m[776/914][0;0m [38;2;200;200;200m [0;0m ⏺ Updating fingerprint tutorials/ospf -c Step14 for 1000s [1;33mINSERT[0;0m 15c0-acbd/~tNl
[38;2;200;200;200m[777/914][0;0m [38;2;200;200;200m [0;0m ⏺ Updating fingerprint tutorials/ospf -c Step18d for 1000s [1;33mINSERT[0;0m 1379-250b/~tNl
[38;2;200;200;200m[778/914][0;0m [38;2;200;200;200m [0;0m ⏺ Updating fingerprint tutorials/ospf -c Step18c for 1000s [1;33mINSERT[0;0m 15db-13cf/~tNl
[38;2;200;200;200m[779/914][0;0m [38;2;200;200;200m [0;0m ⏺ Updating fingerprint examples/inet/hierarchical -c Hosts1280 for 1s [1;33mUPDATE[0;0m 467e-f0ea/~tNl
[38;2;200;200;200m[780/914][0;0m [38;2;200;200;200m [0;0m ⏺ Updating fingerprint tutorials/ospf -c Step17b for 1000s [1;33mINSERT[0;0m cdac-474d/~tNl
[38;2;200;200;200m[781/914][0;0m [38;2;200;200;200m [0;0m ⏺ Updating fingerprint tutorials/ospf -c Step16 for 1000s [1;33mINSERT[0;0m 26d9-c6c0/~tNl
[38;2;200;200;200m[782/914][0;0m [38;2;200;200;200m [0;0m ⏺ Updating fingerprint tutorials/ospf -c Step22 for 1000s [1;33mINSERT[0;0m 8100-360f/~tNl
[38;2;200;200;200m[783/914][0;0m [38;2;200;200;200m [0;0m ⏺ Updating fingerprint tutorials/ospf -c Step23 for 1000s [1;33mINSERT[0;0m adfd-daf7/~tNl
[38;2;200;200;200m[784/914][0;0m [38;2;200;200;200m [0;0m ⏺ Updating fingerprint tests/validation/tsn/trafficshaping/creditbasedshaper for 1s [1;33mINSERT[0;0m a707-c605/~tNl
[38;2;200;200;200m[785/914][0;0m [38;2;200;200;200m [0;0m ⏺ Updating fingerprint tutorials/protocol -f Network90.ini [1;31mERROR[0;0m[1;33m (unexpected)[0;0m (Exception during task execution) AttributeError("'NoneType' object has no attribute 'stdout'")
[38;2;200;200;200m[786/914][0;0m [38;2;200;200;200m [0;0m ⏺ Updating fingerprint tutorials/protocol -f Network91.ini [1;31mERROR[0;0m[1;33m (unexpected)[0;0m (Exception during task execution) AttributeError("'NoneType' object has no attribute 'stdout'")
[38;2;200;200;200m[787/914][0;0m [38;2;200;200;200m [0;0m ⏺ Updating fingerprint tutorials/protocol -c Network1 [1;31mERROR[0;0m[1;33m (unexpected)[0;0m (Exception during task execution) AttributeError("'NoneType' object has no attribute 'stdout'")
[38;2;200;200;200m[788/914][0;0m [38;2;200;200;200m [0;0m ⏺ Updating fingerprint tutorials/protocol -c Network2 [1;31mERROR[0;0m[1;33m (unexpected)[0;0m (Exception during task execution) AttributeError("'NoneType' object has no attribute 'stdout'")
[38;2;200;200;200m[789/914][0;0m [38;2;200;200;200m [0;0m ⏺ Updating fingerprint tutorials/protocol -c Network3 [1;31mERROR[0;0m[1;33m (unexpected)[0;0m (Exception during task execution) AttributeError("'NoneType' object has no attribute 'stdout'")
[38;2;200;200;200m[790/914][0;0m [38;2;200;200;200m [0;0m ⏺ Updating fingerprint tutorials/protocol -c Network4 [1;31mERROR[0;0m[1;33m (unexpected)[0;0m (Exception during task execution) AttributeError("'NoneType' object has no attribute 'stdout'")
[38;2;200;200;200m[791/914][0;0m [38;2;200;200;200m [0;0m ⏺ Updating fingerprint tutorials/protocol -c Network5 [1;31mERROR[0;0m[1;33m (unexpected)[0;0m (Exception during task execution) AttributeError("'NoneType' object has no attribute 'stdout'")
[38;2;200;200;200m[792/914][0;0m [38;2;200;200;200m [0;0m ⏺ Updating fingerprint tutorials/protocol -c Network6 [1;31mERROR[0;0m[1;33m (unexpected)[0;0m (Exception during task execution) AttributeError("'NoneType' object has no attribute 'stdout'")
[38;2;200;200;200m[793/914][0;0m [38;2;200;200;200m [0;0m ⏺ Updating fingerprint tutorials/protocol -c Network7 [1;31mERROR[0;0m[1;33m (unexpected)[0;0m (Exception during task execution) AttributeError("'NoneType' object has no attribute 'stdout'")
[38;2;200;200;200m[794/914][0;0m [38;2;200;200;200m [0;0m ⏺ Updating fingerprint showcases/tsn/streamfiltering/statistical -c NoStreamFiltering for 1s [1;33mINSERT[0;0m 976a-be53/~tNl
[38;2;200;200;200m[795/914][0;0m [38;2;200;200;200m [0;0m ⏺ Updating fingerprint tests/validation/tsn/trafficshaping/asynchronousshaper/core4inet for 1s [1;33mINSERT[0;0m 7ce4-3945/~tNl
[38;2;200;200;200m[796/914][0;0m [38;2;200;200;200m [0;0m ⏺ Updating fingerprint tutorials/ospf -c Step19 for 1000s [1;33mINSERT[0;0m 15fd-fe60/~tNl
[38;2;200;200;200m[797/914][0;0m [38;2;200;200;200m [0;0m ⏺ Updating fingerprint tutorials/ospf -c Step18e for 1000s [1;33mINSERT[0;0m a9fb-9bd4/~tNl
[38;2;200;200;200m[798/914][0;0m [38;2;200;200;200m [0;0m ⏺ Updating fingerprint tutorials/ospf -c Step21 for 1000s [1;33mINSERT[0;0m 67f0-6670/~tNl
[38;2;200;200;200m[799/914][0;0m [38;2;200;200;200m [0;0m ⏺ Updating fingerprint tutorials/ospf -c Step20 for 1000s [1;33mINSERT[0;0m 8237-45d0/~tNl
[38;2;200;200;200m[800/914][0;0m [38;2;200;200;200m [0;0m ⏺ Updating fingerprint showcases/wireless/fragmentation -f parameterstudy.ini -c ThresholdHCFfragblockack for 10s [1;33mINSERT[0;0m 8730-5d1d/~tNl
[38;2;200;200;200m[801/914][0;0m [38;2;200;200;200m [0;0m ⏺ Updating fingerprint tutorials/queueing -c ActiveSourcePassiveSink for 10s [0;32mKEEP[0;0m 0000-0000/~tNl
[38;2;200;200;200m[802/914][0;0m [38;2;200;200;200m [0;0m ⏺ Updating fingerprint tutorials/queueing -c Cloner for 10s [0;32mKEEP[0;0m 0000-0000/~tNl
[38;2;200;200;200m[803/914][0;0m [38;2;200;200;200m [0;0m ⏺ Updating fingerprint tutorials/queueing -c Buffer for 10s [0;32mKEEP[0;0m 0000-0000/~tNl
[38;2;200;200;200m[804/914][0;0m [38;2;200;200;200m [0;0m ⏺ Updating fingerprint tutorials/queueing -c Comparator for 10s [0;32mKEEP[0;0m 0000-0000/~tNl
[38;2;200;200;200m[805/914][0;0m [38;2;200;200;200m [0;0m ⏺ Updating fingerprint tutorials/queueing -c ContentBasedScheduler for 10s [0;32mKEEP[0;0m 0000-0000/~tNl
[38;2;200;200;200m[806/914][0;0m [38;2;200;200;200m [0;0m ⏺ Updating fingerprint tutorials/queueing -c ContentBasedClassifier for 10s [0;32mKEEP[0;0m 0000-0000/~tNl
[38;2;200;200;200m[807/914][0;0m [38;2;200;200;200m [0;0m ⏺ Updating fingerprint tutorials/queueing -c CompoundQueue for 10s [0;32mKEEP[0;0m 0000-0000/~tNl
[38;2;200;200;200m[808/914][0;0m [38;2;200;200;200m [0;0m ⏺ Updating fingerprint tutorials/ospf -c Step3 for 1000s [1;33mINSERT[0;0m eeac-b534/~tNl
[38;2;200;200;200m[809/914][0;0m [38;2;200;200;200m [0;0m ⏺ Updating fingerprint tutorials/queueing -c ContentBasedTagger for 10s [0;32mKEEP[0;0m 0000-0000/~tNl
[38;2;200;200;200m[810/914][0;0m [38;2;200;200;200m [0;0m ⏺ Updating fingerprint tutorials/ospf -c Step2 for 1000s [1;33mINSERT[0;0m 01de-2c31/~tNl
[38;2;200;200;200m[811/914][0;0m [38;2;200;200;200m [0;0m ⏺ Updating fingerprint tutorials/queueing -c Delayer for 10s [0;32mKEEP[0;0m 0000-0000/~tNl
[38;2;200;200;200m[812/914][0;0m [38;2;200;200;200m [0;0m ⏺ Updating fingerprint tutorials/ospf -c Step24 for 1000s [1;33mINSERT[0;0m 7bb0-8b67/~tNl
[38;2;200;200;200m[813/914][0;0m [38;2;200;200;200m [0;0m ⏺ Updating fingerprint tutorials/ospf -c Step5 for 1000s [1;33mINSERT[0;0m 5a61-a3d1/~tNl
[38;2;200;200;200m[814/914][0;0m [38;2;200;200;200m [0;0m ⏺ Updating fingerprint tutorials/queueing -c Demultiplexer for 10s [0;32mKEEP[0;0m 0000-0000/~tNl
[38;2;200;200;200m[815/914][0;0m [38;2;200;200;200m [0;0m ⏺ Updating fingerprint tutorials/queueing -c Duplicator for 10s [0;32mKEEP[0;0m 0000-0000/~tNl
[38;2;200;200;200m[816/914][0;0m [38;2;200;200;200m [0;0m ⏺ Updating fingerprint tutorials/queueing -c Filter1 for 10s [0;32mKEEP[0;0m 0000-0000/~tNl
[38;2;200;200;200m[817/914][0;0m [38;2;200;200;200m [0;0m ⏺ Updating fingerprint tutorials/queueing -c ExampleNetwork for 10s [0;32mKEEP[0;0m 0000-0000/~tNl
[38;2;200;200;200m[818/914][0;0m [38;2;200;200;200m [0;0m ⏺ Updating fingerprint tutorials/queueing -c Filter2 for 10s [0;32mKEEP[0;0m 0000-0000/~tNl
[38;2;200;200;200m[819/914][0;0m [38;2;200;200;200m [0;0m ⏺ Updating fingerprint tutorials/queueing -c Gate1 for 10s [0;32mKEEP[0;0m 0000-0000/~tNl
[38;2;200;200;200m[820/914][0;0m [38;2;200;200;200m [0;0m ⏺ Updating fingerprint tutorials/ospf -c Step4a for 1000s [1;33mINSERT[0;0m b2cf-8245/~tNl
[38;2;200;200;200m[821/914][0;0m [38;2;200;200;200m [0;0m ⏺ Updating fingerprint tutorials/ospf -c Step4 for 1000s [1;33mINSERT[0;0m 2a3b-b225/~tNl
[38;2;200;200;200m[822/914][0;0m [38;2;200;200;200m [0;0m ⏺ Updating fingerprint showcases/measurement/flow -c Basic for 5s [1;33mINSERT[0;0m ef9f-a2f5/~tNl
[38;2;200;200;200m[823/914][0;0m [38;2;200;200;200m [0;0m ⏺ Updating fingerprint tutorials/queueing -c DropTailQueue for 10s [0;32mKEEP[0;0m 0000-0000/~tNl
[38;2;200;200;200m[824/914][0;0m [38;2;200;200;200m [0;0m ⏺ Updating fingerprint showcases/tsn/trafficshaping/cbsandats for 10s [1;33mINSERT[0;0m 8537-e97e/~tNl
[38;2;200;200;200m[825/914][0;0m [38;2;200;200;200m [0;0m ⏺ Updating fingerprint tutorials/ospf -c Step25 for 1000s [1;33mINSERT[0;0m c9f6-fec9/~tNl
[38;2;200;200;200m[826/914][0;0m [38;2;200;200;200m [0;0m ⏺ Updating fingerprint tutorials/ospf -c Step2a for 1000s [1;33mINSERT[0;0m 23a7-90a2/~tNl
[38;2;200;200;200m[827/914][0;0m [38;2;200;200;200m [0;0m ⏺ Updating fingerprint tutorials/ospf -c Step5a for 1000s [1;33mINSERT[0;0m 89b6-b6ae/~tNl
[38;2;200;200;200m[828/914][0;0m [38;2;200;200;200m [0;0m ⏺ Updating fingerprint tutorials/queueing -c Gate2 for 10s [0;32mKEEP[0;0m 0000-0000/~tNl
[38;2;200;200;200m[829/914][0;0m [38;2;200;200;200m [0;0m ⏺ Updating fingerprint tutorials/queueing -c GenericClassifier for 10s [0;32mKEEP[0;0m 0000-0000/~tNl
[38;2;200;200;200m[830/914][0;0m [38;2;200;200;200m [0;0m ⏺ Updating fingerprint tutorials/queueing -c GenericScheduler for 10s [0;32mKEEP[0;0m 0000-0000/~tNl
[38;2;200;200;200m[831/914][0;0m [38;2;200;200;200m [0;0m ⏺ Updating fingerprint tutorials/queueing -c Labeler for 10s [0;32mKEEP[0;0m 0000-0000/~tNl
[38;2;200;200;200m[832/914][0;0m [38;2;200;200;200m [0;0m ⏺ Updating fingerprint tutorials/queueing -c MarkovClassifier for 100s [0;32mKEEP[0;0m 0000-0000/~tNl
[38;2;200;200;200m[833/914][0;0m [38;2;200;200;200m [0;0m ⏺ Updating fingerprint tutorials/queueing -c MarkovScheduler for 100s [0;32mKEEP[0;0m 0000-0000/~tNl
[38;2;200;200;200m[834/914][0;0m [38;2;200;200;200m [0;0m ⏺ Updating fingerprint tutorials/queueing -c LeakyBucket for 10s [0;32mKEEP[0;0m 0000-0000/~tNl
[38;2;200;200;200m[835/914][0;0m [38;2;200;200;200m [0;0m ⏺ Updating fingerprint showcases/tsn/trafficshaping/asynchronousshaper for 10s [1;33mINSERT[0;0m 858c-c0a5/~tNl
[38;2;200;200;200m[836/914][0;0m [38;2;200;200;200m [0;0m ⏺ Updating fingerprint tutorials/queueing -c Meter for 100s [0;32mKEEP[0;0m 0000-0000/~tNl
[38;2;200;200;200m[837/914][0;0m [38;2;200;200;200m [0;0m ⏺ Updating fingerprint tutorials/queueing -c Multiplexer for 10s [0;32mKEEP[0;0m 0000-0000/~tNl
[38;2;200;200;200m[838/914][0;0m [38;2;200;200;200m [0;0m ⏺ Updating fingerprint tutorials/queueing -c InputQueueSwitching for 1000s [1;33mINSERT[0;0m 0000-0000/~tNl
[38;2;200;200;200m[839/914][0;0m [38;2;200;200;200m [0;0m ⏺ Updating fingerprint tutorials/queueing -c OrdinalBasedDuplicator for 10s [0;32mKEEP[0;0m 0000-0000/~tNl
[38;2;200;200;200m[840/914][0;0m [38;2;200;200;200m [0;0m ⏺ Updating fingerprint tutorials/queueing -c OrdinalBasedDropper for 10s [0;32mKEEP[0;0m 0000-0000/~tNl
[38;2;200;200;200m[841/914][0;0m [38;2;200;200;200m [0;0m ⏺ Updating fingerprint tutorials/queueing -c PacketQueue for 10s [0;32mKEEP[0;0m 0000-0000/~tNl
[38;2;200;200;200m[842/914][0;0m [38;2;200;200;200m [0;0m ⏺ Updating fingerprint tutorials/queueing -c OutputQueueSwitching for 1000s [1;33mINSERT[0;0m 0000-0000/~tNl
[38;2;200;200;200m[843/914][0;0m [38;2;200;200;200m [0;0m ⏺ Updating fingerprint tutorials/queueing -c PacketBasedTokenGenerator for 10s [0;32mKEEP[0;0m 0000-0000/~tNl
[38;2;200;200;200m[844/914][0;0m [38;2;200;200;200m [0;0m ⏺ Updating fingerprint tutorials/queueing -c PriorityBuffer for 10s [0;32mKEEP[0;0m 0000-0000/~tNl
[38;2;200;200;200m[845/914][0;0m [38;2;200;200;200m [0;0m ⏺ Updating fingerprint tutorials/queueing -c PriorityClassifier for 10s [0;32mKEEP[0;0m 0000-0000/~tNl
[38;2;200;200;200m[846/914][0;0m [38;2;200;200;200m [0;0m ⏺ Updating fingerprint tutorials/queueing -c PriorityScheduler for 10s [0;32mKEEP[0;0m 0000-0000/~tNl
[38;2;200;200;200m[847/914][0;0m [38;2;200;200;200m [0;0m ⏺ Updating fingerprint tutorials/queueing -c PassiveSourceActiveSink for 10s [0;32mKEEP[0;0m 0000-0000/~tNl
[38;2;200;200;200m[848/914][0;0m [38;2;200;200;200m [0;0m ⏺ Updating fingerprint tutorials/queueing -c PriorityQueue for 10s [0;32mKEEP[0;0m 0000-0000/~tNl
[38;2;200;200;200m[849/914][0;0m [38;2;200;200;200m [0;0m ⏺ Updating fingerprint tutorials/ospf -c Step8 for 1000s [1;33mINSERT[0;0m e02b-1464/~tNl
[38;2;200;200;200m[850/914][0;0m [38;2;200;200;200m [0;0m ⏺ Updating fingerprint tutorials/queueing -c QueueBasedTokenGenerator for 10s [0;32mKEEP[0;0m 0000-0000/~tNl
[38;2;200;200;200m[851/914][0;0m [38;2;200;200;200m [0;0m ⏺ Updating fingerprint tutorials/queueing -c QueueFiller for 10s [0;32mKEEP[0;0m 0000-0000/~tNl
[38;2;200;200;200m[852/914][0;0m [38;2;200;200;200m [0;0m ⏺ Updating fingerprint tutorials/fingerprint -c Wifi for 5s [1;33mINSERT[0;0m 8bb4-8e46/~tNl
[38;2;200;200;200m[853/914][0;0m [38;2;200;200;200m [0;0m ⏺ Updating fingerprint tutorials/queueing -c RedDropper for 100s [0;32mKEEP[0;0m 0000-0000/~tNl
[38;2;200;200;200m[854/914][0;0m [38;2;200;200;200m [0;0m ⏺ Updating fingerprint tutorials/queueing -c RequestResponse for 100s [0;32mKEEP[0;0m 0000-0000/~tNl
[38;2;200;200;200m[855/914][0;0m [38;2;200;200;200m [0;0m ⏺ Updating fingerprint tutorials/queueing -c Tagger for 10s [0;32mKEEP[0;0m 0000-0000/~tNl
[38;2;200;200;200m[856/914][0;0m [38;2;200;200;200m [0;0m ⏺ Updating fingerprint tutorials/queueing -c Server for 10s [0;32mKEEP[0;0m 0000-0000/~tNl
[38;2;200;200;200m[857/914][0;0m [38;2;200;200;200m [0;0m ⏺ Updating fingerprint tutorials/queueing -c SignalBasedTokenGenerator for 10s [0;32mKEEP[0;0m 0000-0000/~tNl
[38;2;200;200;200m[858/914][0;0m [38;2;200;200;200m [0;0m ⏺ Updating fingerprint tutorials/queueing -c TimeBasedTokenGenerator for 10s [0;32mKEEP[0;0m 0000-0000/~tNl
[38;2;200;200;200m[859/914][0;0m [38;2;200;200;200m [0;0m ⏺ Updating fingerprint tutorials/queueing -c TokenBucket for 10s [0;32mKEEP[0;0m 0000-0000/~tNl
[38;2;200;200;200m[860/914][0;0m [38;2;200;200;200m [0;0m ⏺ Updating fingerprint tutorials/queueing -c WrrClassifier for 100s [0;32mKEEP[0;0m 0000-0000/~tNl
[38;2;200;200;200m[861/914][0;0m [38;2;200;200;200m [0;0m ⏺ Updating fingerprint tutorials/queueing -c Telnet for 100s [0;32mKEEP[0;0m 0000-0000/~tNl
[38;2;200;200;200m[862/914][0;0m [38;2;200;200;200m [0;0m ⏺ Updating fingerprint tutorials/queueing -c TokenBasedServer for 10s [0;32mKEEP[0;0m 0000-0000/~tNl
[38;2;200;200;200m[863/914][0;0m [38;2;200;200;200m [0;0m ⏺ Updating fingerprint tutorials/queueing -c WrrScheduler for 100s [0;32mKEEP[0;0m 0000-0000/~tNl
[38;2;200;200;200m[864/914][0;0m [38;2;200;200;200m [0;0m ⏺ Updating fingerprint tutorials/ospf -c Step6 for 1000s [1;33mINSERT[0;0m 5cef-98f0/~tNl
[38;2;200;200;200m[865/914][0;0m [38;2;200;200;200m [0;0m ⏺ Updating fingerprint tutorials/rip -c Step10 for 100s [1;33mINSERT[0;0m fb14-e9aa/~tNl
[38;2;200;200;200m[866/914][0;0m [38;2;200;200;200m [0;0m ⏺ Updating fingerprint tutorials/rip -c Step6DifferentTimings for 200s [1;33mINSERT[0;0m 8dc2-ce6a/~tNl
[38;2;200;200;200m[867/914][0;0m [38;2;200;200;200m [0;0m ⏺ Updating fingerprint tutorials/rip -c Step1 for 100s [1;33mINSERT[0;0m 0b18-6326/~tNl
[38;2;200;200;200m[868/914][0;0m [38;2;200;200;200m [0;0m ⏺ Updating fingerprint tutorials/rip -c Step3 for 200s [1;33mINSERT[0;0m 44e6-a179/~tNl
[38;2;200;200;200m[869/914][0;0m [38;2;200;200;200m [0;0m ⏺ Updating fingerprint tutorials/rip -c Step2 for 100s [1;33mINSERT[0;0m a81d-9273/~tNl
[38;2;200;200;200m[870/914][0;0m [38;2;200;200;200m [0;0m ⏺ Updating fingerprint tutorials/rip -c Step6 for 500s [1;33mINSERT[0;0m e027-50b8/~tNl
[38;2;200;200;200m[871/914][0;0m [38;2;200;200;200m [0;0m ⏺ Updating fingerprint tutorials/rip -c Step6Solution1 for 200s [1;33mINSERT[0;0m 598f-5b7f/~tNl
[38;2;200;200;200m[872/914][0;0m [38;2;200;200;200m [0;0m ⏺ Updating fingerprint tutorials/rip -c Step6Solution2 for 200s [1;33mINSERT[0;0m b775-72f1/~tNl
[38;2;200;200;200m[873/914][0;0m [38;2;200;200;200m [0;0m ⏺ Updating fingerprint tutorials/ospf -c Step7 for 1000s [1;33mINSERT[0;0m d0ba-5317/~tNl
[38;2;200;200;200m[874/914][0;0m [38;2;200;200;200m [0;0m ⏺ Updating fingerprint tutorials/fingerprint -c WifiShortPacket for 5s [1;33mINSERT[0;0m 0870-a291/~tNl
[38;2;200;200;200m[875/914][0;0m [38;2;200;200;200m [0;0m ⏺ Updating fingerprint tutorials/rip -c Step5 for 200s [1;33mINSERT[0;0m 7691-e33d/~tNl
[38;2;200;200;200m[876/914][0;0m [38;2;200;200;200m [0;0m ⏺ Updating fingerprint tutorials/rip -c Step4A for 1000s [1;33mINSERT[0;0m a822-fa28/~tNl
[38;2;200;200;200m[877/914][0;0m [38;2;200;200;200m [0;0m ⏺ Updating fingerprint tutorials/rip -c Step7 for 500s [1;33mINSERT[0;0m 8738-0648/~tNl
[38;2;200;200;200m[878/914][0;0m [38;2;200;200;200m [0;0m ⏺ Updating fingerprint tutorials/rip -c Step7TriggeredUpdates for 200s [1;33mINSERT[0;0m 4a11-3643/~tNl
[38;2;200;200;200m[879/914][0;0m [38;2;200;200;200m [0;0m ⏺ Updating fingerprint tutorials/rip -c Step8 for 500s [1;33mINSERT[0;0m 8738-0648/~tNl
[38;2;200;200;200m[880/914][0;0m [38;2;200;200;200m [0;0m ⏺ Updating fingerprint tutorials/stp -c Step1 for 20s [1;33mINSERT[0;0m 596d-044f/~tNl
[38;2;200;200;200m[881/914][0;0m [38;2;200;200;200m [0;0m ⏺ Updating fingerprint tutorials/rip -c Step7SplitHorizon for 500s [1;33mINSERT[0;0m 86d3-c2d5/~tNl
[38;2;200;200;200m[882/914][0;0m [38;2;200;200;200m [0;0m ⏺ Updating fingerprint tutorials/ospf -c Step9 for 1000s [1;33mINSERT[0;0m 92a0-2b96/~tNl
[38;2;200;200;200m[883/914][0;0m [38;2;200;200;200m [0;0m ⏺ Updating fingerprint tutorials/rip -c Step4C for 1000s [1;33mINSERT[0;0m 3d90-78ba/~tNl
[38;2;200;200;200m[884/914][0;0m [38;2;200;200;200m [0;0m ⏺ Updating fingerprint tutorials/wireless -c Wireless01 for 20s [1;33mINSERT[0;0m 82ef-204b/~tNl
[38;2;200;200;200m[885/914][0;0m [38;2;200;200;200m [0;0m ⏺ Updating fingerprint tutorials/wireless -c Wireless02 for 20s [1;33mINSERT[0;0m 82ef-204b/~tNl
[38;2;200;200;200m[886/914][0;0m [38;2;200;200;200m [0;0m ⏺ Updating fingerprint tutorials/rip -c Step4B for 1000s [1;33mINSERT[0;0m 0ca0-1855/~tNl
[38;2;200;200;200m[887/914][0;0m [38;2;200;200;200m [0;0m ⏺ Updating fingerprint tutorials/stp -c Step2 for 100s [1;33mINSERT[0;0m 3d91-3e8f/~tNl
[38;2;200;200;200m[888/914][0;0m [38;2;200;200;200m [0;0m ⏺ Updating fingerprint tutorials/stp -c Step3 for 100s [1;33mINSERT[0;0m aa04-fbb0/~tNl
[38;2;200;200;200m[889/914][0;0m [38;2;200;200;200m [0;0m ⏺ Updating fingerprint tutorials/wireless -c Wireless03 for 20s [1;33mINSERT[0;0m f448-d134/~tNl
[38;2;200;200;200m[890/914][0;0m [38;2;200;200;200m [0;0m ⏺ Updating fingerprint tutorials/stp -c Step6 for 30s [1;33mINSERT[0;0m 8188-0305/~tNl
[38;2;200;200;200m[891/914][0;0m [38;2;200;200;200m [0;0m ⏺ Updating fingerprint tutorials/wireless -c Wireless05 for 20s [1;33mINSERT[0;0m 2f1a-8a13/~tNl
[38;2;200;200;200m[892/914][0;0m [38;2;200;200;200m [0;0m ⏺ Updating fingerprint tutorials/wireless -c Wireless04 for 20s [1;33mINSERT[0;0m 2f1a-8a13/~tNl
[38;2;200;200;200m[893/914][0;0m [38;2;200;200;200m [0;0m ⏺ Updating fingerprint showcases/wireless/ratecontrol -c NoRateControl for 25s [1;33mINSERT[0;0m d7d0-0af6/~tNl
[38;2;200;200;200m[894/914][0;0m [38;2;200;200;200m [0;0m ⏺ Updating fingerprint tutorials/wireless -c Wireless06 for 20s [1;33mINSERT[0;0m 16e7-a035/~tNl
[38;2;200;200;200m[895/914][0;0m [38;2;200;200;200m [0;0m ⏺ Updating fingerprint tutorials/wireless -c Wireless09 for 20s [1;33mINSERT[0;0m 218b-96fd/~tNl
[38;2;200;200;200m[896/914][0;0m [38;2;200;200;200m [0;0m ⏺ Updating fingerprint tutorials/rip -c Step9NoNetmaskRoutes for 1500s [1;33mINSERT[0;0m aedc-b388/~tNl
[38;2;200;200;200m[897/914][0;0m [38;2;200;200;200m [0;0m ⏺ Updating fingerprint tutorials/wireless -c Wireless07 for 20s [1;33mINSERT[0;0m 8827-8549/~tNl
[38;2;200;200;200m[898/914][0;0m [38;2;200;200;200m [0;0m ⏺ Updating fingerprint tutorials/wireless -c Wireless13 for 20s [1;33mINSERT[0;0m d16e-1a1a/~tNl
[38;2;200;200;200m[899/914][0;0m [38;2;200;200;200m [0;0m ⏺ Updating fingerprint tutorials/stp -c Step4 for 200s [1;33mINSERT[0;0m c3f0-5927/~tNl
[38;2;200;200;200m[900/914][0;0m [38;2;200;200;200m [0;0m ⏺ Updating fingerprint tutorials/wireless -c Wireless08 for 20s [1;33mINSERT[0;0m 8827-8549/~tNl
[38;2;200;200;200m[901/914][0;0m [38;2;200;200;200m [0;0m ⏺ Updating fingerprint tutorials/wireless -c Wireless11 for 20s [1;33mINSERT[0;0m 4341-9598/~tNl
[38;2;200;200;200m[902/914][0;0m [38;2;200;200;200m [0;0m ⏺ Updating fingerprint tutorials/wireless -c Wireless12 for 20s [1;33mINSERT[0;0m f032-99c9/~tNl
[38;2;200;200;200m[903/914][0;0m [38;2;200;200;200m [0;0m ⏺ Updating fingerprint tutorials/wireless -c Wireless10 for 20s [1;33mINSERT[0;0m 5ef0-3cf3/~tNl
[38;2;200;200;200m[904/914][0;0m [38;2;200;200;200m [0;0m ⏺ Updating fingerprint tutorials/wireless -c Wireless14 for 20s [1;33mINSERT[0;0m 3e4d-90c8/~tNl
[38;2;200;200;200m[905/914][0;0m [38;2;200;200;200m [0;0m ⏺ Updating fingerprint tutorials/rip -c Step9 for 1500s [1;33mINSERT[0;0m 5d2e-0b5a/~tNl
[38;2;200;200;200m[906/914][0;0m [38;2;200;200;200m [0;0m ⏺ Updating fingerprint showcases/tsn/streamfiltering/statistical -c StreamFiltering for 1s [1;33mINSERT[0;0m 8232-0a96/~tNl
[38;2;200;200;200m[907/914][0;0m [38;2;200;200;200m [0;0m ⏺ Updating fingerprint showcases/wireless/aggregation -c VoicePriorityAggregation for 10s [1;33mINSERT[0;0m 6f85-f41b/~tNl
[38;2;200;200;200m[908/914][0;0m [38;2;200;200;200m [0;0m ⏺ Updating fingerprint showcases/wireless/ratecontrol -c AarfRateControl for 25s [1;33mINSERT[0;0m 8a89-664a/~tNl
[38;2;200;200;200m[909/914][0;0m [38;2;200;200;200m [0;0m ⏺ Updating fingerprint examples/mpls/net37 for 500s [1;33mINSERT[0;0m f1e5-e2a8/~tNl
[38;2;200;200;200m[910/914][0;0m [38;2;200;200;200m [0;0m ⏺ Updating fingerprint tutorials/stp -c Step5 for 1000s [1;33mINSERT[0;0m 79b5-a97a/~tNl
[38;2;200;200;200m[911/914][0;0m [38;2;200;200;200m [0;0m ⏺ Updating fingerprint tutorials/stp -c Step7 for 1000s [1;33mINSERT[0;0m 913b-dad1/~tNl
[38;2;200;200;200m[912/914][0;0m [38;2;200;200;200m [0;0m ⏺ Updating fingerprint tutorials/stp -c Step8 for 1000s [1;33mINSERT[0;0m eed6-1c28/~tNl
[38;2;200;200;200m[913/914][0;0m [38;2;200;200;200m [0;0m ⏺ Updating fingerprint examples/ospfv2/fulltest for 1000s [1;33mINSERT[0;0m 2c69-b91d/~tNl
[38;2;200;200;200m[914/914][0;0m ◉ Updated update fingerprint (912 concurrent): 912 TOTAL, [0;32m86 KEEP[0;0m, [1;33m357 INSERT[1;33m (unexpected)[0;0m[0;0m, [1;33m405 UPDATE[1;33m (unexpected)[0;0m[0;0m, [1;31m64 ERROR[1;33m (unexpected)[0;0m[0;0m in 1:23.878
  examples/adhoc/hostautoconf for 60min [1;33mINSERT[0;0m 4eb7-0f77/~tNl
  examples/adhoc/qos -c Fragmentation for 5s [1;33mINSERT[0;0m 4d9c-8c71/~tNl
  examples/adhoc/qos -c MacNonQos for 5s [1;33mINSERT[0;0m 50e1-ed0a/~tNl
  examples/adhoc/qos -c MacQos for 5s [1;33mINSERT[0;0m 54d3-6c7a/~tNl
  examples/adhoc/qos -c MsduAggregation for 5s [1;33mINSERT[0;0m 1d72-34d0/~tNl
  examples/aodv -c StaticExternal for 50s [1;33mINSERT[0;0m 3ee7-66e5/~tNl
  examples/bgpv4/Bgp2RoutersInAS for 60s [1;33mINSERT[0;0m 9afb-78e9/~tNl
  examples/bgpv4/Bgp3Routers for 100s [1;33mINSERT[0;0m 9178-03a8/~tNl
  examples/bgpv4/BgpAndOspf for 60s [1;33mINSERT[0;0m d14d-b5b7/~tNl
  examples/bgpv4/BgpAndOspfSimple for 40s [1;33mINSERT[0;0m d805-fdf1/~tNl
  examples/bgpv4/BgpAndOspfv3 for 100s [1;33mINSERT[0;0m b210-1456/~tNl
  examples/bgpv4/BgpAndOspfv3 -c OspfOnly for 100s [1;33mINSERT[0;0m dbdf-6c81/~tNl
  examples/bgpv4/BgpCompleteTest for 200s [1;33mINSERT[0;0m b6f8-5491/~tNl
  examples/bgpv4/BgpDiamondFailover for 160s [1;33mINSERT[0;0m db7e-bcd0/~tNl
  examples/bgpv4/BgpDiamondFailover6 for 160s [1;33mINSERT[0;0m a1f4-4a2d/~tNl
  examples/bgpv4/BgpIpv6Basic for 30s [1;33mINSERT[0;0m 993f-d471/~tNl
  examples/bgpv4/BgpLifecycle for 900s [1;33mINSERT[0;0m 98ca-1e03/~tNl
  examples/bgpv4/BgpWithdrawal for 100s [1;33mINSERT[0;0m 7e2a-9941/~tNl
  examples/bgpv4/BgpWithdrawal -c Restart for 160s [1;33mINSERT[0;0m 1623-3d72/~tNl
  examples/bgpv4/BgpWithdrawal6 for 100s [1;33mINSERT[0;0m 82b9-4f9b/~tNl
  examples/bgpv4/BgpWithdrawal6 -c Restart for 160s [1;33mINSERT[0;0m 90cb-b734/~tNl
  examples/ethernet/TenBaseT1S -f latency.ini -c Latency for 100ms [1;33mINSERT[0;0m cd5e-accb/~tNl
  examples/ethernet/TenBaseT1S -f mixed.ini -c Mixed for 1ms [1;33mINSERT[0;0m d00c-328a/~tNl
  examples/ethernet/TenBaseT1S -f multidrop.ini -c Multidrop for 1ms [1;33mINSERT[0;0m a0f6-f6fa/~tNl
  examples/ethernet/TenBaseT1S -f notraffic.ini -c NoTraffic for 100us [1;33mINSERT[0;0m 0000-0000/~tNl
  examples/ethernet/TenBaseT1S -f paper.ini -c Paper for 1s [1;33mINSERT[0;0m 62a9-dccf/~tNl
  examples/ethernet/TenBaseT1S -f smoke.ini -c Smoke for 100ms [1;33mINSERT[0;0m 849a-bee0/~tNl
  examples/ethernet/TenBaseT1S -f throughput.ini -c Throughput for 1s [1;33mINSERT[0;0m d073-10fb/~tNl
  examples/ethernet/TenBaseT1S -f validation.ini -c CSMACD for 100ms [1;33mINSERT[0;0m 4e6b-b9ea/~tNl
  examples/ethernet/TenBaseT1S -f validation.ini -c HalfDuplex for 100ms [1;33mINSERT[0;0m 4e6b-b9ea/~tNl
  examples/ethernet/TenBaseT1S -f validation.ini -c PLCA for 100ms [1;33mINSERT[0;0m ca99-e8f2/~tNl
  examples/ethernet/lans -f bus.ini -c BusLAN for 120s [1;33mINSERT[0;0m 14b2-6147/~tNl
  examples/ethernet/lans -f duplexswitch.ini -c SwitchedDuplexLAN for 120s [1;33mINSERT[0;0m 5687-4333/~tNl
  examples/ethernet/lans -f hub.ini -c Hub1 for 10s [1;33mINSERT[0;0m 3ba2-6df9/~tNl
  examples/ethernet/lans -f hub.ini -c Hub3 for 10s [1;33mINSERT[0;0m 3ba2-6df9/~tNl
  examples/ethernet/lans -f mixed.ini -c MixedLAN for 120s [1;33mINSERT[0;0m 90de-f4c1/~tNl
  examples/ethernet/lans -c MixedLAN1 for 1200s [1;33mINSERT[0;0m 460f-2d28/~tNl
  examples/ethernet/lans -f twoHosts.ini -c TwoHosts1 for 120s [1;33mINSERT[0;0m 1388-20d1/~tNl
  examples/ethernet/simple for 10s [1;33mINSERT[0;0m 1295-3713/~tNl
  examples/gptp -c nosync1 for 10s [1;33mINSERT[0;0m c884-4ebd/~tNl
  examples/gptp -c nosync2 for 10s [1;33mINSERT[0;0m 9ba4-33b9/~tNl
  examples/gptp -c nosync3 for 10s [1;33mINSERT[0;0m e726-ea19/~tNl
  examples/gptp -c nosync4 for 10s [1;33mINSERT[0;0m c56b-b1ed/~tNl
  examples/gptp -c sync1 for 10s [1;33mINSERT[0;0m 331a-1831/~tNl
  examples/gptp -c sync2 for 10s [1;33mINSERT[0;0m ea98-3e95/~tNl
  examples/gptp -c sync3 for 10s [1;33mINSERT[0;0m ec35-ebc5/~tNl
  examples/gptp -c sync4 for 10s [1;33mINSERT[0;0m 6ada-d28b/~tNl
  examples/ieee8021d -c RSTP-LargeNet for 200s [1;33mINSERT[0;0m 25f1-aaeb/~tNl
  examples/ieee8021d -c RSTP-LinkReconnect for 200s [1;33mINSERT[0;0m 281b-222b/~tNl
  examples/ieee8021d -c RSTP-Switch1RootByMAC for 200s [1;33mINSERT[0;0m 5f4b-30d7/~tNl
  examples/ieee8021d -c RSTP-Switch3RootByPriority for 200s [1;33mINSERT[0;0m 3d4c-69fc/~tNl
  examples/ieee8021d -c RSTP-Switch7to4BySrcPriority for 200s [1;33mINSERT[0;0m 07fc-d045/~tNl
  examples/ieee8021d -c STP-LargeNet for 200s [1;33mINSERT[0;0m 173e-25eb/~tNl
  examples/ieee8021d -c STP-LinkReconnect for 200s [1;33mINSERT[0;0m fe2f-0d15/~tNl
  examples/ieee8021d -c STP-Switch1RootByMAC for 200s [1;33mINSERT[0;0m 4673-4520/~tNl
  examples/ieee8021d -c STP-Switch3RootByPriority for 200s [1;33mINSERT[0;0m ae4d-7a6f/~tNl
  examples/ieee8021d -c STP-Switch7to4BySrcPriority for 200s [1;33mINSERT[0;0m 3627-909d/~tNl
  examples/inet/ber -c ber-flavour-experiment for 60.0s [1;33mINSERT[0;0m 772d-9a52/~tNl
  examples/inet/ber -c ber-sack-experiment for 60.0s [1;33mINSERT[0;0m fe6c-ca09/~tNl
  examples/inet/ipsec -f ipv6.ini -c Multicast6 for 200s [1;33mINSERT[0;0m 5c44-f8d9/~tNl
  examples/inet/ipsec -f ipv6.ini -c TCPTraffic6 for 200s [1;33mINSERT[0;0m a339-c686/~tNl
  examples/inet/ipsec -f ipv6.ini -c UDPTraffic6 for 200s [1;33mINSERT[0;0m b5c8-b0d4/~tNl
  examples/inet/ipv4largenet -c IPv4LargeNet for 120s [1;33mINSERT[0;0m 9286-5dda/~tNl
  examples/inet/nclients -f basicHTTP.ini for 1d [1;33mINSERT[0;0m 96fb-3f43/~tNl
  examples/inet/nclients -c inet__inet for 3000s [1;33mINSERT[0;0m 24d2-b964/~tNl
  examples/inet/netperfmeter -c TraceFile-Sctp for 3600s 1ms [1;33mINSERT[0;0m d92e-ba19/~tNl
  examples/inet/netperfmeter -c TraceFile-Tcp for 3600s 1ms [1;33mINSERT[0;0m 47cb-ba60/~tNl
  examples/inet/netperfmeter -c TraceFile-Udp for 3600s 1ms [1;33mINSERT[0;0m cb07-27c4/~tNl
  examples/inet/tcp_pmtud -c PmtudDisabled for 300s [1;33mINSERT[0;0m 2371-04b2/~tNl
  examples/inet/tcp_pmtud -c PmtudEnabled for 300s [1;33mINSERT[0;0m 3be1-f5b3/~tNl
  examples/inet/tcp_pmtud -c PmtudProbe for 300s [1;33mINSERT[0;0m eda3-fe24/~tNl
  examples/inet/tcpthroughput -c Delay-01us for 100s [1;33mINSERT[0;0m 11b6-f903/~tNl
  examples/inet/tcpthroughput -c Delay-100ms for 100s [1;33mINSERT[0;0m 2330-6cf5/~tNl
  examples/inet/tcpthroughput -c Delay-100ms-advWin64K for 100s [1;33mINSERT[0;0m f984-c3cf/~tNl
  examples/inet/tcpthroughput -c Experiment for 240s [1;33mINSERT[0;0m 6df2-835f/~tNl
  examples/inet/tcpwindowscale -c WS_disabled for 600.0s [1;33mINSERT[0;0m b99d-9888/~tNl
  examples/inet/tcpwindowscale -c WS_enabled for 600.0s [1;33mINSERT[0;0m 9b8c-63ee/~tNl
  examples/ipv6/ipv6configurator -c CustomRA for 120s [1;33mINSERT[0;0m 1ddc-6562/~tNl
  examples/ipv6/ipv6configurator -c Default for 60s [1;33mINSERT[0;0m 46cc-31db/~tNl
  examples/ipv6/ipv6configurator -c Hierarchical for 60s [1;33mINSERT[0;0m 46cc-31db/~tNl
  examples/ipv6/ipv6configurator -c ManualRouters for 120s [1;33mINSERT[0;0m d9c6-a98b/~tNl
  examples/ipv6/mipv6 -c Handover for 70s [1;33mINSERT[0;0m b833-25b6/~tNl
  examples/ipv6/mipv6 -c RouteOptimizationTwoCNs for 60s [1;33mINSERT[0;0m e53a-7873/~tNl
  examples/ipv6/mipv6roaming -c Roaming for 70s [1;33mINSERT[0;0m 9db9-5bbb/~tNl
  examples/ipv6/mld for 30s [1;33mINSERT[0;0m 4307-8891/~tNl
  examples/ipv6/mld -c MldDemo for 30s [1;33mINSERT[0;0m 03dd-a4a3/~tNl
  examples/ipv6/mld -c MldV2Ssm for 30s [1;33mINSERT[0;0m 3bd1-499a/~tNl
  examples/ipv6/pmipv6 for 60s [1;33mINSERT[0;0m 9219-5174/~tNl
  examples/manetrouting/multiradio -c MultiRadio for 100s [1;33mINSERT[0;0m ee2a-f392/~tNl
  examples/manetrouting/multiradio -c SingleRadio for 100s [1;33mINSERT[0;0m 6938-a437/~tNl
  examples/mobility -c AnsimMobility for 1000s [1;33mINSERT[0;0m 0000-0000/~tNl
  examples/mobility -c AttachedMobility for 1000s [1;33mINSERT[0;0m 0000-0000/~tNl
  examples/mobility -c BonnMotionMobility1 for 1000s [1;33mINSERT[0;0m 0000-0000/~tNl
  examples/mobility -c BonnMotionMobility2 for 1000s [1;33mINSERT[0;0m 0000-0000/~tNl
  examples/mobility -c ChiangMobility for 1000s [1;33mINSERT[0;0m 0000-0000/~tNl
  examples/mobility -c CircleMobility1 for 1000s [1;33mINSERT[0;0m 0000-0000/~tNl
  examples/mobility -c CircleMobility2 for 1000s [1;33mINSERT[0;0m 0000-0000/~tNl
  examples/mobility -c GaussMarkovMobility for 1000s [1;33mINSERT[0;0m 0000-0000/~tNl
  examples/mobility -c LinearMobility01 for 1000s [1;33mINSERT[0;0m 0000-0000/~tNl
  examples/mobility -c LinearMobility1 for 1000s [1;33mINSERT[0;0m 0000-0000/~tNl
  examples/mobility -c LinearMobility10 for 1000s [1;33mINSERT[0;0m 0000-0000/~tNl
  examples/mobility -c LinearMobility100 for 1000s [1;33mINSERT[0;0m 0000-0000/~tNl
  examples/mobility -c LinearMobility1000 for 1000s [1;33mINSERT[0;0m 0000-0000/~tNl
  examples/mobility -c MassMobility for 1000s [1;33mINSERT[0;0m 0000-0000/~tNl
  examples/mobility -c MassMobilityWithScenario for 1000s [1;33mINSERT[0;0m 0000-0000/~tNl
  examples/mobility -c MoBANMobility1 for 1000s [1;33mINSERT[0;0m 0000-0000/~tNl
  examples/mobility -c MoBANMobility2 for 1000s [1;33mINSERT[0;0m 0000-0000/~tNl
  examples/mobility -c RandomWaypointMobility1 for 1000s [1;33mINSERT[0;0m 0000-0000/~tNl
  examples/mobility -c RandomWaypointMobility2 for 1000s [1;33mINSERT[0;0m 0000-0000/~tNl
  examples/mobility -c RectangleMobility for 1000s [1;33mINSERT[0;0m 0000-0000/~tNl
  examples/mobility -c SatelliteMobility for 48h [1;33mINSERT[0;0m 0000-0000/~tNl
  examples/mobility -c StaticGridMobility for 1000s [1;33mINSERT[0;0m 0000-0000/~tNl
  examples/mobility -c StationaryMobility for 1000s [1;33mINSERT[0;0m 0000-0000/~tNl
  examples/mobility -c SuperpositioningMobility for 1000s [1;33mINSERT[0;0m 0000-0000/~tNl
  examples/mobility -c TractorMobility for 1000s [1;33mINSERT[0;0m 0000-0000/~tNl
  examples/mobility -c TurtleMobility1 for 1000s [1;33mINSERT[0;0m 0000-0000/~tNl
  examples/mobility -c TurtleMobility2 for 1000s [1;33mINSERT[0;0m 0000-0000/~tNl
  examples/mobility -c TurtleMobility3 for 1000s [1;33mINSERT[0;0m 0000-0000/~tNl
  examples/mobility -c TurtleMobility4 for 1000s [1;33mINSERT[0;0m 0000-0000/~tNl
  examples/mobility -c TurtleMobility5 for 1000s [1;33mINSERT[0;0m 0000-0000/~tNl
  examples/mobility -c TurtleMobility6 for 1000s [1;33mINSERT[0;0m 0000-0000/~tNl
  examples/mobility -c VehicleMobility for 1000s [1;33mINSERT[0;0m 0000-0000/~tNl
  examples/mpls/ldp for 15s [1;33mINSERT[0;0m 6bb4-bb62/~tNl
  examples/mpls/net37 for 500s [1;33mINSERT[0;0m f1e5-e2a8/~tNl
  examples/mpls/testte_failure for 6s [1;33mINSERT[0;0m d844-3531/~tNl
  examples/mpls/testte_failure2 for 6s [1;33mINSERT[0;0m 1175-7853/~tNl
  examples/mpls/testte_reroute for 5s [1;33mINSERT[0;0m 75fb-3a92/~tNl
  examples/mpls/testte_routing for 5s [1;33mINSERT[0;0m 818a-5533/~tNl
  examples/mpls/testte_tunnel for 5s [1;33mINSERT[0;0m 0a74-ef6a/~tNl
  examples/mrp -c MediumNetworkBase for 3s [1;33mINSERT[0;0m 77ee-f9c9/~tNl
  examples/mrp -c MediumNetworkBaseWithTraffic for 3s [1;33mINSERT[0;0m 3c85-ff31/~tNl
  examples/mrp -c MediumNetworkRCWithTraffic for 3s [1;33mINSERT[0;0m 3c85-ff31/~tNl
  examples/mrp -c SmallNetworkBase for 3s [1;33mINSERT[0;0m 0000-0000/~tNl
  examples/mrp -c SmallNetworkBaseWithTraffic for 3s [1;33mINSERT[0;0m 1f4e-3218/~tNl
  examples/objectcache -c BvhObjectCache for 5s [1;33mINSERT[0;0m 6b9a-e644/~tNl
  examples/objectcache -c GridObjectCache for 5s [1;33mINSERT[0;0m 6b9a-e644/~tNl
  examples/objectcache -c WithoutCache for 5s [1;33mINSERT[0;0m 6b9a-e644/~tNl
  examples/ospfv2/areatests -c backbone for 1000s [1;33mINSERT[0;0m c28e-6eea/~tNl
  examples/ospfv2/areatests -c backboneandonestub for 1000s [1;33mINSERT[0;0m 041f-b40a/~tNl
  examples/ospfv2/areatests -c backboneandtwostubs for 1000s [1;33mINSERT[0;0m 02cf-ea65/~tNl
  examples/ospfv2/areatests -c mininet-A for 1000s [1;33mINSERT[0;0m 7352-e820/~tNl
  examples/ospfv2/areatests -c mininet-B for 1000s [1;33mINSERT[0;0m 236e-f1a5/~tNl
  examples/ospfv2/dynamictest -c dynamic1 for 600s [1;33mINSERT[0;0m 6d49-cb1c/~tNl
  examples/ospfv2/dynamictest -c dynamic2 for 600s [1;33mINSERT[0;0m ca87-3af2/~tNl
  examples/ospfv2/dynamictest -c static for 600s [1;33mINSERT[0;0m cc42-c999/~tNl
  examples/ospfv2/fulltest for 1000s [1;33mINSERT[0;0m 2c69-b91d/~tNl
  examples/pim/dm for 300s [1;33mINSERT[0;0m be53-537c/~tNl
  examples/pim/dm_ipv6 for 120s [1;33mINSERT[0;0m a905-8c91/~tNl
  examples/pim/sm -c Scenario1 for 100s [1;33mINSERT[0;0m 5bff-6b4e/~tNl
  examples/pim/sm -c Scenario2 for 150s [1;33mINSERT[0;0m 7960-2834/~tNl
  examples/pim/sm -c Scenario3 for 300s [1;33mINSERT[0;0m ea81-2e25/~tNl
  examples/pim/sm -c Scenario4 for 100s [1;33mINSERT[0;0m 7783-9089/~tNl
  examples/pim/sm_ipv6 for 120s [1;33mINSERT[0;0m 33eb-b1f4/~tNl
  examples/pim/ssm_ipv6 for 60s [1;33mINSERT[0;0m da55-3345/~tNl
  examples/quic/byte_order for 200s [1;33mINSERT[0;0m c55c-34c6/~tNl
  examples/rip/dynamictest -c dynamic1 for 600s [1;33mINSERT[0;0m 7a89-baf2/~tNl
  examples/rip/dynamictest -c dynamic2 for 600s [1;33mINSERT[0;0m f88b-76ef/~tNl
  examples/rip/dynamictest -c stable for 600s [1;33mINSERT[0;0m 77b1-03da/~tNl
  examples/rip/infinitycount for 80s [1;33mINSERT[0;0m bd53-d9f9/~tNl
  examples/rip/mixednetwork -c disconnect for 150s [1;33mINSERT[0;0m d2eb-b9c2/~tNl
  examples/rip/mixednetwork -c shutdown-restart for 280s [1;33mINSERT[0;0m 78aa-5e51/~tNl
  examples/rip/mixednetwork -c stable for 60s [1;33mINSERT[0;0m 5ae5-0f10/~tNl
  examples/rip/simpletest -c IPv4 for 600s [1;33mINSERT[0;0m a350-b74a/~tNl
  examples/rip/simpletest -c IPv6 for 600s [1;33mINSERT[0;0m 919e-5ecc/~tNl
  examples/rip/simpletest -c MultiIPv4 for 600s [1;33mINSERT[0;0m 2fc0-15bb/~tNl
  examples/wireless/antenna -c OrbitX for 1h [1;33mINSERT[0;0m 630a-9fcb/~tNl
  examples/wireless/antenna -c OrbitY for 1h [1;33mINSERT[0;0m 28fb-b757/~tNl
  examples/wireless/antenna -c OrbitZ for 1h [1;33mINSERT[0;0m a56f-5cdc/~tNl
  examples/wireless/antenna -c RotationX for 1h [1;33mINSERT[0;0m 65cf-a51a/~tNl
  examples/wireless/antenna -c RotationY for 1h [1;33mINSERT[0;0m 65cf-a51a/~tNl
  examples/wireless/antenna -c RotationZ for 1h [1;33mINSERT[0;0m 65cf-a51a/~tNl
  examples/wireless/combo -c ApskRadioWithDimensionalAnalogModel for 90s [1;33mINSERT[0;0m 863a-1062/~tNl
  examples/wireless/combo -c ApskRadioWithScalarAnalogModel for 90s [1;33mINSERT[0;0m 863a-1062/~tNl
  examples/wireless/combo -c ApskRadioWithUnitDiskAnalogModel for 90s [1;33mINSERT[0;0m 863a-1062/~tNl
  examples/wireless/combo -c GenericRadioWithDimensionalAnalogModel for 90s [1;33mINSERT[0;0m f8e0-d9b2/~tNl
  examples/wireless/combo -c GenericRadioWithScalarAnalogModel for 90s [1;33mINSERT[0;0m f8e0-d9b2/~tNl
  examples/wireless/combo -c GenericRadioWithUnitDiskAnalogModel for 90s [1;33mINSERT[0;0m f8e0-d9b2/~tNl
  examples/wireless/combo -c Ieee80211RadioWithDimensionalAnalogModel for 90s [1;33mINSERT[0;0m bf4e-073c/~tNl
  examples/wireless/combo -c Ieee80211RadioWithScalarAnalogModel for 90s [1;33mINSERT[0;0m bf4e-073c/~tNl
  examples/wireless/combo -c Ieee80211RadioWithUnitDiskAnalogModel for 90s [1;33mINSERT[0;0m bf4e-073c/~tNl
  examples/wireless/crosstalk for 0.1s [1;33mINSERT[0;0m e52a-cfdd/~tNl
  examples/wireless/errorrate for 10s [1;33mINSERT[0;0m f4d8-d422/~tNl
  examples/wireless/ieee80211levelofdetail -c Default for 1000s [1;33mINSERT[0;0m 4180-0891/~tNl
  examples/wireless/ieee80211levelofdetail -c Layered for 1000s [1;33mINSERT[0;0m 3b1c-4fb6/~tNl
  examples/wireless/layered80211 -c LayeredCompliant80211Ping for 5s [1;33mINSERT[0;0m 89da-5a75/~tNl
  examples/wireless/layered80211 -c LayeredNonCompliant80211Ping for 5s [1;33mINSERT[0;0m 297f-fd52/~tNl
  examples/wireless/scaling -c ScalarRadioMedium for 0.1s [1;33mINSERT[0;0m 056c-caee/~tNl
  examples/wireless/scaling -c UnitDiskRadioMedium for 0.1s [1;33mINSERT[0;0m ad39-df54/~tNl
  examples/wireless/wiredandwirelesshostswithap for 400s [1;33mINSERT[0;0m e1eb-5918/~tNl
  showcases/general/diffserv -c WithPolicing for 50s [1;33mINSERT[0;0m 9b2a-0985/~tNl
  showcases/general/diffserv -c WithQueueing for 50s [1;33mINSERT[0;0m ab02-c139/~tNl
  showcases/general/diffserv -c WithoutQoS for 50s [1;33mINSERT[0;0m ab02-c139/~tNl
  showcases/measurement/flow -c AnyLocation for 5s [1;33mINSERT[0;0m 0e7b-e54a/~tNl
  showcases/measurement/flow -c Basic for 5s [1;33mINSERT[0;0m ef9f-a2f5/~tNl
  showcases/measurement/jitter for 5s [1;33mINSERT[0;0m 73ae-42b5/~tNl
  showcases/measurement/queueingtime for 5s [1;33mINSERT[0;0m 068f-5f90/~tNl
  showcases/measurement/relationships for 1s [1;33mINSERT[0;0m 0000-0000/~tNl
  showcases/mobility/combining -c AntennaOrientation for 10000s [1;33mINSERT[0;0m 0000-0000/~tNl
  showcases/quic/linksharing for 50s [1;33mINSERT[0;0m ff8e-19c9/~tNl
  showcases/routing/aodvexternal for 50s [1;33mINSERT[0;0m 24ca-2a9f/~tNl
  showcases/tsn/combiningfeatures/frerandcs for 0.1s [1;33mINSERT[0;0m 5855-4251/~tNl
  showcases/tsn/combiningfeatures/frerandtas for 5s [1;33mINSERT[0;0m 5451-12c4/~tNl
  showcases/tsn/combiningfeatures/gptpandtas -f extras.ini -c Recovery for 4s [1;33mINSERT[0;0m 6818-e41d/~tNl
  showcases/tsn/combiningfeatures/gptpandtas -c Failover for 4s [1;33mINSERT[0;0m e263-1792/~tNl
  showcases/tsn/combiningfeatures/gptpandtas -c LinkFailure for 4s [1;33mINSERT[0;0m c7f8-49dd/~tNl
  showcases/tsn/combiningfeatures/gptpandtas -c NormalOperation for 4s [1;33mINSERT[0;0m d281-ee3b/~tNl
  showcases/tsn/combiningfeatures/invehicle -c AutomaticTsn for 10ms [1;33mINSERT[0;0m 8745-e84a/~tNl
  showcases/tsn/combiningfeatures/invehicle -c ManualTsn for 10ms [1;33mINSERT[0;0m 2a89-c840/~tNl
  showcases/tsn/framereplication/automaticfailureprotection -c FrameReplication for 0.1s [1;33mINSERT[0;0m aae3-caef/~tNl
  showcases/tsn/framereplication/automaticfailureprotection -c NoFrameReplication for 0.1s [1;33mINSERT[0;0m 7f65-3603/~tNl
  showcases/tsn/framereplication/multicastfailureprotection for 10ms [1;33mINSERT[0;0m 5d15-68e9/~tNl
  showcases/tsn/streamfiltering/statistical -c NoStreamFiltering for 1s [1;33mINSERT[0;0m 976a-be53/~tNl
  showcases/tsn/streamfiltering/statistical -c StreamFiltering for 1s [1;33mINSERT[0;0m 8232-0a96/~tNl
  showcases/tsn/streamfiltering/tokenbucket -c NoStreamFiltering for 1s [1;33mINSERT[0;0m dbde-eea4/~tNl
  showcases/tsn/streamfiltering/tokenbucket -c StreamFiltering for 1s [1;33mINSERT[0;0m 746b-f713/~tNl
  showcases/tsn/trafficshaping/asynchronousshaper for 10s [1;33mINSERT[0;0m 858c-c0a5/~tNl
  showcases/tsn/trafficshaping/cbsandats for 10s [1;33mINSERT[0;0m 8537-e97e/~tNl
  showcases/tsn/trafficshaping/cbsandtas for 10s [1;33mINSERT[0;0m 68d6-0ede/~tNl
  showcases/tsn/trafficshaping/creditbasedshaper for 10s [1;33mINSERT[0;0m 85fc-025b/~tNl
  showcases/tsn/trafficshaping/timeawareshaper -c NoTrafficShaping for 1s [1;33mINSERT[0;0m 5404-12a1/~tNl
  showcases/tsn/trafficshaping/timeawareshaper -c TimeAwareShaping for 1s [1;33mINSERT[0;0m 8527-ee1b/~tNl
  showcases/tsn/trafficshaping/underthehood for 10s [1;33mINSERT[0;0m 0000-0000/~tNl
  showcases/visualizer/canvas/radiomediumactivity -c DisplayingSignalsTransmissionsReceptions for 1000s [1;33mINSERT[0;0m 1bb1-2642/~tNl
  showcases/visualizer/canvas/radiomediumactivity -c InterferingSignals for 1000s [1;33mINSERT[0;0m 4432-9612/~tNl
  showcases/visualizer/canvas/radiomediumactivity -c MultipleNodes for 1000s [1;33mINSERT[0;0m aede-3ac4/~tNl
  showcases/wireless/aggregation -c Aggregation for 10s [1;33mINSERT[0;0m 6338-595d/~tNl
  showcases/wireless/aggregation -c NoAggregation for 10s [1;33mINSERT[0;0m 96a9-83b6/~tNl
  showcases/wireless/aggregation -c VoicePriorityAggregation for 10s [1;33mINSERT[0;0m 6f85-f41b/~tNl
  showcases/wireless/blockack for 1s [1;33mINSERT[0;0m 319a-fb59/~tNl
  showcases/wireless/errorrate for 500s [1;33mINSERT[0;0m ada5-f9c6/~tNl
  showcases/wireless/fragmentation -c DCFfrag for 10s [1;33mINSERT[0;0m 6e1f-2a72/~tNl
  showcases/wireless/fragmentation -c DCFnofrag for 10s [1;33mINSERT[0;0m 11c9-dabf/~tNl
  showcases/wireless/fragmentation -c HCFfrag for 10s [1;33mINSERT[0;0m 0f25-7088/~tNl
  showcases/wireless/fragmentation -c HCFfragblockack for 10s [1;33mINSERT[0;0m 370d-8d54/~tNl
  showcases/wireless/fragmentation -f parameterstudy.ini -c OnlyPacketSizeDCFfrag for 10s [1;33mINSERT[0;0m 783d-244e/~tNl
  showcases/wireless/fragmentation -f parameterstudy.ini -c OnlyPacketSizeDCFnofrag for 10s [1;33mINSERT[0;0m 783d-244e/~tNl
  showcases/wireless/fragmentation -f parameterstudy.ini -c OnlyPacketSizeHCFfrag for 10s [1;33mINSERT[0;0m 55aa-23b7/~tNl
  showcases/wireless/fragmentation -f parameterstudy.ini -c PacketSizeDCFfrag for 1s [1;33mINSERT[0;0m e2b2-4390/~tNl
  showcases/wireless/fragmentation -f parameterstudy.ini -c PacketSizeDCFnofrag for 1s [1;33mINSERT[0;0m 9664-a3b6/~tNl
  showcases/wireless/fragmentation -f parameterstudy.ini -c PacketSizeHCFfrag for 1s [1;33mINSERT[0;0m 51e3-8e8e/~tNl
  showcases/wireless/fragmentation -f parameterstudy.ini -c PacketSizeHCFfragblockack for 1s [1;33mINSERT[0;0m cd5c-3dc7/~tNl
  showcases/wireless/fragmentation -f parameterstudy.ini -c ThresholdDCFfrag for 10s [1;33mINSERT[0;0m 7582-4df3/~tNl
  showcases/wireless/fragmentation -f parameterstudy.ini -c ThresholdHCFfrag for 10s [1;33mINSERT[0;0m 2b20-b30e/~tNl
  showcases/wireless/fragmentation -f parameterstudy.ini -c ThresholdHCFfragblockack for 10s [1;33mINSERT[0;0m 8730-5d1d/~tNl
  showcases/wireless/fragmentation -f parameterstudy.ini -c TxPowerDCFfrag for 10s [1;33mINSERT[0;0m 06d7-ff11/~tNl
  showcases/wireless/fragmentation -f parameterstudy.ini -c TxPowerDCFnofrag for 10s [1;33mINSERT[0;0m 4859-14c9/~tNl
  showcases/wireless/fragmentation -f parameterstudy.ini -c TxPowerHCFfrag for 10s [1;33mINSERT[0;0m 29f3-ff97/~tNl
  showcases/wireless/fragmentation -f parameterstudy.ini -c TxPowerHCFfragblockack for 10s [1;33mINSERT[0;0m ca0b-f3a5/~tNl
  showcases/wireless/pathloss for 9.14ms [1;33mINSERT[0;0m e8eb-dd26/~tNl
  showcases/wireless/ratecontrol -c AarfRateControl for 25s [1;33mINSERT[0;0m 8a89-664a/~tNl
  showcases/wireless/ratecontrol -c NoRateControl for 25s [1;33mINSERT[0;0m d7d0-0af6/~tNl
  showcases/wireless/sensornetwork -c StatisticBMac for 25s [1;33mINSERT[0;0m ef81-a581/~tNl
  showcases/wireless/sensornetwork -c StatisticXMac for 25s [1;33mINSERT[0;0m 7b0b-141b/~tNl
  tests/fingerprint -f ethernet-nonstandardspeed.ini for 5s [1;33mINSERT[0;0m 24d6-2c0a/~tNl
  tests/fingerprint -f ethernet-twohosts.ini for 1000s [1;33mINSERT[0;0m 4da2-7f3c/~tNl
  tests/validation/tsn/framereplication for 0.1s [1;33mINSERT[0;0m 5686-7806/~tNl
  tests/validation/tsn/trafficshaping/asynchronousshaper/core4inet for 1s [1;33mINSERT[0;0m 7ce4-3945/~tNl
  tests/validation/tsn/trafficshaping/asynchronousshaper/icct for 0.1s [1;33mINSERT[0;0m 68c7-51c6/~tNl
  tests/validation/tsn/trafficshaping/creditbasedshaper for 1s [1;33mINSERT[0;0m a707-c605/~tNl
  tutorials/bgp -c Step1 for 1000s [1;33mINSERT[0;0m da1f-5943/~tNl
  tutorials/bgp -c Step10 for 1000s [1;33mINSERT[0;0m fbbe-6aa2/~tNl
  tutorials/bgp -c Step11 for 1000s [1;33mINSERT[0;0m c029-008a/~tNl
  tutorials/bgp -c Step2 for 1000s [1;33mINSERT[0;0m 86ac-8616/~tNl
  tutorials/bgp -c Step3 for 1000s [1;33mINSERT[0;0m e85f-54eb/~tNl
  tutorials/bgp -c Step4 for 1000s [1;33mINSERT[0;0m 4c17-8e40/~tNl
  tutorials/bgp -c Step4a for 1000s [1;33mINSERT[0;0m fc77-4ce8/~tNl
  tutorials/bgp -c Step5 for 1000s [1;33mINSERT[0;0m 8bd2-136d/~tNl
  tutorials/bgp -c Step5a for 1000s [1;33mINSERT[0;0m 7b2e-917a/~tNl
  tutorials/bgp -c Step5b for 1000s [1;33mINSERT[0;0m 3e6e-5b40/~tNl
  tutorials/bgp -c Step6 for 1000s [1;33mINSERT[0;0m 7d78-4ff9/~tNl
  tutorials/bgp -c Step7 for 1000s [1;33mINSERT[0;0m 29e9-c655/~tNl
  tutorials/bgp -c Step8 for 1000s [1;33mINSERT[0;0m e318-4a78/~tNl
  tutorials/bgp -c Step9 for 1000s [1;33mINSERT[0;0m c44e-0c2d/~tNl
  tutorials/fingerprint -c Ethernet for 0.2s [1;33mINSERT[0;0m cd01-676b/~tNl
  tutorials/fingerprint -c EthernetShortPacket for 0.2s [1;33mINSERT[0;0m ebc4-9761/~tNl
  tutorials/fingerprint -c Wifi for 5s [1;33mINSERT[0;0m 8bb4-8e46/~tNl
  tutorials/fingerprint -c WifiShortPacket for 5s [1;33mINSERT[0;0m 0870-a291/~tNl
  tutorials/ospf -c Step1 for 1000s [1;33mINSERT[0;0m c9f6-fec9/~tNl
  tutorials/ospf -c Step10 for 1000s [1;33mINSERT[0;0m e3a4-272a/~tNl
  tutorials/ospf -c Step10a for 1000s [1;33mINSERT[0;0m 5fd5-acd0/~tNl
  tutorials/ospf -c Step10b for 1000s [1;33mINSERT[0;0m 6ba2-9280/~tNl
  tutorials/ospf -c Step10d for 1000s [1;33mINSERT[0;0m 5292-1599/~tNl
  tutorials/ospf -c Step11 for 1000s [1;33mINSERT[0;0m a9f3-f204/~tNl
  tutorials/ospf -c Step12 for 1000s [1;33mINSERT[0;0m 7caf-90f6/~tNl
  tutorials/ospf -c Step13 for 1000s [1;33mINSERT[0;0m a6c7-6369/~tNl
  tutorials/ospf -c Step14 for 1000s [1;33mINSERT[0;0m 15c0-acbd/~tNl
  tutorials/ospf -c Step15 for 1000s [1;33mINSERT[0;0m b583-ecbf/~tNl
  tutorials/ospf -c Step16 for 1000s [1;33mINSERT[0;0m 26d9-c6c0/~tNl
  tutorials/ospf -c Step17 for 1000s [1;33mINSERT[0;0m 6cfc-65ed/~tNl
  tutorials/ospf -c Step17a for 1000s [1;33mINSERT[0;0m 4daa-becd/~tNl
  tutorials/ospf -c Step17b for 1000s [1;33mINSERT[0;0m cdac-474d/~tNl
  tutorials/ospf -c Step18 for 1000s [1;33mINSERT[0;0m 71f1-03b1/~tNl
  tutorials/ospf -c Step18a for 1000s [1;33mINSERT[0;0m 8441-3bd6/~tNl
  tutorials/ospf -c Step18b for 1000s [1;33mINSERT[0;0m 71f1-03b1/~tNl
  tutorials/ospf -c Step18c for 1000s [1;33mINSERT[0;0m 15db-13cf/~tNl
  tutorials/ospf -c Step18d for 1000s [1;33mINSERT[0;0m 1379-250b/~tNl
  tutorials/ospf -c Step18e for 1000s [1;33mINSERT[0;0m a9fb-9bd4/~tNl
  tutorials/ospf -c Step19 for 1000s [1;33mINSERT[0;0m 15fd-fe60/~tNl
  tutorials/ospf -c Step2 for 1000s [1;33mINSERT[0;0m 01de-2c31/~tNl
  tutorials/ospf -c Step20 for 1000s [1;33mINSERT[0;0m 8237-45d0/~tNl
  tutorials/ospf -c Step21 for 1000s [1;33mINSERT[0;0m 67f0-6670/~tNl
  tutorials/ospf -c Step22 for 1000s [1;33mINSERT[0;0m 8100-360f/~tNl
  tutorials/ospf -c Step23 for 1000s [1;33mINSERT[0;0m adfd-daf7/~tNl
  tutorials/ospf -c Step24 for 1000s [1;33mINSERT[0;0m 7bb0-8b67/~tNl
  tutorials/ospf -c Step25 for 1000s [1;33mINSERT[0;0m c9f6-fec9/~tNl
  tutorials/ospf -c Step2a for 1000s [1;33mINSERT[0;0m 23a7-90a2/~tNl
  tutorials/ospf -c Step3 for 1000s [1;33mINSERT[0;0m eeac-b534/~tNl
  tutorials/ospf -c Step4 for 1000s [1;33mINSERT[0;0m 2a3b-b225/~tNl
  tutorials/ospf -c Step4a for 1000s [1;33mINSERT[0;0m b2cf-8245/~tNl
  tutorials/ospf -c Step5 for 1000s [1;33mINSERT[0;0m 5a61-a3d1/~tNl
  tutorials/ospf -c Step5a for 1000s [1;33mINSERT[0;0m 89b6-b6ae/~tNl
  tutorials/ospf -c Step6 for 1000s [1;33mINSERT[0;0m 5cef-98f0/~tNl
  tutorials/ospf -c Step7 for 1000s [1;33mINSERT[0;0m d0ba-5317/~tNl
  tutorials/ospf -c Step8 for 1000s [1;33mINSERT[0;0m e02b-1464/~tNl
  tutorials/ospf -c Step9 for 1000s [1;33mINSERT[0;0m 92a0-2b96/~tNl
  tutorials/queueing -c InputQueueSwitching for 1000s [1;33mINSERT[0;0m 0000-0000/~tNl
  tutorials/queueing -c OutputQueueSwitching for 1000s [1;33mINSERT[0;0m 0000-0000/~tNl
  tutorials/rip -c Step1 for 100s [1;33mINSERT[0;0m 0b18-6326/~tNl
  tutorials/rip -c Step10 for 100s [1;33mINSERT[0;0m fb14-e9aa/~tNl
  tutorials/rip -c Step2 for 100s [1;33mINSERT[0;0m a81d-9273/~tNl
  tutorials/rip -c Step3 for 200s [1;33mINSERT[0;0m 44e6-a179/~tNl
  tutorials/rip -c Step4A for 1000s [1;33mINSERT[0;0m a822-fa28/~tNl
  tutorials/rip -c Step4B for 1000s [1;33mINSERT[0;0m 0ca0-1855/~tNl
  tutorials/rip -c Step4C for 1000s [1;33mINSERT[0;0m 3d90-78ba/~tNl
  tutorials/rip -c Step5 for 200s [1;33mINSERT[0;0m 7691-e33d/~tNl
  tutorials/rip -c Step6 for 500s [1;33mINSERT[0;0m e027-50b8/~tNl
  tutorials/rip -c Step6DifferentTimings for 200s [1;33mINSERT[0;0m 8dc2-ce6a/~tNl
  tutorials/rip -c Step6Solution1 for 200s [1;33mINSERT[0;0m 598f-5b7f/~tNl
  tutorials/rip -c Step6Solution2 for 200s [1;33mINSERT[0;0m b775-72f1/~tNl
  tutorials/rip -c Step7 for 500s [1;33mINSERT[0;0m 8738-0648/~tNl
  tutorials/rip -c Step7SplitHorizon for 500s [1;33mINSERT[0;0m 86d3-c2d5/~tNl
  tutorials/rip -c Step7TriggeredUpdates for 200s [1;33mINSERT[0;0m 4a11-3643/~tNl
  tutorials/rip -c Step8 for 500s [1;33mINSERT[0;0m 8738-0648/~tNl
  tutorials/rip -c Step9 for 1500s [1;33mINSERT[0;0m 5d2e-0b5a/~tNl
  tutorials/rip -c Step9NoNetmaskRoutes for 1500s [1;33mINSERT[0;0m aedc-b388/~tNl
  tutorials/stp -c Step1 for 20s [1;33mINSERT[0;0m 596d-044f/~tNl
  tutorials/stp -c Step2 for 100s [1;33mINSERT[0;0m 3d91-3e8f/~tNl
  tutorials/stp -c Step3 for 100s [1;33mINSERT[0;0m aa04-fbb0/~tNl
  tutorials/stp -c Step4 for 200s [1;33mINSERT[0;0m c3f0-5927/~tNl
  tutorials/stp -c Step5 for 1000s [1;33mINSERT[0;0m 79b5-a97a/~tNl
  tutorials/stp -c Step6 for 30s [1;33mINSERT[0;0m 8188-0305/~tNl
  tutorials/stp -c Step7 for 1000s [1;33mINSERT[0;0m 913b-dad1/~tNl
  tutorials/stp -c Step8 for 1000s [1;33mINSERT[0;0m eed6-1c28/~tNl
  tutorials/wireless -c Wireless01 for 20s [1;33mINSERT[0;0m 82ef-204b/~tNl
  tutorials/wireless -c Wireless02 for 20s [1;33mINSERT[0;0m 82ef-204b/~tNl
  tutorials/wireless -c Wireless03 for 20s [1;33mINSERT[0;0m f448-d134/~tNl
  tutorials/wireless -c Wireless04 for 20s [1;33mINSERT[0;0m 2f1a-8a13/~tNl
  tutorials/wireless -c Wireless05 for 20s [1;33mINSERT[0;0m 2f1a-8a13/~tNl
  tutorials/wireless -c Wireless06 for 20s [1;33mINSERT[0;0m 16e7-a035/~tNl
  tutorials/wireless -c Wireless07 for 20s [1;33mINSERT[0;0m 8827-8549/~tNl
  tutorials/wireless -c Wireless08 for 20s [1;33mINSERT[0;0m 8827-8549/~tNl
  tutorials/wireless -c Wireless09 for 20s [1;33mINSERT[0;0m 218b-96fd/~tNl
  tutorials/wireless -c Wireless10 for 20s [1;33mINSERT[0;0m 5ef0-3cf3/~tNl
  tutorials/wireless -c Wireless11 for 20s [1;33mINSERT[0;0m 4341-9598/~tNl
  tutorials/wireless -c Wireless12 for 20s [1;33mINSERT[0;0m f032-99c9/~tNl
  tutorials/wireless -c Wireless13 for 20s [1;33mINSERT[0;0m d16e-1a1a/~tNl
  tutorials/wireless -c Wireless14 for 20s [1;33mINSERT[0;0m 3e4d-90c8/~tNl
  examples/adhoc/idealwireless -c Ping1 for 100s [1;33mUPDATE[0;0m c19a-98e8/~tNl
  examples/adhoc/ieee80211 -c Ping1 for 1000s [1;33mUPDATE[0;0m 98d8-2d92/~tNl
  examples/aodv -c Dynamic for 60s [1;33mUPDATE[0;0m 4782-645d/~tNl
  examples/aodv -c IPv4FastMobility for 50s [1;33mUPDATE[0;0m 29d5-9933/~tNl
  examples/aodv -c IPv4ModerateFastMobility for 50s [1;33mUPDATE[0;0m ec37-eccf/~tNl
  examples/aodv -c IPv4SlowMobility for 50s [1;33mUPDATE[0;0m e343-db9a/~tNl
  examples/aodv -c MoreDynamic for 100s [1;33mUPDATE[0;0m f497-e8c8/~tNl
  examples/aodv -c ShortestPath for 100s [1;33mUPDATE[0;0m 031f-77ce/~tNl
  examples/aodv -c SimpleLifecycle for 100s [1;33mUPDATE[0;0m 2a01-4d6b/~tNl
  examples/aodv -c SimpleRREQ for 100s [1;33mUPDATE[0;0m 7e45-0a03/~tNl
  examples/aodv -c SimpleRREQ2 for 100s [1;33mUPDATE[0;0m 36d4-9374/~tNl
  examples/aodv -c Static for 50s [1;33mUPDATE[0;0m 51f5-fe13/~tNl
  examples/bgpv4/BgpOpen for 62s [1;33mUPDATE[0;0m 74ae-1ab8/~tNl
  examples/bgpv4/BgpUpdate for 30s [1;33mUPDATE[0;0m 763f-67ce/~tNl
  examples/communicationcache -c MapCommunicationCache for 10s [1;33mUPDATE[0;0m 75d6-a221/~tNl
  examples/communicationcache -c ReferenceCommunicationCache for 10s [1;33mUPDATE[0;0m 75d6-a221/~tNl
  examples/communicationcache -c VectorCommunicationCache for 10s [1;33mUPDATE[0;0m 75d6-a221/~tNl
  examples/dhcp -c RebootingDHCP for 500s [1;33mUPDATE[0;0m 757d-df25/~tNl
  examples/dhcp -c WiredDHCP for 5000s [1;33mUPDATE[0;0m 4692-345b/~tNl
  examples/dhcp -c Wireless2DHCP for 500s [1;33mUPDATE[0;0m ed78-dcf8/~tNl
  examples/dhcp -c WirelessDHCP for 500s [1;33mUPDATE[0;0m 832b-ff2d/~tNl
  examples/diffserv/onedomain -c Exp11 for 10s [1;33mUPDATE[0;0m b933-f04c/~tNl
  examples/diffserv/onedomain -c Exp12 for 10s [1;33mUPDATE[0;0m 15ee-9819/~tNl
  examples/diffserv/onedomain -c Exp13 for 10s [1;33mUPDATE[0;0m 5d54-3786/~tNl
  examples/diffserv/onedomain -c Exp14 for 10s [1;33mUPDATE[0;0m f16f-468d/~tNl
  examples/diffserv/onedomain -c Exp15 for 10s [1;33mUPDATE[0;0m 40de-8b1f/~tNl
  examples/diffserv/onedomain -c Exp16 for 10s [1;33mUPDATE[0;0m 4d22-0d66/~tNl
  examples/diffserv/onedomain -c Exp17 for 10s [1;33mUPDATE[0;0m 4729-f552/~tNl
  examples/diffserv/onedomain -c Exp21 for 10s [1;33mUPDATE[0;0m 8a6c-d636/~tNl
  examples/diffserv/onedomain -c Exp22 for 10s [1;33mUPDATE[0;0m 8a6c-d636/~tNl
  examples/diffserv/onedomain -c Exp23 for 10s [1;33mUPDATE[0;0m 8a6c-d636/~tNl
  examples/diffserv/onedomain -c Exp24 for 10s [1;33mUPDATE[0;0m 8a6c-d636/~tNl
  examples/diffserv/onedomain -c Exp31 for 10s [1;33mUPDATE[0;0m 8d22-4226/~tNl
  examples/diffserv/onedomain -c Exp32 for 10s [1;33mUPDATE[0;0m f27a-4491/~tNl
  examples/diffserv/onedomain -c Exp33 for 10s [1;33mUPDATE[0;0m f27a-4491/~tNl
  examples/diffserv/onedomain -c Exp51 for 10s [1;33mUPDATE[0;0m 5b19-1733/~tNl
  examples/diffserv/onedomain -c Exp52 for 10s [1;33mUPDATE[0;0m 4729-f552/~tNl
  examples/eigrp/basic -c EIGRP_no_load_balanc for 3min [1;33mUPDATE[0;0m 324c-e5da/~tNl
  examples/eigrp/basic -c EIGRP_no_split_horizon for 3min [1;33mUPDATE[0;0m e273-282a/~tNl
  examples/eigrp/basic -c EIGRP_passive_interface for 3min [1;33mUPDATE[0;0m 4a4a-e62a/~tNl
  examples/eigrp/basic -c EIGRP_unequal_cost_lb for 3min [1;33mUPDATE[0;0m 81e8-2b87/~tNl
  examples/eigrp/basic -c Scenario1 for 3min [1;33mUPDATE[0;0m 26a6-242a/~tNl
  examples/eigrp/basic -c Scenario2 for 3min [1;33mUPDATE[0;0m 570b-2e0a/~tNl
  examples/eigrp/snake for 3min [1;33mUPDATE[0;0m 4792-33d0/~tNl
  examples/eigrp/square_stub for 3min [1;33mUPDATE[0;0m faab-1658/~tNl
  examples/eigrp/square_stub_mesh for 3min [1;33mUPDATE[0;0m f16e-74e0/~tNl
  examples/eigrp/testing_scenario for 3min [1;33mUPDATE[0;0m cdb7-02fe/~tNl
  examples/eigrp/testing_scenario6 -c EIGRP-IPv6_exp1_bandwidth-change for 3min [1;33mUPDATE[0;0m d165-a1f8/~tNl
  examples/eigrp/testing_scenario6 -c EIGRP-IPv6_exp1_bandwidth-change_global-addr for 3min [1;33mUPDATE[0;0m 8cc8-51ae/~tNl
  examples/eigrp/testing_scenario6 -c EIGRP-IPv6_exp2_interface-down for 3min [1;33mUPDATE[0;0m 12d4-df4d/~tNl
  examples/eigrp/testing_scenario6 -c EIGRP-IPv6_exp2_interface-down_global-addr for 3min [1;33mUPDATE[0;0m 9d97-b67c/~tNl
  examples/eigrp/testing_scenario_ds -c EIGRP-IPv6_exp1_datarate-change for 3min [1;33mUPDATE[0;0m 1e35-d518/~tNl
  examples/eigrp/testing_scenario_ds -c EIGRP-IPv6_exp1_datarate-change_global-addr for 3min [1;33mUPDATE[0;0m 8e68-08b3/~tNl
  examples/eigrp/testing_scenario_ds -c EIGRP-IPv6_exp2_interface-down for 3min [1;33mUPDATE[0;0m 3cda-fb35/~tNl
  examples/eigrp/testing_scenario_ds -c EIGRP-IPv6_exp2_interface-down_global-addr for 3min [1;33mUPDATE[0;0m 7e51-2c6e/~tNl
  examples/eigrp/two_node for 3min [1;33mUPDATE[0;0m 8db7-b9ea/~tNl
  examples/eigrp/two_node6 for 3min [1;33mUPDATE[0;0m a941-f312/~tNl
  examples/ethernet/TenBaseT1S -f bestcase.ini -c BestCase for 1ms [1;33mUPDATE[0;0m 0be6-0730/~tNl
  examples/ethernet/TenBaseT1S -f worstcase.ini -c WorstCase for 1ms [1;33mUPDATE[0;0m c2e7-5001/~tNl
  examples/ethernet/arptest -c ARPTest for 500s [1;33mUPDATE[0;0m da26-84f2/~tNl
  examples/ethernet/arptest2 -c ARPTest for 500s [1;33mUPDATE[0;0m d859-827c/~tNl
  examples/ethernet/lans -f hub.ini -c Hub2 for 10s [1;33mUPDATE[0;0m 034b-6108/~tNl
  examples/ethernet/lans -f largeNet.ini -c LargeNet for 5s [1;33mUPDATE[0;0m 0bde-1d42/~tNl
  examples/ethernet/lans -f switch.ini -c SwitchedLAN1 for 1000s [1;33mUPDATE[0;0m 43ab-7a02/~tNl
  examples/ethernet/lans -f switch.ini -c SwitchedLanPreconf for 1000s [1;33mUPDATE[0;0m 4f17-b901/~tNl
  examples/ethernet/vlan -c Asymmetric for 10ms [1;33mUPDATE[0;0m 66d5-7205/~tNl
  examples/ethernet/vlan -c BetweenHosts for 10ms [1;33mUPDATE[0;0m 8552-2b93/~tNl
  examples/ethernet/vlan -c BetweenSwitches for 10ms [1;33mUPDATE[0;0m 75b3-6494/~tNl
  examples/ethernet/vlan -c DoubleTagged for 10ms [1;33mUPDATE[0;0m 13bd-b0c7/~tNl
  examples/ethernet/vlan -c NoVlan for 10ms [1;33mUPDATE[0;0m 515e-7f0e/~tNl
  examples/ethernet/vlan -c VirtualInterface for 10ms [1;33mUPDATE[0;0m 8552-2b93/~tNl
  examples/geometry for 100s [1;33mUPDATE[0;0m 72c3-bb5d/~tNl
  examples/ieee8021as -c Network for 200s [1;33mUPDATE[0;0m 5d51-beba/~tNl
  examples/ieee8021as -c Network_daisy_chain for 200s [1;33mUPDATE[0;0m bc33-dfae/~tNl
  examples/ieee8021as -c Network_with_cross_traffic for 200s [1;33mUPDATE[0;0m be9d-f341/~tNl
  examples/inet/broadcast for 20s [1;33mUPDATE[0;0m b311-e7c4/~tNl
  examples/inet/bulktransfer -c inet__inet for 50s [1;33mUPDATE[0;0m c359-b773/~tNl
  examples/inet/bulktransfer -c inet_inet_2a for 50s [1;33mUPDATE[0;0m 38f1-dcde/~tNl
  examples/inet/bulktransfer -c inet_inet_2b for 50s [1;33mUPDATE[0;0m 7722-f81b/~tNl
  examples/inet/configurator -c Default for 10s [1;33mUPDATE[0;0m a847-ca43/~tNl
  examples/inet/configurator -c DisableDestinationInterfaces for 10s [1;33mUPDATE[0;0m 1743-ad63/~tNl
  examples/inet/configurator -c DisableLink for 10s [1;33mUPDATE[0;0m 9f6f-ef47/~tNl
  examples/inet/configurator -c DisableNode for 10s [1;33mUPDATE[0;0m acf4-0e4d/~tNl
  examples/inet/configurator -c DisableSourceHost for 10s [1;33mUPDATE[0;0m 9d93-8349/~tNl
  examples/inet/dctcp -c DcTcpIncast for 100s [1;33mUPDATE[0;0m 08b4-9269/~tNl
  examples/inet/dctcp -c TcpRenoIncast for 100s [1;33mUPDATE[0;0m d7f1-b145/~tNl
  examples/inet/flatnet for 200s [1;33mUPDATE[0;0m 973b-1ad7/~tNl
  examples/inet/hierarchical -c Hosts1 for 10000s [1;33mUPDATE[0;0m e095-b3aa/~tNl
  examples/inet/hierarchical -c Hosts1280 for 1s [1;33mUPDATE[0;0m 467e-f0ea/~tNl
  examples/inet/hierarchical -c Hosts16 for 10000s [1;33mUPDATE[0;0m 50e5-fa48/~tNl
  examples/inet/hierarchical -c Hosts256 for 20s [1;33mUPDATE[0;0m ec15-38aa/~tNl
  examples/inet/hierarchical99 -f networklayer.ini -c AdaptiveProbabilisticBroadcast for 10000s [1;33mUPDATE[0;0m db49-4901/~tNl
  examples/inet/hierarchical99 -f networklayer.ini -c Flooding for 10000s [1;33mUPDATE[0;0m ea2a-c3c4/~tNl
  examples/inet/hierarchical99 -f networklayer.ini -c Generic for 10000s [1;33mUPDATE[0;0m 984c-c085/~tNl
  examples/inet/hierarchical99 -f networklayer.ini -c IPv4 for 10000s [1;33mUPDATE[0;0m e9ad-bc8c/~tNl
  examples/inet/hierarchical99 -f networklayer.ini -c IPv6 for 10000s [1;33mUPDATE[0;0m 1bea-ac42/~tNl
  examples/inet/hierarchical99 -f networklayer.ini -c ProbabilisticBroadcast for 10000s [1;33mUPDATE[0;0m 65af-efda/~tNl
  examples/inet/hierarchical99 -f networklayer.ini -c WiseRoute for 10000s [1;33mUPDATE[0;0m 5465-a0d0/~tNl
  examples/inet/igmp -c IGMPv2 for 200s [1;33mUPDATE[0;0m f243-0d99/~tNl
  examples/inet/igmp -c IGMPv3 for 200s [1;33mUPDATE[0;0m cf9e-bae3/~tNl
  examples/inet/ipsec -c Multicast for 200s [1;33mUPDATE[0;0m 6b87-9d87/~tNl
  examples/inet/ipsec -c TCPTraffic for 200s [1;33mUPDATE[0;0m 5384-429c/~tNl
  examples/inet/ipsec -c UDPTraffic for 200s [1;33mUPDATE[0;0m 3ad9-26c3/~tNl
  examples/inet/kidsnw1 for 1000s [1;33mUPDATE[0;0m 487e-c12b/~tNl
  examples/inet/multicast for 2000s [1;33mUPDATE[0;0m eed8-3d7c/~tNl
  examples/inet/nclients -f filetransfer.ini -c Filetransfer for 50s [1;33mUPDATE[0;0m c5d2-c3cf/~tNl
  examples/inet/nclients -f nclients2.ini for 50s [1;33mUPDATE[0;0m 2b22-d6e9/~tNl
  examples/inet/nclients -f omnetpp-ping.ini -c Ping for 10s [1;33mUPDATE[0;0m fa3f-4243/~tNl
  examples/inet/nclients for 3000s [1;33mUPDATE[0;0m 24d2-b964/~tNl
  examples/inet/nclients -f video.ini -c Video for 50s [1;33mUPDATE[0;0m 3cd6-d551/~tNl
  examples/inet/netperfmeter -c SCTP-with-OLIA for 30s [1;33mUPDATE[0;0m bc3d-c4ed/~tNl
  examples/inet/pcaprecorder for 5000s [1;33mUPDATE[0;0m 7cf3-0748/~tNl
  examples/inet/redmarker -c TcpSender1 for 100s [1;33mUPDATE[0;0m d388-1d64/~tNl
  examples/inet/routerperf for 100s [1;33mUPDATE[0;0m 47fb-ca13/~tNl
  examples/inet/shutdownrestart -c Ping for 100s [1;33mUPDATE[0;0m 5b53-168d/~tNl
  examples/inet/shutdownrestart -c TCP for 100s [1;33mUPDATE[0;0m aa1c-0164/~tNl
  examples/inet/shutdownrestart -c UDP_Basic_Echo for 100s [1;33mUPDATE[0;0m d4f3-2002/~tNl
  examples/inet/shutdownrestart -c UDP_Burst_Sink for 100s [1;33mUPDATE[0;0m 224d-90a5/~tNl
  examples/inet/shutdownrestart -c UDP_VideoStream for 100s [1;33mUPDATE[0;0m af8e-4c54/~tNl
  examples/inet/tcp_eth_reconnect -c with_EtherMACFullDuplex for 10s [1;33mUPDATE[0;0m ea62-c51e/~tNl
  examples/inet/tcp_eth_reconnect -c with_EtherMAC_fullduplex for 10s [1;33mUPDATE[0;0m d5f8-89fd/~tNl
  examples/inet/tcp_eth_reconnect -c with_EtherMAC_halfduplex for 10s [1;33mUPDATE[0;0m c1f2-e962/~tNl
  examples/inet/tcp_ppp_reconnect for 10s [1;33mUPDATE[0;0m a186-e7ec/~tNl
  examples/inet/tcpapp -c BurstyTraffic for 100s [1;33mUPDATE[0;0m f841-bb9f/~tNl
  examples/inet/tcpapp -c RequestResponseTraffic for 100s [1;33mUPDATE[0;0m 6616-712a/~tNl
  examples/inet/tcpclientserver -c default_tcp for 100s [1;33mUPDATE[0;0m 9860-cce2/~tNl
  examples/inet/tcpclientserver -c inet-dumb for 500s [1;33mUPDATE[0;0m a943-87c0/~tNl
  examples/inet/tcpclientserver -c inet-newreno for 500s [1;33mUPDATE[0;0m 5bec-7bfe/~tNl
  examples/inet/tcpclientserver -c inet-nocongestioncontrol for 500s [1;33mUPDATE[0;0m 40cd-3a12/~tNl
  examples/inet/tcpclientserver -c inet-reno for 500s [1;33mUPDATE[0;0m 1f7f-959a/~tNl
  examples/inet/tcpclientserver -c inet-tahoe for 500s [1;33mUPDATE[0;0m 1f7f-959a/~tNl
  examples/inet/tcpclientserver -c inet-vegas for 500s [1;33mUPDATE[0;0m 2fa1-a851/~tNl
  examples/inet/tcpclientserver -c inet-westwood for 500s [1;33mUPDATE[0;0m 2029-6172/~tNl
  examples/inet/tcpclientserver -c inet__inet for 100s [1;33mUPDATE[0;0m 9860-cce2/~tNl
  examples/inet/tcpclientserver -c inet__inet_msg for 100s [1;33mUPDATE[0;0m 9860-cce2/~tNl
  examples/inet/tcpclientserver -c inet__inet_stream for 100s [1;33mUPDATE[0;0m 9860-cce2/~tNl
  examples/inet/tunnel -c TcpApp for 10s [1;33mUPDATE[0;0m c01d-8f13/~tNl
  examples/inet/tunnel -c UDPApp for 10s [1;33mUPDATE[0;0m 9313-4672/~tNl
  examples/inet/udpapp -c BurstyTraffic for 100s [1;33mUPDATE[0;0m adb2-6c01/~tNl
  examples/inet/udpapp -c RequestResponseTraffic for 100s [1;33mUPDATE[0;0m d823-ceeb/~tNl
  examples/inet/udpburst for 1000s [1;33mUPDATE[0;0m 9c5d-4db1/~tNl
  examples/inet/udpclientserver -c udp_Fragment_ipv4 for 10s [1;33mUPDATE[0;0m 600f-cbc2/~tNl
  examples/inet/udpclientserver -c udp_Host_Unav_ipv6 for 10s [1;33mUPDATE[0;0m 943f-73dc/~tNl
  examples/inet/udpclientserver -c udp_OK_ipv4 for 10s [1;33mUPDATE[0;0m ebcf-6e37/~tNl
  examples/inet/udpclientserver -c udp_OK_ipv4_clock for 10s [1;33mUPDATE[0;0m ebcf-6e37/~tNl
  examples/inet/udpclientserver -c udp_OK_ipv4_clock_adjust for 10s [1;33mUPDATE[0;0m 0aa9-a670/~tNl
  examples/inet/udpclientserver -c udp_OK_ipv4_clock_drift for 10s [1;33mUPDATE[0;0m 0aa9-a670/~tNl
  examples/inet/udpclientserver -c udp_OK_ipv6 for 10s [1;33mUPDATE[0;0m 6439-b288/~tNl
  examples/inet/udpclientserver -c udp_Port_Unav_ipv4 for 10s [1;33mUPDATE[0;0m 84c8-978d/~tNl
  examples/inet/udpclientserver -c udp_Port_Unav_ipv6 for 10s [1;33mUPDATE[0;0m 726c-3481/~tNl
  examples/internetcloud/cloudandhosts -c simple for 100s [1;33mUPDATE[0;0m e297-e0b5/~tNl
  examples/internetcloud/cloudandhosts -c ten_senders for 100s [1;33mUPDATE[0;0m be8a-89f9/~tNl
  examples/internetcloud/cloudandhosts -c two_senders for 100s [1;33mUPDATE[0;0m 2cc5-bd3a/~tNl
  examples/internetcloud/cloudandrouters -c simple for 100s [1;33mUPDATE[0;0m 25a5-b966/~tNl
  examples/internetcloud/cloudandrouters -c ten_senders for 100s [1;33mUPDATE[0;0m 1042-fc54/~tNl
  examples/internetcloud/cloudandrouters -c two_senders for 100s [1;33mUPDATE[0;0m dc41-0139/~tNl
  examples/internetcloud/earthcloud for 100s [1;33mUPDATE[0;0m 4d6f-1f7a/~tNl
  examples/ipv6/nclients -c ETH for 1000s [1;33mUPDATE[0;0m 91e6-98d0/~tNl
  examples/ipv6/nclients -c PPP for 1000s [1;33mUPDATE[0;0m a12f-58b5/~tNl
  examples/ipv6/nclients -c PPP_SCTP for 100s [1;33mUPDATE[0;0m 8ac8-b785/~tNl
  examples/manetrouting/dsdv -c DynamicIPv4 for 22s [1;33mUPDATE[0;0m e6ab-91ec/~tNl
  examples/manetrouting/dsdv -c IPv4 for 10s [1;33mUPDATE[0;0m cdd6-88f1/~tNl
  examples/manetrouting/dsdv -c MultiIPv4 for 10s [1;33mUPDATE[0;0m 59f1-6752/~tNl
  examples/manetrouting/dymo -c DynamicGeneric for 22s [1;33mUPDATE[0;0m ccee-7519/~tNl
  examples/manetrouting/dymo -c DynamicIPv4 for 22s [1;33mUPDATE[0;0m 6d27-1027/~tNl
  examples/manetrouting/dymo -c DynamicIPv6 for 22s [1;33mUPDATE[0;0m a892-17e4/~tNl
  examples/manetrouting/dymo -c Generic for 10s [1;33mUPDATE[0;0m fb41-1ab9/~tNl
  examples/manetrouting/dymo -c IPv4 for 10s [1;33mUPDATE[0;0m 8783-1757/~tNl
  examples/manetrouting/dymo -c IPv6 for 10s [1;33mUPDATE[0;0m 5610-6789/~tNl
  examples/manetrouting/dymo -c MultiGeneric for 10s [1;33mUPDATE[0;0m c4ae-f513/~tNl
  examples/manetrouting/dymo -c MultiIPv4 for 10s [1;33mUPDATE[0;0m 868c-db75/~tNl
  examples/manetrouting/dymo -c MultiIPv6 for 10s [1;33mUPDATE[0;0m 5610-6789/~tNl
  examples/manetrouting/gpsr -c DynamicGeneric for 20s [1;33mUPDATE[0;0m 95b2-96bd/~tNl
  examples/manetrouting/gpsr -c DynamicIPv4 for 20s [1;33mUPDATE[0;0m 95a5-8bed/~tNl
  examples/manetrouting/gpsr -c DynamicIPv6 for 20s [1;33mUPDATE[0;0m 604f-1201/~tNl
  examples/manetrouting/gpsr -c Generic for 20s [1;33mUPDATE[0;0m 60b4-c1c4/~tNl
  examples/manetrouting/gpsr -c IPv4 for 20s [1;33mUPDATE[0;0m b60e-0f8c/~tNl
  examples/manetrouting/gpsr -c IPv6 for 20s [1;33mUPDATE[0;0m 3109-db60/~tNl
  examples/manetrouting/gpsr -c Manual for 20s [1;33mUPDATE[0;0m 6cca-ca1b/~tNl
  examples/manetrouting/gpsr -c MultiGeneric for 20s [1;33mUPDATE[0;0m a1a2-0227/~tNl
  examples/manetrouting/gpsr -c MultiIPv4 for 20s [1;33mUPDATE[0;0m 1641-1a46/~tNl
  examples/manetrouting/gpsr -c MultiIPv6 for 20s [1;33mUPDATE[0;0m 3109-db60/~tNl
  examples/mrp -c LargeNetwork for 3s [1;33mUPDATE[0;0m 8d05-67ff/~tNl
  examples/mrp -c LargeNetworkWithTraffic for 3s [1;33mUPDATE[0;0m aa7b-d065/~tNl
  examples/mrp -c MediumNetworkLC for 3s [1;33mUPDATE[0;0m 1ffe-9d8f/~tNl
  examples/mrp -c MediumNetworkLCWithTraffic for 3s [1;33mUPDATE[0;0m 3f12-9fd5/~tNl
  examples/mrp -c MediumNetworkRC for 3s [1;33mUPDATE[0;0m 77ee-f9c9/~tNl
  examples/mrp -c SmallNetwork for 3s [1;33mUPDATE[0;0m a064-88f1/~tNl
  examples/mrp -c SmallNetworkMRA for 3s [1;33mUPDATE[0;0m 19be-5d9f/~tNl
  examples/mrp -c SmallNetworkMRAWithTraffic for 3s [1;33mUPDATE[0;0m 7996-c1cc/~tNl
  examples/mrp -c SmallNetworkWithTraffic for 3s [1;33mUPDATE[0;0m 62b0-cef0/~tNl
  examples/neighborcache -c GridNeighborCache for 100s [1;33mUPDATE[0;0m 99be-e8ae/~tNl
  examples/neighborcache -c NeighborListNeighborCache for 100s [1;33mUPDATE[0;0m 99be-e8ae/~tNl
  examples/neighborcache -c QuadTreeNeighborCache for 100s [1;33mUPDATE[0;0m 99be-e8ae/~tNl
  examples/neighborcache -c WithoutNeighborCache for 100s [1;33mUPDATE[0;0m 99be-e8ae/~tNl
  examples/ospfv2/areas for 500s [1;33mUPDATE[0;0m 6abe-bc78/~tNl
  examples/ospfv2/backbone for 100s [1;33mUPDATE[0;0m aa23-fd1d/~tNl
  examples/ospfv2/simpletest -c AlwaysUp for 500s [1;33mUPDATE[0;0m 5acd-ba1c/~tNl
  examples/ospfv2/simpletest -c CrashAndReboot for 500s [1;33mUPDATE[0;0m 147b-6a30/~tNl
  examples/ospfv2/simpletest -c ShutdownAndRestart for 500s [1;33mUPDATE[0;0m 147b-6a30/~tNl
  examples/ospfv3/multiple_areas_FINAL for 500s [1;33mUPDATE[0;0m db79-3da5/~tNl
  examples/ospfv3/multiple_areas_FINAL -c LinkDown for 500s [1;33mUPDATE[0;0m a26c-f3dc/~tNl
  examples/ospfv3/multiple_areas_FINAL -c LinkDownLinkUp for 500s [1;33mUPDATE[0;0m ca5c-1788/~tNl
  examples/ospfv3/small for 200s [1;33mUPDATE[0;0m 1281-67d3/~tNl
  examples/ospfv3/v3_2_routers for 400s [1;33mUPDATE[0;0m 8219-a227/~tNl
  examples/ospfv3/v3_2_routers -c LinkDownAndUp for 400s [1;33mUPDATE[0;0m 07a0-765d/~tNl
  examples/ospfv3/v3_3_areas for 3000s [1;33mUPDATE[0;0m f965-5d01/~tNl
  examples/ospfv3/v3_4_routers_2_areas for 300s [1;33mUPDATE[0;0m 9fbf-7c46/~tNl
  examples/ospfv3/v3_mesh for 500s [1;33mUPDATE[0;0m e20f-aaa7/~tNl
  examples/ospfv3/v3_square_2_areas for 200s [1;33mUPDATE[0;0m ea2d-8f51/~tNl
  examples/pim/iptv -c PIM_DM for 35s [1;33mUPDATE[0;0m 4c88-3343/~tNl
  examples/pim/iptv -c PIM_SM for 35s [1;33mUPDATE[0;0m fc89-7acb/~tNl
  examples/rtp/multicast1 for 500s [1;33mUPDATE[0;0m d98c-786c/~tNl
  examples/rtp/unicast for 1500s [1;33mUPDATE[0;0m a38a-ed7d/~tNl
  examples/rtp/unicast1 for 1000s [1;33mUPDATE[0;0m b89e-e838/~tNl
  examples/rtp/unicast2 for 500s [1;33mUPDATE[0;0m 3982-412d/~tNl
  examples/sctp/cmttest for 100s [1;33mUPDATE[0;0m 51da-518e/~tNl
  examples/sctp/multihomed for 500s [1;33mUPDATE[0;0m 7042-665c/~tNl
  examples/sctp/nclients for 500s [1;33mUPDATE[0;0m 2415-c8ad/~tNl
  examples/seaport for 1000s [1;33mUPDATE[0;0m a536-3e91/~tNl
  examples/timing for 0.1s [1;33mUPDATE[0;0m 1d6a-e00d/~tNl
  examples/voip -c BadChannel for 200s [1;33mUPDATE[0;0m d35f-eeeb/~tNl
  examples/voip -c GoodChannel for 200s [1;33mUPDATE[0;0m dd1f-619c/~tNl
  examples/voip -c PeriodicChannel for 200s [1;33mUPDATE[0;0m e69f-4b6d/~tNl
  examples/wireless/configurator for 100s [1;33mUPDATE[0;0m 3036-c7ad/~tNl
  examples/wireless/corruptionmode -c BitCorruptionMode for 10s [1;33mUPDATE[0;0m e72e-b7f2/~tNl
  examples/wireless/corruptionmode -c ByteCorruptionMode for 10s [1;33mUPDATE[0;0m cd96-bdd1/~tNl
  examples/wireless/corruptionmode -c ChunkCorruptionMode for 10s [1;33mUPDATE[0;0m 797d-27c5/~tNl
  examples/wireless/corruptionmode -c PacketCorruptionMode for 10s [1;33mUPDATE[0;0m 5590-d7ee/~tNl
  examples/wireless/dynamic for 100s [1;33mUPDATE[0;0m 9a66-cd69/~tNl
  examples/wireless/filtering -c CommunicationRangeFilter for 100s [1;33mUPDATE[0;0m cad5-8335/~tNl
  examples/wireless/filtering -c ListeningFilter for 100s [1;33mUPDATE[0;0m 5130-4602/~tNl
  examples/wireless/filtering -c MacAddressFilter for 100s [1;33mUPDATE[0;0m cd45-3638/~tNl
  examples/wireless/filtering -c RadioModeFilter for 100s [1;33mUPDATE[0;0m 5130-4602/~tNl
  examples/wireless/handover for 1500s [1;33mUPDATE[0;0m ff0e-a44d/~tNl
  examples/wireless/hiddennode for 5s [1;33mUPDATE[0;0m b7e5-ffb1/~tNl
  examples/wireless/hosttohost -c Throughput1 for 5s [1;33mUPDATE[0;0m e259-5f9e/~tNl
  examples/wireless/lan80211 -f omnetpp-ftp.ini -c TwoHosts for 100s [1;33mUPDATE[0;0m b9b1-7ed4/~tNl
  examples/wireless/lan80211 -f omnetpp-streaming.ini -c Streaming1 for 50s [1;33mUPDATE[0;0m 4686-e0f7/~tNl
  examples/wireless/lan80211 -c Ping1 for 25s [1;33mUPDATE[0;0m 9e38-0977/~tNl
  examples/wireless/lan80211ac -c Ping1 for 100s [1;33mUPDATE[0;0m 0919-e83d/~tNl
  examples/wireless/layeredapsk for 100s [1;33mUPDATE[0;0m 584b-dd3e/~tNl
  examples/wireless/mactest -c MacDcf for 100s [1;33mUPDATE[0;0m be6a-8bdb/~tNl
  examples/wireless/mactest -c MacEdca for 100s [1;33mUPDATE[0;0m b8c2-e2c1/~tNl
  examples/wireless/multiradio -c IndependentWlans for 100s [1;33mUPDATE[0;0m b816-e7e7/~tNl
  examples/wireless/multiradio -c RoutedWlans for 100s [1;33mUPDATE[0;0m 6885-ebc1/~tNl
  examples/wireless/multiradio -c SwitchedWlans for 100s [1;33mUPDATE[0;0m 76b5-6d3b/~tNl
  examples/wireless/nic -c AckingMacWithApskDimensionalRadio for 100s [1;33mUPDATE[0;0m 533f-b58c/~tNl
  examples/wireless/nic -c AckingMacWithApskScalarRadio for 100s [1;33mUPDATE[0;0m 533f-b58c/~tNl
  examples/wireless/nic -c AckingMacWithUnitDiskRadio for 100s [1;33mUPDATE[0;0m 533f-b58c/~tNl
  examples/wireless/nic -c BMacWithApskDimensionalRadio for 100s [1;33mUPDATE[0;0m ff2b-2b00/~tNl
  examples/wireless/nic -c BMacWithApskScalarRadio for 100s [1;33mUPDATE[0;0m ff2b-2b00/~tNl
  examples/wireless/nic -c BMacWithUnitDiskRadio for 100s [1;33mUPDATE[0;0m 6405-cc52/~tNl
  examples/wireless/nic -c CSMAWithApskDimensionalRadio for 100s [1;33mUPDATE[0;0m d148-03ab/~tNl
  examples/wireless/nic -c CSMAWithApskScalarRadio for 100s [1;33mUPDATE[0;0m d148-03ab/~tNl
  examples/wireless/nic -c CSMAWithUnitDiskRadio for 100s [1;33mUPDATE[0;0m d148-03ab/~tNl
  examples/wireless/nic -c CsmaCaWithApskDimensionalRadio for 100s [1;33mUPDATE[0;0m 1cec-e8e9/~tNl
  examples/wireless/nic -c CsmaCaWithApskScalarRadio for 100s [1;33mUPDATE[0;0m 1cec-e8e9/~tNl
  examples/wireless/nic -c CsmaCaWithUnitDiskRadio for 100s [1;33mUPDATE[0;0m 1cec-e8e9/~tNl
  examples/wireless/nic -c Ieee80211MacV2X for 1s [1;33mUPDATE[0;0m c1d1-38a3/~tNl
  examples/wireless/nic -c Ieee80211MacWithIeee80211DimensionalRadio for 100s [1;33mUPDATE[0;0m 0763-e02c/~tNl
  examples/wireless/nic -c Ieee80211MacWithIeee80211ScalarRadio for 100s [1;33mUPDATE[0;0m 7ca3-aa09/~tNl
  examples/wireless/nic -c Ieee80211MacWithUnitDiskRadio for 100s [1;33mUPDATE[0;0m 8d08-2792/~tNl
  examples/wireless/nic -c LMacWithApskDimensionalRadio for 100s [1;33mUPDATE[0;0m 2033-0fb6/~tNl
  examples/wireless/nic -c LMacWithApskScalarRadio for 100s [1;33mUPDATE[0;0m 2033-0fb6/~tNl
  examples/wireless/nic -c LMacWithUnitDiskRadio for 100s [1;33mUPDATE[0;0m c384-3eab/~tNl
  examples/wireless/nic -c XMacWithApskDimensionalRadio for 100s [1;33mUPDATE[0;0m cf9a-2d03/~tNl
  examples/wireless/nic -c XMacWithApskScalarRadio for 100s [1;33mUPDATE[0;0m cf9a-2d03/~tNl
  examples/wireless/nic -c XMacWithUnitDiskRadio for 100s [1;33mUPDATE[0;0m cf9a-2d03/~tNl
  examples/wireless/obstacle -c Indoor for 100s [1;33mUPDATE[0;0m 0b6d-4c80/~tNl
  examples/wireless/obstacle -c Orbit for 100s [1;33mUPDATE[0;0m e356-e083/~tNl
  examples/wireless/obstacle -c Outdoor for 100s [1;33mUPDATE[0;0m b44d-0b55/~tNl
  examples/wireless/power for 100s [1;33mUPDATE[0;0m e6e8-208c/~tNl
  examples/wireless/qos -c MacNonQos for 10s [1;33mUPDATE[0;0m 1c6a-d8ea/~tNl
  examples/wireless/qos -c MacQos for 10s [1;33mUPDATE[0;0m 13e8-1f94/~tNl
  examples/wireless/qos -c MacQosWithBlockAck for 10s [1;33mUPDATE[0;0m cf73-6824/~tNl
  examples/wireless/qos -c MacQosWithRtsCts for 10s [1;33mUPDATE[0;0m 15e5-ff70/~tNl
  examples/wireless/qos -c MacQosWithoutAggregation for 10s [1;33mUPDATE[0;0m 24cd-4d38/~tNl
  examples/wireless/ratecontrol -c Mac for 100s [1;33mUPDATE[0;0m 34da-eb33/~tNl
  examples/wireless/scaling -c DimensionalRadioMedium for 0.1s [1;33mUPDATE[0;0m 056c-caee/~tNl
  examples/wireless/shortcut -c ShortcutMac for 1000s [1;33mUPDATE[0;0m d98d-58cd/~tNl
  examples/wireless/shortcut -c ShortcutRadio for 1000s [1;33mUPDATE[0;0m be2f-9e2e/~tNl
  examples/wireless/synchronized -c NonSynchronized for 2s [1;33mUPDATE[0;0m cc39-1c28/~tNl
  examples/wireless/synchronized -c Synchronized for 2s [1;33mUPDATE[0;0m 5470-d923/~tNl
  examples/wireless/testnewmac -c Mac for 10s [1;33mUPDATE[0;0m ff7b-1682/~tNl
  examples/wireless/throughput -c Throughput1 for 20s [1;33mUPDATE[0;0m f92b-57a9/~tNl
  examples/wireless/throughput -c Throughput2 for 10s [1;33mUPDATE[0;0m 3549-9dd5/~tNl
  showcases/general/pcaprecording -c PcapRecording for 10s [1;33mUPDATE[0;0m 6046-84e7/~tNl
  showcases/measurement/datarate for 1s [1;33mUPDATE[0;0m b381-a873/~tNl
  showcases/measurement/endtoenddelay for 1s [1;33mUPDATE[0;0m c70c-1633/~tNl
  showcases/measurement/propagationtime for 1s [1;33mUPDATE[0;0m 45be-11f1/~tNl
  showcases/measurement/residencetime for 1s [1;33mUPDATE[0;0m f759-f7b9/~tNl
  showcases/measurement/throughput for 1s [1;33mUPDATE[0;0m f1c8-7e50/~tNl
  showcases/measurement/transmissiontime for 1s [1;33mUPDATE[0;0m d554-9e9b/~tNl
  showcases/measurement/utilization for 1s [1;33mUPDATE[0;0m a174-8078/~tNl
  showcases/routing/manet -c Aodv for 100s [1;33mUPDATE[0;0m 5071-1523/~tNl
  showcases/routing/manet -c Dsdv for 100s [1;33mUPDATE[0;0m c78c-ae60/~tNl
  showcases/routing/manet -c Gpsr for 100s [1;33mUPDATE[0;0m a5cd-0c7e/~tNl
  showcases/tsn/combiningfeatures/fpandtas for 10ms [1;33mUPDATE[0;0m f881-b9e4/~tNl
  showcases/tsn/combiningfeatures/invehicle -c StandardEthernet for 10ms [1;33mUPDATE[0;0m f0ea-57e0/~tNl
  showcases/tsn/cutthroughswitching -c CutthroughSwitching for 1s [1;33mUPDATE[0;0m b17f-d15c/~tNl
  showcases/tsn/cutthroughswitching -c StoreAndForward for 1s [1;33mUPDATE[0;0m 1a02-6c74/~tNl
  showcases/tsn/framepreemption -c FifoQueueing for 1s [1;33mUPDATE[0;0m e0e9-9714/~tNl
  showcases/tsn/framepreemption -c FramePreemption for 1s [1;33mUPDATE[0;0m b241-85aa/~tNl
  showcases/tsn/framepreemption -c PriorityQueueing for 1s [1;33mUPDATE[0;0m 9815-e7a2/~tNl
  showcases/tsn/framepreemption -c RealisticFifoQueueing for 1s [1;33mUPDATE[0;0m 0fb0-a705/~tNl
  showcases/tsn/framepreemption -c RealisticFramePreemption for 1s [1;33mUPDATE[0;0m 99dd-ec1d/~tNl
  showcases/tsn/framepreemption -c RealisticPriorityQueueing for 1s [1;33mUPDATE[0;0m 4cf6-0361/~tNl
  showcases/tsn/framereplication/automaticmultipathconfiguration for 0.1s [1;33mUPDATE[0;0m 0ff8-5bdd/~tNl
  showcases/tsn/framereplication/manualconfiguration for 0.1s [1;33mUPDATE[0;0m d712-c761/~tNl
  showcases/tsn/gatescheduling/eager -c Eager for 0.2s [1;33mUPDATE[0;0m fba0-2308/~tNl
  showcases/tsn/timesynchronization/clockdrift -c ConstantClockDrift for 0.1s [1;33mUPDATE[0;0m c131-8d1f/~tNl
  showcases/tsn/timesynchronization/clockdrift -c ConstantClockDriftOutOfBandSync for 0.1s [1;33mUPDATE[0;0m 4e7a-eda6/~tNl
  showcases/tsn/timesynchronization/clockdrift -c NoClockDrift for 0.1s [1;33mUPDATE[0;0m 4f8b-54a9/~tNl
  showcases/tsn/timesynchronization/clockdrift -c RandomClockDrift for 0.1s [1;33mUPDATE[0;0m 7b77-0c8f/~tNl
  showcases/tsn/timesynchronization/clockdrift -c RandomClockDriftGptpSync for 0.1s [1;33mUPDATE[0;0m 9652-58b4/~tNl
  showcases/tsn/timesynchronization/clockdrift -c RandomClockDriftOutOfBandSync for 0.1s [1;33mUPDATE[0;0m 518d-814e/~tNl
  showcases/tsn/timesynchronization/gptp -c OneMasterClock for 1s [1;33mUPDATE[0;0m 4b9c-386f/~tNl
  showcases/tsn/timesynchronization/gptp -c PrimaryAndHotStandbyMasterClocks for 1s [1;33mUPDATE[0;0m caa1-e752/~tNl
  showcases/tsn/timesynchronization/gptp -c TwoMasterClocksExploitingNetworkRedundancy for 1s [1;33mUPDATE[0;0m 225d-91fb/~tNl
  showcases/visualizer/canvas/datalinkactivity -c ActivityLevel for 100s [1;33mUPDATE[0;0m c722-a989/~tNl
  showcases/visualizer/canvas/datalinkactivity -c Dynamic for 500s [1;33mUPDATE[0;0m daa5-1cb8/~tNl
  showcases/visualizer/canvas/datalinkactivity -c EnablingVisualizationWired for 500s [1;33mUPDATE[0;0m 5e7a-ada6/~tNl
  showcases/visualizer/canvas/datalinkactivity -c EnablingVisualizationWireless for 500s [1;33mUPDATE[0;0m f18e-1f7e/~tNl
  showcases/visualizer/canvas/datalinkactivity -c Filtering for 500s [1;33mUPDATE[0;0m da0b-1b07/~tNl
  showcases/visualizer/canvas/ieee80211 -c MultipleNetworks for 5s [1;33mUPDATE[0;0m c238-8c0a/~tNl
  showcases/visualizer/canvas/ieee80211 -c OneNetwork for 5s [1;33mUPDATE[0;0m 0121-fe39/~tNl
  showcases/visualizer/canvas/ieee80211 -c SignalLevels for 100s [1;33mUPDATE[0;0m b62f-d0aa/~tNl
  showcases/visualizer/canvas/ieee80211 -c VisualizingHandover for 250s [1;33mUPDATE[0;0m b138-3b9a/~tNl
  showcases/visualizer/canvas/instrumentfigures for 3s [1;33mUPDATE[0;0m 3f19-df04/~tNl
  showcases/visualizer/canvas/interfacetable -c AdvancedFeatures for 5s [1;33mUPDATE[0;0m c823-7921/~tNl
  showcases/visualizer/canvas/networkpathactivity -c ChangingPaths for 250s [1;33mUPDATE[0;0m b57e-320c/~tNl
  showcases/visualizer/canvas/networkpathactivity -c EnablingVisualization for 500s [1;33mUPDATE[0;0m 246d-d81d/~tNl
  showcases/visualizer/canvas/networkpathactivity -c Mobile for 500s [1;33mUPDATE[0;0m 641a-bba8/~tNl
  showcases/visualizer/canvas/networkpathactivity -c StaticNetworkPaths for 500s [1;33mUPDATE[0;0m 69fb-73f7/~tNl
  showcases/visualizer/canvas/packetdrop -c MACRetryLimitReached for 500s [1;33mUPDATE[0;0m 6eb7-55b8/~tNl
  showcases/visualizer/canvas/packetdrop -c QueueOverflow for 2002ms [1;33mUPDATE[0;0m ead2-fac8/~tNl
  showcases/visualizer/canvas/physicallinkactivity -c EnablingVisualization for 500s [1;33mUPDATE[0;0m ff0c-b51a/~tNl
  showcases/visualizer/canvas/physicallinkactivity -c Filtering for 250s [1;33mUPDATE[0;0m 0de3-b6a0/~tNl
  showcases/visualizer/canvas/physicallinkactivity -c Mobile for 500s [1;33mUPDATE[0;0m 952c-f02f/~tNl
  showcases/visualizer/canvas/routingtable -c Dynamic for 500s [1;33mUPDATE[0;0m b366-82ef/~tNl
  showcases/visualizer/canvas/spectrum -c PowerDensityMap for 1s [1;33mUPDATE[0;0m cf51-dfc6/~tNl
  showcases/visualizer/canvas/spectrum -c Spectrogram for 1s [1;33mUPDATE[0;0m ec5d-b059/~tNl
  showcases/visualizer/canvas/spectrum -c SpectrumFigure for 1s [1;33mUPDATE[0;0m ec5d-b059/~tNl
  showcases/visualizer/canvas/statistic -c PacketErrorRate for 25s [1;33mUPDATE[0;0m 1f0d-2f54/~tNl
  showcases/visualizer/canvas/statistic -c PingRtt for 500s [1;33mUPDATE[0;0m 7e96-3454/~tNl
  showcases/visualizer/canvas/styling -c Annotation for 25s [1;33mUPDATE[0;0m f788-907c/~tNl
  showcases/visualizer/canvas/styling -c Font for 25s [1;33mUPDATE[0;0m dcce-a4ab/~tNl
  showcases/visualizer/canvas/styling -c Icon for 25s [1;33mUPDATE[0;0m c0b4-77b1/~tNl
  showcases/visualizer/canvas/styling -c Line for 25s [1;33mUPDATE[0;0m dcce-a4ab/~tNl
  showcases/visualizer/canvas/submoduleinfo -c MACStates for 5s [1;33mUPDATE[0;0m e941-1451/~tNl
  showcases/visualizer/canvas/submoduleinfo -c PacketCounts for 5s [1;33mUPDATE[0;0m e941-1451/~tNl
  showcases/visualizer/canvas/transportconnection -c EnablingVisualization for 2s [1;33mUPDATE[0;0m 50be-f5c7/~tNl
  showcases/visualizer/canvas/transportconnection -c MultipleConnections for 2s [1;33mUPDATE[0;0m 9dd0-712b/~tNl
  showcases/visualizer/canvas/transportpathactivity -c EnablingPathVisualizationWired for 500s [1;33mUPDATE[0;0m 9c19-5890/~tNl
  showcases/visualizer/canvas/transportpathactivity -c EnablingPathVisualizationWireless for 500s [1;33mUPDATE[0;0m 30dc-adee/~tNl
  showcases/visualizer/canvas/transportpathactivity -c Filtering for 100s [1;33mUPDATE[0;0m 2b6e-79a2/~tNl
  showcases/wireless/analogmodel -c Distance for 2.5s [1;33mUPDATE[0;0m 1cb5-40d8/~tNl
  showcases/wireless/analogmodel -c Noise for 0.1s [1;33mUPDATE[0;0m ca72-282f/~tNl
  showcases/wireless/analogmodel -c Routing for 5s [1;33mUPDATE[0;0m 9e7a-59d0/~tNl
  showcases/wireless/blockack -c Fragmentation for 1s [1;33mUPDATE[0;0m de66-bc66/~tNl
  showcases/wireless/blockack -c MixedTraffic for 1s [1;33mUPDATE[0;0m ab66-c5fe/~tNl
  showcases/wireless/blockack -c NoFragmentation for 1s [1;33mUPDATE[0;0m 319a-fb59/~tNl
  showcases/wireless/coexistence -c Coexistence for 5s [1;33mUPDATE[0;0m 9f1b-4f78/~tNl
  showcases/wireless/coexistence -c WifiHosts for 5s [1;33mUPDATE[0;0m 98ff-c58b/~tNl
  showcases/wireless/coexistence -c WpanHosts for 5s [1;33mUPDATE[0;0m d13c-60f6/~tNl
  showcases/wireless/crosstalk -c CompletelyOverlappingFrequencyBands for 1s [1;33mUPDATE[0;0m 9926-a607/~tNl
  showcases/wireless/crosstalk -c IndependentFrequencyBandsOneRadioMediumModule for 1s [1;33mUPDATE[0;0m 9ab9-fa8e/~tNl
  showcases/wireless/crosstalk -c IndependentFrequencyBandsTwoRadioMediumModules for 1s [1;33mUPDATE[0;0m 84e3-652e/~tNl
  showcases/wireless/crosstalk -c PartiallyOverlappingFrequencyBands for 1s [1;33mUPDATE[0;0m 9926-a607/~tNl
  showcases/wireless/directionalantennas -c AxiallySymmetricAntenna for 360s [1;33mUPDATE[0;0m fb8d-cf1b/~tNl
  showcases/wireless/directionalantennas -c CosineAntenna for 360s [1;33mUPDATE[0;0m bce8-7eae/~tNl
  showcases/wireless/directionalantennas -c DipoleAntenna for 360s [1;33mUPDATE[0;0m ac36-b1bb/~tNl
  showcases/wireless/directionalantennas -c IsotropicAntenna for 360s [1;33mUPDATE[0;0m 67ae-7af7/~tNl
  showcases/wireless/directionalantennas -c ParabolicAntenna for 360s [1;33mUPDATE[0;0m d9fa-febe/~tNl
  showcases/wireless/handover for 250s [1;33mUPDATE[0;0m 30da-b9b3/~tNl
  showcases/wireless/hiddennode -c WallOffRtsOff for 5s [1;33mUPDATE[0;0m a5bf-13cb/~tNl
  showcases/wireless/hiddennode -c WallOffRtsOn for 5s [1;33mUPDATE[0;0m b8e6-149f/~tNl
  showcases/wireless/hiddennode -c WallOnRtsOff for 5s [1;33mUPDATE[0;0m 77ab-f24a/~tNl
  showcases/wireless/hiddennode -c WallOnRtsOn for 5s [1;33mUPDATE[0;0m 0461-3da5/~tNl
  showcases/wireless/ieee802154 -c Ieee802154Power for 100s [1;33mUPDATE[0;0m 227d-ce36/~tNl
  showcases/wireless/multiradio for 100s [1;33mUPDATE[0;0m b068-aec1/~tNl
  showcases/wireless/power for 100s [1;33mUPDATE[0;0m 0b22-366e/~tNl
  showcases/wireless/qos -c NonQos for 10s [1;33mUPDATE[0;0m d1fe-3741/~tNl
  showcases/wireless/qos -c Qos for 10s [1;33mUPDATE[0;0m 30c9-c7b0/~tNl
  showcases/wireless/sensornetwork -c BMac for 25s [1;33mUPDATE[0;0m d3a0-798e/~tNl
  showcases/wireless/sensornetwork -c LMac for 25s [1;33mUPDATE[0;0m 153c-1647/~tNl
  showcases/wireless/sensornetwork -c XMac for 25s [1;33mUPDATE[0;0m da97-4bfb/~tNl
  showcases/wireless/throughput for 1s [1;33mUPDATE[0;0m ca6e-9604/~tNl
  showcases/wireless/txop for 5s [1;33mUPDATE[0;0m 781b-7674/~tNl
  tests/fingerprint -f ethernet-bus-reconnect.ini for 5.2s [1;33mUPDATE[0;0m d36b-ecba/~tNl
  tests/fingerprint -f ethernet-hub-reconnect.ini for 5.2s [1;33mUPDATE[0;0m 101f-fe9a/~tNl
  tests/fingerprint -f ethernet-hub.ini for 100s [1;33mUPDATE[0;0m 4c79-1672/~tNl
  tests/fingerprint -f ethernet-switch.ini for 10s [1;33mUPDATE[0;0m d9b4-2f0f/~tNl
  tutorials/configurator -c Step10C for 100s [1;33mUPDATE[0;0m 048d-e7a1/~tNl
  tutorials/configurator -c Step11B for 500s [1;33mUPDATE[0;0m 2963-0738/~tNl
  tutorials/configurator -c Step12 for 100s [1;33mUPDATE[0;0m 6091-0da0/~tNl
  tutorials/configurator -c Step4 for 500s [1;33mUPDATE[0;0m c1a9-7c6f/~tNl
  tutorials/configurator -c Step5A for 500s [1;33mUPDATE[0;0m c7cf-20f2/~tNl
  tutorials/configurator -c Step5B for 500s [1;33mUPDATE[0;0m 30ab-8fc8/~tNl
  tutorials/configurator -c Step6A for 500s [1;33mUPDATE[0;0m 54fa-9a54/~tNl
  tutorials/configurator -c Step6B for 500s [1;33mUPDATE[0;0m 54fa-9a54/~tNl
  tutorials/configurator -c Step8A for 100s [1;33mUPDATE[0;0m 6814-b828/~tNl
  tutorials/configurator -c Step8B for 100s [1;33mUPDATE[0;0m 6814-b828/~tNl
  tutorials/configurator -c Step9 for 100s [1;33mUPDATE[0;0m f746-c01d/~tNl
  examples/adhoc/idealwireless -c Ping2 for 100s [1;31mERROR[0;0m None (Calculated fingerprint not found)
  examples/adhoc/ieee80211 -c Ping2 for 1000s [1;31mERROR[0;0m None (Calculated fingerprint not found)
  examples/diffserv/simple_ -c VoIP_WithPolicing for 50s [1;31mERROR[0;0m None Submodule app: No module type named 'VoipStreamSender' found that implements module interface inet.applications.contract.IApp (not in the loaded NED files?), at /home/levy/workspace/inet-fp-master/src/inet/node/base/ApplicationLayerNodeBase.ned:32 -- in module (inet::NodeBase) DiffservNetwork.client[0] (id=3), during network setup (Calculated fingerprint not found)
  examples/diffserv/simple_ -c VoIP_WithPolicingAndQueueing for 50s [1;31mERROR[0;0m None Submodule app: No module type named 'VoipStreamSender' found that implements module interface inet.applications.contract.IApp (not in the loaded NED files?), at /home/levy/workspace/inet-fp-master/src/inet/node/base/ApplicationLayerNodeBase.ned:32 -- in module (inet::NodeBase) DiffservNetwork.client[0] (id=3), during network setup (Calculated fingerprint not found)
  examples/diffserv/simple_ -c VoIP_WithoutQoS for 50s [1;31mERROR[0;0m None Submodule app: No module type named 'VoipStreamSender' found that implements module interface inet.applications.contract.IApp (not in the loaded NED files?), at /home/levy/workspace/inet-fp-master/src/inet/node/base/ApplicationLayerNodeBase.ned:32 -- in module (inet::NodeBase) DiffservNetwork.client[0] (id=3), during network setup (Calculated fingerprint not found)
  examples/empty [1;31mERROR[0;0m[1;33m (unexpected)[0;0m (Exception during task execution) AttributeError("'NoneType' object has no attribute 'stdout'")
  examples/inet/bulktransfer -c inet__lwip for 50s [1;31mERROR[0;0m None Submodule tcp: No module type named 'TcpLwip' found that implements module interface inet.transportlayer.contract.ITcp (not in the loaded NED files?), at /home/levy/workspace/inet-fp-master/src/inet/node/base/TransportLayerNodeBase.ned:39 -- in module (inet::NodeBase) BulkTransfer.client1 (id=2), during network setup (Calculated fingerprint not found)
  examples/inet/bulktransfer -c lwip__inet for 50s [1;31mERROR[0;0m None Submodule tcp: No module type named 'TcpLwip' found that implements module interface inet.transportlayer.contract.ITcp (not in the loaded NED files?), at /home/levy/workspace/inet-fp-master/src/inet/node/base/TransportLayerNodeBase.ned:39 -- in module (inet::NodeBase) BulkTransfer.server (id=5), during network setup (Calculated fingerprint not found)
  examples/inet/bulktransfer -c lwip__lwip for 50s [1;31mERROR[0;0m None Submodule tcp: No module type named 'TcpLwip' found that implements module interface inet.transportlayer.contract.ITcp (not in the loaded NED files?), at /home/levy/workspace/inet-fp-master/src/inet/node/base/TransportLayerNodeBase.ned:39 -- in module (inet::NodeBase) BulkTransfer.client1 (id=2), during network setup (Calculated fingerprint not found)
  examples/inet/hierarchical99 [1;31mERROR[0;0m[1;33m (unexpected)[0;0m (Exception during task execution) AttributeError("'NoneType' object has no attribute 'stdout'")
  examples/inet/ipv4hook [1;31mERROR[0;0m[1;33m (unexpected)[0;0m (Exception during task execution) AttributeError("'NoneType' object has no attribute 'stdout'")
  examples/inet/nclients -c inet__lwip for 3000s [1;31mERROR[0;0m None Submodule tcp: No module type named 'TcpLwip' found that implements module interface inet.transportlayer.contract.ITcp (not in the loaded NED files?), at /home/levy/workspace/inet-fp-master/src/inet/node/base/TransportLayerNodeBase.ned:39 -- in module (inet::NodeBase) NClients.cli[0] (id=6), during network setup (Calculated fingerprint not found)
  examples/inet/nclients -c lwip__inet for 3000s [1;31mERROR[0;0m None Submodule tcp: No module type named 'TcpLwip' found that implements module interface inet.transportlayer.contract.ITcp (not in the loaded NED files?), at /home/levy/workspace/inet-fp-master/src/inet/node/base/TransportLayerNodeBase.ned:39 -- in module (inet::NodeBase) NClients.srv (id=10), during network setup (Calculated fingerprint not found)
  examples/inet/nclients -c lwip__lwip for 3000s [1;31mERROR[0;0m None Submodule tcp: No module type named 'TcpLwip' found that implements module interface inet.transportlayer.contract.ITcp (not in the loaded NED files?), at /home/levy/workspace/inet-fp-master/src/inet/node/base/TransportLayerNodeBase.ned:39 -- in module (inet::NodeBase) NClients.cli[0] (id=6), during network setup (Calculated fingerprint not found)
  examples/inet/shutdownrestart -c TcpLwip for 100s [1;31mERROR[0;0m None Submodule tcp: No module type named 'TcpLwip' found that implements module interface inet.transportlayer.contract.ITcp (not in the loaded NED files?), at /home/levy/workspace/inet-fp-master/src/inet/node/base/TransportLayerNodeBase.ned:39 -- in module (inet::NodeBase) NClients.cli[0] (id=6), during network setup (Calculated fingerprint not found)
  examples/inet/tcpclientserver -c inet__lwip for 100s [1;31mERROR[0;0m None Submodule tcp: No module type named 'TcpLwip' found that implements module interface inet.transportlayer.contract.ITcp (not in the loaded NED files?), at /home/levy/workspace/inet-fp-master/src/inet/node/base/TransportLayerNodeBase.ned:39 -- in module (inet::NodeBase) ClientServer.client1 (id=2), during network setup (Calculated fingerprint not found)
  examples/inet/tcpclientserver -c lwip__inet for 100s [1;31mERROR[0;0m None Submodule tcp: No module type named 'TcpLwip' found that implements module interface inet.transportlayer.contract.ITcp (not in the loaded NED files?), at /home/levy/workspace/inet-fp-master/src/inet/node/base/TransportLayerNodeBase.ned:39 -- in module (inet::NodeBase) ClientServer.server (id=3), during network setup (Calculated fingerprint not found)
  examples/inet/tcpclientserver -c lwip__lwip for 100s [1;31mERROR[0;0m None Submodule tcp: No module type named 'TcpLwip' found that implements module interface inet.transportlayer.contract.ITcp (not in the loaded NED files?), at /home/levy/workspace/inet-fp-master/src/inet/node/base/TransportLayerNodeBase.ned:39 -- in module (inet::NodeBase) ClientServer.client1 (id=2), during network setup (Calculated fingerprint not found)
  examples/inet/tcpclientserver -c lwip__lwip__msg for 100s [1;31mERROR[0;0m None Submodule tcp: No module type named 'TcpLwip' found that implements module interface inet.transportlayer.contract.ITcp (not in the loaded NED files?), at /home/levy/workspace/inet-fp-master/src/inet/node/base/TransportLayerNodeBase.ned:39 -- in module (inet::NodeBase) ClientServer.client1 (id=2), during network setup (Calculated fingerprint not found)
  examples/inet/tcpclientserver -c lwip__lwip__stream for 100s [1;31mERROR[0;0m None Submodule tcp: No module type named 'TcpLwip' found that implements module interface inet.transportlayer.contract.ITcp (not in the loaded NED files?), at /home/levy/workspace/inet-fp-master/src/inet/node/base/TransportLayerNodeBase.ned:39 -- in module (inet::NodeBase) ClientServer.client1 (id=2), during network setup (Calculated fingerprint not found)
  examples/inet/tcpthroughput -c Delay-100ms-advWin1MB for 100s [1;31mERROR[0;0m None (Calculated fingerprint not found)
  examples/quic/basic3 [1;31mERROR[0;0m[1;33m (unexpected)[0;0m (Exception during task execution) AttributeError("'NoneType' object has no attribute 'stdout'")
  examples/quic/dplpmtud -c DecreasingPmtu [1;31mERROR[0;0m[1;33m (unexpected)[0;0m (Exception during task execution) AttributeError("'NoneType' object has no attribute 'stdout'")
  examples/quic/dplpmtud -c DecreasingPmtuWithoutPtb [1;31mERROR[0;0m[1;33m (unexpected)[0;0m (Exception during task execution) AttributeError("'NoneType' object has no attribute 'stdout'")
  examples/quic/dplpmtud [1;31mERROR[0;0m[1;33m (unexpected)[0;0m (Exception during task execution) AttributeError("'NoneType' object has no attribute 'stdout'")
  examples/quic/dplpmtud -c IncreasingPmtu [1;31mERROR[0;0m[1;33m (unexpected)[0;0m (Exception during task execution) AttributeError("'NoneType' object has no attribute 'stdout'")
  examples/quic/dplpmtud -c IncreasingPmtuWithoutPtb [1;31mERROR[0;0m[1;33m (unexpected)[0;0m (Exception during task execution) AttributeError("'NoneType' object has no attribute 'stdout'")
  examples/quic/dplpmtud -c MaxEqualsPmtu [1;31mERROR[0;0m[1;33m (unexpected)[0;0m (Exception during task execution) AttributeError("'NoneType' object has no attribute 'stdout'")
  examples/quic/dplpmtud -c MaxLargerPmtu [1;31mERROR[0;0m[1;33m (unexpected)[0;0m (Exception during task execution) AttributeError("'NoneType' object has no attribute 'stdout'")
  examples/quic/dplpmtud -c MaxLargerPmtuWithoutPtb [1;31mERROR[0;0m[1;33m (unexpected)[0;0m (Exception during task execution) AttributeError("'NoneType' object has no attribute 'stdout'")
  examples/quic/flow_control_limited [1;31mERROR[0;0m[1;33m (unexpected)[0;0m (Exception during task execution) AttributeError("'NoneType' object has no attribute 'stdout'")
  examples/quic/link_utilization [1;31mERROR[0;0m[1;33m (unexpected)[0;0m (Exception during task execution) AttributeError("'NoneType' object has no attribute 'stdout'")
  examples/quic/multiserver -c oneclienthost [1;31mERROR[0;0m[1;33m (unexpected)[0;0m (Exception during task execution) AttributeError("'NoneType' object has no attribute 'stdout'")
  examples/quic/multiserver -c oneclienthost_reconnect [1;31mERROR[0;0m[1;33m (unexpected)[0;0m (Exception during task execution) AttributeError("'NoneType' object has no attribute 'stdout'")
  examples/quic/multiserver -c twoclienthosts [1;31mERROR[0;0m[1;33m (unexpected)[0;0m (Exception during task execution) AttributeError("'NoneType' object has no attribute 'stdout'")
  examples/quic/persistent_congestion [1;31mERROR[0;0m[1;33m (unexpected)[0;0m (Exception during task execution) AttributeError("'NoneType' object has no attribute 'stdout'")
  examples/quic/persistent_congestion -c WithDPLPMTUD [1;31mERROR[0;0m[1;33m (unexpected)[0;0m (Exception during task execution) AttributeError("'NoneType' object has no attribute 'stdout'")
  examples/quic/shared_link [1;31mERROR[0;0m[1;33m (unexpected)[0;0m (Exception during task execution) AttributeError("'NoneType' object has no attribute 'stdout'")
  examples/quic/throughput_packet_loss [1;31mERROR[0;0m[1;33m (unexpected)[0;0m (Exception during task execution) AttributeError("'NoneType' object has no attribute 'stdout'")
  examples/quic/trafficgen [1;31mERROR[0;0m[1;33m (unexpected)[0;0m (Exception during task execution) AttributeError("'NoneType' object has no attribute 'stdout'")
  examples/quic/zerortt [1;31mERROR[0;0m[1;33m (unexpected)[0;0m (Exception during task execution) AttributeError("'NoneType' object has no attribute 'stdout'")
  examples/quic/zerortt -c invalidClientTokenString [1;31mERROR[0;0m[1;33m (unexpected)[0;0m (Exception during task execution) AttributeError("'NoneType' object has no attribute 'stdout'")
  examples/quic/zerortt -c sendInvalidToken [1;31mERROR[0;0m[1;33m (unexpected)[0;0m (Exception during task execution) AttributeError("'NoneType' object has no attribute 'stdout'")
  examples/wireless/lan80211 -f omnetpp-ftp.ini -c NHosts for 100s [1;31mERROR[0;0m None (Calculated fingerprint not found)
  examples/wireless/lan80211 -f omnetpp-streaming.ini -c Streaming2 for 50s [1;31mERROR[0;0m None (Calculated fingerprint not found)
  examples/wireless/lan80211 -c Ping2 for 25s [1;31mERROR[0;0m None (Calculated fingerprint not found)
  examples/wireless/lan80211ac [1;31mERROR[0;0m[1;33m (unexpected)[0;0m (Exception during task execution) AttributeError("'NoneType' object has no attribute 'stdout'")
  examples/wireless/lan80211ac -c Ping2 for 100s [1;31mERROR[0;0m None (Calculated fingerprint not found)
  showcases/general/diffserv -c VoIP_WithPolicing for 50s [1;31mERROR[0;0m None Submodule app: No module type named 'VoipStreamSender' found that implements module interface inet.applications.contract.IApp (not in the loaded NED files?), at /home/levy/workspace/inet-fp-master/src/inet/node/base/ApplicationLayerNodeBase.ned:32 -- in module (inet::NodeBase) DiffservNetwork.voipPhone1 (id=3), during network setup (Calculated fingerprint not found)
  showcases/general/diffserv -c VoIP_WithPolicingAndQueueing for 50s [1;31mERROR[0;0m None Submodule app: No module type named 'VoipStreamSender' found that implements module interface inet.applications.contract.IApp (not in the loaded NED files?), at /home/levy/workspace/inet-fp-master/src/inet/node/base/ApplicationLayerNodeBase.ned:32 -- in module (inet::NodeBase) DiffservNetwork.voipPhone1 (id=3), during network setup (Calculated fingerprint not found)
  showcases/general/diffserv -c VoIP_WithoutQoS for 50s [1;31mERROR[0;0m None Submodule app: No module type named 'VoipStreamSender' found that implements module interface inet.applications.contract.IApp (not in the loaded NED files?), at /home/levy/workspace/inet-fp-master/src/inet/node/base/ApplicationLayerNodeBase.ned:32 -- in module (inet::NodeBase) DiffservNetwork.voipPhone1 (id=3), during network setup (Calculated fingerprint not found)
  showcases/tsn/combiningfeatures/gsandcs -c SAT for 0.2s [1;31mERROR[0;0m None Submodule gateScheduleConfigurator: No module type named 'Z3GateScheduleConfigurator' found that implements module interface inet.linklayer.configurator.gatescheduling.contract.IGateScheduleConfigurator (not in the loaded NED files?), at /home/levy/workspace/inet-fp-master/src/inet/networks/base/TsnNetworkBase.ned:21 -- in module (inet::NetworkBase) TsnDumbbellNetwork (id=1), during network setup (Calculated fingerprint not found)
  showcases/tsn/gatescheduling/sat -c SAT for 0.2s [1;31mERROR[0;0m None Submodule gateScheduleConfigurator: No module type named 'Z3GateScheduleConfigurator' found that implements module interface inet.linklayer.configurator.gatescheduling.contract.IGateScheduleConfigurator (not in the loaded NED files?), at /home/levy/workspace/inet-fp-master/src/inet/networks/base/TsnNetworkBase.ned:21 -- in module (inet::NetworkBase) TsnDumbbellNetwork (id=1), during network setup (Calculated fingerprint not found)
  showcases/wireless/fragmentation -f parameterstudy.ini -c OnlyPacketSizeHCFfragblockack for 10s [1;31mERROR[0;0m None Unknown sequence number: 4095 -- in module (inet::ieee80211::RecipientQosMacDataService) FragmentationShowcase.wifiHost2.wlan[0].mac.hcf.recipientMacDataService (Calculated fingerprint not found)
  showcases/wireless/sensornetwork -c StatisticLMac for 25s [1;31mERROR[0;0m None I am still sending a message, while a new slot is starting! (Calculated fingerprint not found)
  tutorials/protocol -f Network90.ini [1;31mERROR[0;0m[1;33m (unexpected)[0;0m (Exception during task execution) AttributeError("'NoneType' object has no attribute 'stdout'")
  tutorials/protocol -f Network91.ini [1;31mERROR[0;0m[1;33m (unexpected)[0;0m (Exception during task execution) AttributeError("'NoneType' object has no attribute 'stdout'")
  tutorials/protocol -c Network1 [1;31mERROR[0;0m[1;33m (unexpected)[0;0m (Exception during task execution) AttributeError("'NoneType' object has no attribute 'stdout'")
  tutorials/protocol -c Network2 [1;31mERROR[0;0m[1;33m (unexpected)[0;0m (Exception during task execution) AttributeError("'NoneType' object has no attribute 'stdout'")
  tutorials/protocol -c Network3 [1;31mERROR[0;0m[1;33m (unexpected)[0;0m (Exception during task execution) AttributeError("'NoneType' object has no attribute 'stdout'")
  tutorials/protocol -c Network4 [1;31mERROR[0;0m[1;33m (unexpected)[0;0m (Exception during task execution) AttributeError("'NoneType' object has no attribute 'stdout'")
  tutorials/protocol -c Network5 [1;31mERROR[0;0m[1;33m (unexpected)[0;0m (Exception during task execution) AttributeError("'NoneType' object has no attribute 'stdout'")
  tutorials/protocol -c Network6 [1;31mERROR[0;0m[1;33m (unexpected)[0;0m (Exception during task execution) AttributeError("'NoneType' object has no attribute 'stdout'")
  tutorials/protocol -c Network7 [1;31mERROR[0;0m[1;33m (unexpected)[0;0m (Exception during task execution) AttributeError("'NoneType' object has no attribute 'stdout'")
