Warning: overwriting previous environment for '/home/levy/workspace/inet'.
[1;33mSTDERR [0;36mopp_run_release [0;0m<!> Error: The simulation attempted to prompt for user input, set cmdenv-interactive=true to allow it: "Enter parameter 'Net.numHosts' (unassigned):" -- in module (omnetpp::cModule) Net (id=1), during network setup
[1;33mSTDERR [0;36mopp_run_release [0;0m<!> Error: The simulation attempted to prompt for user input, set cmdenv-interactive=true to allow it: "Enter parameter 'Net80211.numHosts' (unassigned):" -- in module (omnetpp::cModule) Net80211 (id=1), during network setup
[38;2;200;200;200m[001/914][0;0m ▶ inet Updating update fingerprint (912 concurrent)
[38;2;200;200;200m[002/914][0;0m [38;2;200;200;200m [0;0m ⏺ Updating fingerprint examples/aodv -c SimpleLifecycle for 100s [1;33mUPDATE[0;0m 63c8-c1fc/~tND
[38;2;200;200;200m[003/914][0;0m [38;2;200;200;200m [0;0m ⏺ Updating fingerprint examples/adhoc/idealwireless -c Ping2 for 100s [1;31mERROR[0;0m None (Calculated fingerprint not found)
[38;2;200;200;200m[004/914][0;0m [38;2;200;200;200m [0;0m ⏺ Updating fingerprint examples/adhoc/ieee80211 -c Ping2 for 1000s [1;31mERROR[0;0m None (Calculated fingerprint not found)
[38;2;200;200;200m[005/914][0;0m [38;2;200;200;200m [0;0m ⏺ Updating fingerprint examples/bgpv4/BgpIpv6Basic for 30s [1;33mINSERT[0;0m 290d-24b1/~tND
[38;2;200;200;200m[006/914][0;0m [38;2;200;200;200m [0;0m ⏺ Updating fingerprint examples/bgpv4/BgpAndOspfSimple for 40s [1;33mINSERT[0;0m d518-0e96/~tND
[38;2;200;200;200m[007/914][0;0m [38;2;200;200;200m [0;0m ⏺ Updating fingerprint examples/adhoc/idealwireless -c Ping1 for 100s [1;33mUPDATE[0;0m 9f72-b8ef/~tND
[38;2;200;200;200m[008/914][0;0m [38;2;200;200;200m [0;0m ⏺ Updating fingerprint examples/bgpv4/BgpLifecycle for 900s [1;33mINSERT[0;0m d128-ce2e/~tND
[38;2;200;200;200m[009/914][0;0m [38;2;200;200;200m [0;0m ⏺ Updating fingerprint examples/aodv -c ShortestPath for 100s [1;33mUPDATE[0;0m 565c-809e/~tND
[38;2;200;200;200m[010/914][0;0m [38;2;200;200;200m [0;0m ⏺ Updating fingerprint examples/bgpv4/BgpOpen for 62s [1;33mUPDATE[0;0m 5be1-9bb7/~tND
[38;2;200;200;200m[011/914][0;0m [38;2;200;200;200m [0;0m ⏺ Updating fingerprint examples/aodv -c SimpleRREQ for 100s [1;33mUPDATE[0;0m ff68-274b/~tND
[38;2;200;200;200m[012/914][0;0m [38;2;200;200;200m [0;0m ⏺ Updating fingerprint examples/aodv -c StaticExternal for 50s [1;33mINSERT[0;0m 4ef6-38ef/~tND
[38;2;200;200;200m[013/914][0;0m [38;2;200;200;200m [0;0m ⏺ Updating fingerprint examples/aodv -c SimpleRREQ2 for 100s [1;33mUPDATE[0;0m ccff-fdf5/~tND
[38;2;200;200;200m[014/914][0;0m [38;2;200;200;200m [0;0m ⏺ Updating fingerprint examples/bgpv4/BgpAndOspfv3 -c OspfOnly for 100s [1;33mINSERT[0;0m bfdb-52fc/~tND
[38;2;200;200;200m[015/914][0;0m [38;2;200;200;200m [0;0m ⏺ Updating fingerprint examples/aodv -c Static for 50s [1;33mUPDATE[0;0m 1804-3433/~tND
[38;2;200;200;200m[016/914][0;0m [38;2;200;200;200m [0;0m ⏺ Updating fingerprint examples/bgpv4/BgpAndOspfv3 for 100s [1;33mINSERT[0;0m 1543-1914/~tND
[38;2;200;200;200m[017/914][0;0m [38;2;200;200;200m [0;0m ⏺ Updating fingerprint examples/bgpv4/BgpAndOspf for 60s [1;33mINSERT[0;0m db4e-8071/~tND
[38;2;200;200;200m[018/914][0;0m [38;2;200;200;200m [0;0m ⏺ Updating fingerprint examples/bgpv4/BgpDiamondFailover for 160s [1;33mINSERT[0;0m 536e-4dcd/~tND
[38;2;200;200;200m[019/914][0;0m [38;2;200;200;200m [0;0m ⏺ Updating fingerprint examples/bgpv4/Bgp2RoutersInAS for 60s [1;33mINSERT[0;0m 40e2-9d93/~tND
[38;2;200;200;200m[020/914][0;0m [38;2;200;200;200m [0;0m ⏺ Updating fingerprint examples/adhoc/qos -c Fragmentation for 5s [1;33mINSERT[0;0m 504e-cd92/~tND
[38;2;200;200;200m[021/914][0;0m [38;2;200;200;200m [0;0m ⏺ Updating fingerprint examples/bgpv4/BgpDiamondFailover6 for 160s [1;33mINSERT[0;0m 7f8f-44e9/~tND
[38;2;200;200;200m[022/914][0;0m [38;2;200;200;200m [0;0m ⏺ Updating fingerprint examples/bgpv4/BgpUpdate for 30s [1;33mUPDATE[0;0m 4141-23b8/~tND
[38;2;200;200;200m[023/914][0;0m [38;2;200;200;200m [0;0m ⏺ Updating fingerprint examples/aodv -c Dynamic for 60s [1;33mUPDATE[0;0m 7ede-877f/~tND
[38;2;200;200;200m[024/914][0;0m [38;2;200;200;200m [0;0m ⏺ Updating fingerprint examples/adhoc/hostautoconf for 60min [1;33mINSERT[0;0m 2e62-2bf2/~tND
[38;2;200;200;200m[025/914][0;0m [38;2;200;200;200m [0;0m ⏺ Updating fingerprint examples/bgpv4/BgpCompleteTest for 200s [1;33mINSERT[0;0m b860-4b24/~tND
[38;2;200;200;200m[026/914][0;0m [38;2;200;200;200m [0;0m ⏺ Updating fingerprint examples/bgpv4/Bgp3Routers for 100s [1;33mINSERT[0;0m a02f-43ed/~tND
[38;2;200;200;200m[027/914][0;0m [38;2;200;200;200m [0;0m ⏺ Updating fingerprint examples/aodv -c IPv4SlowMobility for 50s [1;33mUPDATE[0;0m e995-ea72/~tND
[38;2;200;200;200m[028/914][0;0m [38;2;200;200;200m [0;0m ⏺ Updating fingerprint examples/bgpv4/BgpWithdrawal -c Restart for 160s [1;33mINSERT[0;0m 25c9-147a/~tND
[38;2;200;200;200m[029/914][0;0m [38;2;200;200;200m [0;0m ⏺ Updating fingerprint examples/bgpv4/BgpWithdrawal for 100s [1;33mINSERT[0;0m 8d1b-62e2/~tND
[38;2;200;200;200m[030/914][0;0m [38;2;200;200;200m [0;0m ⏺ Updating fingerprint examples/aodv -c MoreDynamic for 100s [1;33mUPDATE[0;0m f6b4-db8f/~tND
[38;2;200;200;200m[031/914][0;0m [38;2;200;200;200m [0;0m ⏺ Updating fingerprint examples/bgpv4/BgpWithdrawal6 for 100s [1;33mINSERT[0;0m 8833-3257/~tND
[38;2;200;200;200m[032/914][0;0m [38;2;200;200;200m [0;0m ⏺ Updating fingerprint examples/dhcp -c RebootingDHCP for 500s [1;33mUPDATE[0;0m 3b58-1e2d/~tND
[38;2;200;200;200m[033/914][0;0m [38;2;200;200;200m [0;0m ⏺ Updating fingerprint examples/aodv -c IPv4ModerateFastMobility for 50s [1;33mUPDATE[0;0m dbd9-86b9/~tND
[38;2;200;200;200m[034/914][0;0m [38;2;200;200;200m [0;0m ⏺ Updating fingerprint examples/aodv -c IPv4FastMobility for 50s [1;33mUPDATE[0;0m 1536-ce34/~tND
[38;2;200;200;200m[035/914][0;0m [38;2;200;200;200m [0;0m ⏺ Updating fingerprint examples/bgpv4/BgpWithdrawal6 -c Restart for 160s [1;33mINSERT[0;0m a484-980a/~tND
[38;2;200;200;200m[036/914][0;0m [38;2;200;200;200m [0;0m ⏺ Updating fingerprint examples/adhoc/ieee80211 -c Ping1 for 1000s [1;33mUPDATE[0;0m d61a-f6bf/~tND
[38;2;200;200;200m[037/914][0;0m [38;2;200;200;200m [0;0m ⏺ Updating fingerprint examples/communicationcache -c MapCommunicationCache for 10s [1;33mUPDATE[0;0m d362-d01d/~tND
[1;33mSTDERR [0;36mopp_run_release [0;0m<!> Error: Submodule app: No module type named 'VoipStreamSender' found that implements module interface inet.applications.contract.IApp (not in the loaded NED files?), at /home/levy/workspace/inet-fp-master/src/inet/node/base/ApplicationLayerNodeBase.ned:32 -- in module (inet::NodeBase) DiffservNetwork.client[0] (id=3), during network setup
[38;2;200;200;200m[038/914][0;0m [38;2;200;200;200m [0;0m ⏺ Updating fingerprint examples/clock for 10ms [0;32mKEEP[0;0m 0000-0000/~tND
[38;2;200;200;200m[039/914][0;0m [38;2;200;200;200m [0;0m ⏺ Updating fingerprint examples/communicationcache -c VectorCommunicationCache for 10s [1;33mUPDATE[0;0m d362-d01d/~tND
[38;2;200;200;200m[040/914][0;0m [38;2;200;200;200m [0;0m ⏺ Updating fingerprint examples/diffserv/simple_ -c VoIP_WithPolicing for 50s [1;31mERROR[0;0m None Submodule app: No module type named 'VoipStreamSender' found that implements module interface inet.applications.contract.IApp (not in the loaded NED files?), at /home/levy/workspace/inet-fp-master/src/inet/node/base/ApplicationLayerNodeBase.ned:32 -- in module (inet::NodeBase) DiffservNetwork.client[0] (id=3), during network setup (Calculated fingerprint not found)
[1;33mSTDERR [0;36mopp_run_release [0;0m<!> Error: Submodule app: No module type named 'VoipStreamSender' found that implements module interface inet.applications.contract.IApp (not in the loaded NED files?), at /home/levy/workspace/inet-fp-master/src/inet/node/base/ApplicationLayerNodeBase.ned:32 -- in module (inet::NodeBase) DiffservNetwork.client[0] (id=3), during network setup
[1;33mSTDERR [0;36mopp_run_release [0;0m<!> Error: Submodule app: No module type named 'VoipStreamSender' found that implements module interface inet.applications.contract.IApp (not in the loaded NED files?), at /home/levy/workspace/inet-fp-master/src/inet/node/base/ApplicationLayerNodeBase.ned:32 -- in module (inet::NodeBase) DiffservNetwork.client[0] (id=3), during network setup
[38;2;200;200;200m[041/914][0;0m [38;2;200;200;200m [0;0m ⏺ Updating fingerprint examples/diffserv/onedomain -c Exp15 for 10s [1;33mUPDATE[0;0m 360a-4325/~tND
[38;2;200;200;200m[042/914][0;0m [38;2;200;200;200m [0;0m ⏺ Updating fingerprint examples/diffserv/simple_ -c VoIP_WithoutQoS for 50s [1;31mERROR[0;0m None Submodule app: No module type named 'VoipStreamSender' found that implements module interface inet.applications.contract.IApp (not in the loaded NED files?), at /home/levy/workspace/inet-fp-master/src/inet/node/base/ApplicationLayerNodeBase.ned:32 -- in module (inet::NodeBase) DiffservNetwork.client[0] (id=3), during network setup (Calculated fingerprint not found)
[38;2;200;200;200m[043/914][0;0m [38;2;200;200;200m [0;0m ⏺ Updating fingerprint examples/diffserv/onedomain -c Exp11 for 10s [1;33mUPDATE[0;0m ace2-9f07/~tND
[38;2;200;200;200m[044/914][0;0m [38;2;200;200;200m [0;0m ⏺ Updating fingerprint examples/diffserv/simple_ -c VoIP_WithPolicingAndQueueing for 50s [1;31mERROR[0;0m None Submodule app: No module type named 'VoipStreamSender' found that implements module interface inet.applications.contract.IApp (not in the loaded NED files?), at /home/levy/workspace/inet-fp-master/src/inet/node/base/ApplicationLayerNodeBase.ned:32 -- in module (inet::NodeBase) DiffservNetwork.client[0] (id=3), during network setup (Calculated fingerprint not found)
[38;2;200;200;200m[045/914][0;0m [38;2;200;200;200m [0;0m ⏺ Updating fingerprint examples/diffserv/onedomain -c Exp14 for 10s [1;33mUPDATE[0;0m 1826-0036/~tND
[38;2;200;200;200m[046/914][0;0m [38;2;200;200;200m [0;0m ⏺ Updating fingerprint examples/diffserv/onedomain -c Exp12 for 10s [1;33mUPDATE[0;0m f70e-48e6/~tND
[1;33mSTDERR [0;36mopp_run_release [0;0m<!> Error: Cannot find serializer for inet::EigrpIpv4Hello -- in module (inet::EthernetEncapsulation) EigrpTestNetwork.R2.ethernet (id=98), at t=0.00011438108s, event #6
[38;2;200;200;200m[047/914][0;0m [38;2;200;200;200m [0;0m ⏺ Updating fingerprint examples/communicationcache -c ReferenceCommunicationCache for 10s [1;33mUPDATE[0;0m d362-d01d/~tND
[38;2;200;200;200m[048/914][0;0m [38;2;200;200;200m [0;0m ⏺ Updating fingerprint examples/dhcp -c WiredDHCP for 5000s [1;33mUPDATE[0;0m 0b9e-123b/~tND
[1;33mSTDERR [0;36mopp_run_release [0;0m<!> Error: Cannot find serializer for inet::EigrpIpv4Hello -- in module (inet::EthernetEncapsulation) EigrpTestNetwork.R2.ethernet (id=98), at t=0.00011438108s, event #6
[38;2;200;200;200m[049/914][0;0m [38;2;200;200;200m [0;0m ⏺ Updating fingerprint examples/diffserv/onedomain -c Exp16 for 10s [1;33mUPDATE[0;0m 6ede-59d3/~tND
[38;2;200;200;200m[050/914][0;0m [38;2;200;200;200m [0;0m ⏺ Updating fingerprint examples/diffserv/onedomain -c Exp17 for 10s [1;33mUPDATE[0;0m dded-3880/~tND
[38;2;200;200;200m[051/914][0;0m [38;2;200;200;200m [0;0m ⏺ Updating fingerprint examples/diffserv/onedomain -c Exp24 for 10s [1;33mUPDATE[0;0m 910c-6160/~tND
[38;2;200;200;200m[052/914][0;0m [38;2;200;200;200m [0;0m ⏺ Updating fingerprint examples/diffserv/onedomain -c Exp32 for 10s [1;33mUPDATE[0;0m a665-ed17/~tND
[38;2;200;200;200m[053/914][0;0m [38;2;200;200;200m [0;0m ⏺ Updating fingerprint examples/eigrp/basic -c EIGRP_no_split_horizon for 3min [1;31mERROR[0;0m None Cannot find serializer for inet::EigrpIpv4Hello (Calculated fingerprint not found)
[38;2;200;200;200m[054/914][0;0m [38;2;200;200;200m [0;0m ⏺ Updating fingerprint examples/diffserv/onedomain -c Exp13 for 10s [1;33mUPDATE[0;0m 1ef9-5276/~tND
[38;2;200;200;200m[055/914][0;0m [38;2;200;200;200m [0;0m ⏺ Updating fingerprint examples/empty [1;31mERROR[0;0m[1;33m (unexpected)[0;0m (Exception during task execution) AttributeError("'NoneType' object has no attribute 'stdout'")
[38;2;200;200;200m[056/914][0;0m [38;2;200;200;200m [0;0m ⏺ Updating fingerprint examples/eigrp/basic -c EIGRP_no_load_balanc for 3min [1;31mERROR[0;0m None Cannot find serializer for inet::EigrpIpv4Hello (Calculated fingerprint not found)
[38;2;200;200;200m[057/914][0;0m [38;2;200;200;200m [0;0m ⏺ Updating fingerprint examples/diffserv/onedomain -c Exp31 for 10s [1;33mUPDATE[0;0m e077-7cc3/~tND
[38;2;200;200;200m[058/914][0;0m [38;2;200;200;200m [0;0m ⏺ Updating fingerprint examples/diffserv/onedomain -c Exp33 for 10s [1;33mUPDATE[0;0m a665-ed17/~tND
[38;2;200;200;200m[059/914][0;0m [38;2;200;200;200m [0;0m ⏺ Updating fingerprint examples/diffserv/onedomain -c Exp22 for 10s [1;33mUPDATE[0;0m 6f72-1ef3/~tND
[38;2;200;200;200m[060/914][0;0m [38;2;200;200;200m [0;0m ⏺ Updating fingerprint examples/diffserv/onedomain -c Exp21 for 10s [1;33mUPDATE[0;0m 8bcf-2182/~tND
[38;2;200;200;200m[061/914][0;0m [38;2;200;200;200m [0;0m ⏺ Updating fingerprint examples/diffserv/onedomain -c Exp23 for 10s [1;33mUPDATE[0;0m 9e7c-a6c3/~tND
[1;33mSTDERR [0;36mopp_run_release [0;0m<!> Error: Cannot find serializer for inet::EigrpIpv4Hello -- in module (inet::EthernetEncapsulation) EigrpTestNetwork.R4.ethernet (id=243), at t=0.092338595539s, event #6
[38;2;200;200;200m[062/914][0;0m [38;2;200;200;200m [0;0m ⏺ Updating fingerprint examples/eigrp/basic -c EIGRP_passive_interface for 3min [1;31mERROR[0;0m None Cannot find serializer for inet::EigrpIpv4Hello (Calculated fingerprint not found)
[38;2;200;200;200m[063/914][0;0m [38;2;200;200;200m [0;0m ⏺ Updating fingerprint examples/diffserv/onedomain -c Exp52 for 10s [1;33mUPDATE[0;0m c036-302a/~tND
[38;2;200;200;200m[064/914][0;0m [38;2;200;200;200m [0;0m ⏺ Updating fingerprint examples/diffserv/onedomain -c Exp51 for 10s [1;33mUPDATE[0;0m ee91-d2c9/~tND
[1;33mSTDERR [0;36mopp_run_release [0;0m<!> Error: Cannot find serializer for inet::EigrpIpv4Hello -- in module (inet::EthernetEncapsulation) EigrpTestNetwork.R2.ethernet (id=79), at t=0.00011438108s, event #6
[1;33mSTDERR [0;36mopp_run_release [0;0m<!> Error: Cannot find serializer for inet::EigrpIpv4Hello -- in module (inet::EthernetEncapsulation) EigrpTestNetwork.R2.ethernet (id=98), at t=0.00011438108s, event #6
[1;33mSTDERR [0;36mopp_run_release [0;0m<!> Error: Cannot find serializer for inet::EigrpIpv4Hello -- in module (inet::EthernetEncapsulation) EigrpTestNetwork.R2.ethernet (id=98), at t=0.00011438108s, event #6
[1;33mSTDERR [0;36mopp_run_release [0;0m<!> Error: Cannot find serializer for inet::EigrpIpv4Hello -- in module (inet::EthernetEncapsulation) EigrpTestNetwork.R2.ethernet (id=98), at t=0.00011438108s, event #6
[38;2;200;200;200m[065/914][0;0m [38;2;200;200;200m [0;0m ⏺ Updating fingerprint examples/eigrp/snake for 3min [1;31mERROR[0;0m None Cannot find serializer for inet::EigrpIpv4Hello (Calculated fingerprint not found)
[38;2;200;200;200m[066/914][0;0m [38;2;200;200;200m [0;0m ⏺ Updating fingerprint examples/eigrp/basic -c Scenario1 for 3min [1;31mERROR[0;0m None Cannot find serializer for inet::EigrpIpv4Hello (Calculated fingerprint not found)
[38;2;200;200;200m[067/914][0;0m [38;2;200;200;200m [0;0m ⏺ Updating fingerprint examples/eigrp/basic -c Scenario2 for 3min [1;31mERROR[0;0m None Cannot find serializer for inet::EigrpIpv4Hello (Calculated fingerprint not found)
[38;2;200;200;200m[068/914][0;0m [38;2;200;200;200m [0;0m ⏺ Updating fingerprint examples/eigrp/basic -c EIGRP_unequal_cost_lb for 3min [1;31mERROR[0;0m None Cannot find serializer for inet::EigrpIpv4Hello (Calculated fingerprint not found)
[38;2;200;200;200m[069/914][0;0m [38;2;200;200;200m [0;0m ⏺ Updating fingerprint examples/dhcp -c WirelessDHCP for 500s [1;33mUPDATE[0;0m 03a1-d0f0/~tND
[1;33mSTDERR [0;36mopp_run_release [0;0m<!> Error: Cannot find serializer for inet::EigrpIpv4Hello -- in module (inet::EthernetEncapsulation) EigrpTestNetwork.R2.ethernet (id=98), at t=0.00011438108s, event #6
[1;33mSTDERR [0;36mopp_run_release [0;0m<!> Error: Cannot find serializer for inet::EigrpIpv4Hello -- in module (inet::EthernetEncapsulation) EigrpTestNetwork.R2.ethernet (id=113), at t=0.00011438108s, event #6
[1;33mSTDERR [0;36mopp_run_release [0;0m<!> Error: Cannot find serializer for inet::EigrpIpv4Hello -- in module (inet::EthernetEncapsulation) EigrpTestNetwork.R2.ethernet (id=98), at t=0.00011438108s, event #6
[1;33mSTDERR [0;36mopp_run_release [0;0m<!> Error: Cannot find serializer for inet::EigrpIpv6Hello -- in module (inet::EthernetEncapsulation) EigrpTestNetwork.R2.ethernet (id=95), at t=0.00011438108s, event #6
[1;33mSTDERR [0;36mopp_run_release [0;0m<!> Error: Cannot find serializer for inet::EigrpIpv6Hello -- in module (inet::EthernetEncapsulation) EigrpTestNetwork.R2.ethernet (id=95), at t=0.00011438108s, event #6
[1;33mSTDERR [0;36mopp_run_release [0;0m<!> Error: Cannot find serializer for inet::EigrpIpv6Hello -- in module (inet::EthernetEncapsulation) EigrpTestNetwork.R2.ethernet (id=95), at t=0.00011438108s, event #6
[1;33mSTDERR [0;36mopp_run_release [0;0m<!> Error: Cannot find serializer for inet::EigrpIpv6Hello -- in module (inet::EthernetEncapsulation) EigrpTestNetwork.R2.ethernet (id=95), at t=0.00011438108s, event #6
[1;33mSTDERR [0;36mopp_run_release [0;0m<!> Error: Cannot find serializer for inet::EigrpIpv4Hello -- in module (inet::EthernetEncapsulation) EigrpTestNetwork.R1.ethernet (id=17), at t=0.417021998437s, event #6
[1;33mSTDERR [0;36mopp_run_release [0;0m<!> Error: Cannot find serializer for inet::EigrpIpv6Hello -- in module (inet::EthernetEncapsulation) EigrpTestNetwork.R1.ethernet (id=17), at t=0.417021998437s, event #8
[1;33mSTDERR [0;36mopp_run_release [0;0m<!> Error: Cannot find serializer for inet::EigrpIpv6Hello -- in module (inet::EthernetEncapsulation) EigrpTestNetwork.R1.ethernet (id=31), at t=0.00011438108s, event #6
[38;2;200;200;200m[070/914][0;0m [38;2;200;200;200m [0;0m ⏺ Updating fingerprint examples/eigrp/square_stub_mesh for 3min [1;31mERROR[0;0m None Cannot find serializer for inet::EigrpIpv4Hello (Calculated fingerprint not found)
[38;2;200;200;200m[071/914][0;0m [38;2;200;200;200m [0;0m ⏺ Updating fingerprint examples/eigrp/testing_scenario for 3min [1;31mERROR[0;0m None Cannot find serializer for inet::EigrpIpv4Hello (Calculated fingerprint not found)
[38;2;200;200;200m[072/914][0;0m [38;2;200;200;200m [0;0m ⏺ Updating fingerprint examples/eigrp/square_stub for 3min [1;31mERROR[0;0m None Cannot find serializer for inet::EigrpIpv4Hello (Calculated fingerprint not found)
[1;33mSTDERR [0;36mopp_run_release [0;0m<!> Error: Cannot find serializer for inet::EigrpIpv6Hello -- in module (inet::EthernetEncapsulation) EigrpTestNetwork.R1.ethernet (id=31), at t=0.00011438108s, event #6
[38;2;200;200;200m[073/914][0;0m [38;2;200;200;200m [0;0m ⏺ Updating fingerprint examples/eigrp/testing_scenario6 -c EIGRP-IPv6_exp1_bandwidth-change for 3min [1;31mERROR[0;0m None Cannot find serializer for inet::EigrpIpv6Hello (Calculated fingerprint not found)
[1;33mSTDERR [0;36mopp_run_release [0;0m<!> Error: Cannot find serializer for inet::EigrpIpv6Hello -- in module (inet::EthernetEncapsulation) EigrpTestNetwork.R1.ethernet (id=31), at t=0.00011438108s, event #6
[38;2;200;200;200m[074/914][0;0m [38;2;200;200;200m [0;0m ⏺ Updating fingerprint examples/eigrp/testing_scenario6 -c EIGRP-IPv6_exp1_bandwidth-change_global-addr for 3min [1;31mERROR[0;0m None Cannot find serializer for inet::EigrpIpv6Hello (Calculated fingerprint not found)
[38;2;200;200;200m[075/914][0;0m [38;2;200;200;200m [0;0m ⏺ Updating fingerprint examples/eigrp/testing_scenario6 -c EIGRP-IPv6_exp2_interface-down_global-addr for 3min [1;31mERROR[0;0m None Cannot find serializer for inet::EigrpIpv6Hello (Calculated fingerprint not found)
[38;2;200;200;200m[076/914][0;0m [38;2;200;200;200m [0;0m ⏺ Updating fingerprint examples/eigrp/two_node for 3min [1;31mERROR[0;0m None Cannot find serializer for inet::EigrpIpv4Hello (Calculated fingerprint not found)
[38;2;200;200;200m[077/914][0;0m [38;2;200;200;200m [0;0m ⏺ Updating fingerprint examples/eigrp/testing_scenario_ds -c EIGRP-IPv6_exp2_interface-down for 3min [1;31mERROR[0;0m None Cannot find serializer for inet::EigrpIpv6Hello (Calculated fingerprint not found)
[38;2;200;200;200m[078/914][0;0m [38;2;200;200;200m [0;0m ⏺ Updating fingerprint examples/ethernet/TenBaseT1S -f bestcase.ini -c BestCase for 1ms [1;33mINSERT[0;0m 1983-cc7d/~tND
[38;2;200;200;200m[079/914][0;0m [38;2;200;200;200m [0;0m ⏺ Updating fingerprint examples/eigrp/two_node6 for 3min [1;31mERROR[0;0m None Cannot find serializer for inet::EigrpIpv6Hello (Calculated fingerprint not found)
[38;2;200;200;200m[080/914][0;0m [38;2;200;200;200m [0;0m ⏺ Updating fingerprint examples/eigrp/testing_scenario6 -c EIGRP-IPv6_exp2_interface-down for 3min [1;31mERROR[0;0m None Cannot find serializer for inet::EigrpIpv6Hello (Calculated fingerprint not found)
[38;2;200;200;200m[081/914][0;0m [38;2;200;200;200m [0;0m ⏺ Updating fingerprint examples/eigrp/testing_scenario_ds -c EIGRP-IPv6_exp1_datarate-change_global-addr for 3min [1;31mERROR[0;0m None Cannot find serializer for inet::EigrpIpv6Hello (Calculated fingerprint not found)
[38;2;200;200;200m[082/914][0;0m [38;2;200;200;200m [0;0m ⏺ Updating fingerprint examples/eigrp/testing_scenario_ds -c EIGRP-IPv6_exp1_datarate-change for 3min [1;31mERROR[0;0m None Cannot find serializer for inet::EigrpIpv6Hello (Calculated fingerprint not found)
[1;33mSTDERR [0;36mopp_run_release [0;0m<!> Error: Cannot find serializer for inet::EigrpIpv6Hello -- in module (inet::EthernetEncapsulation) EigrpTestNetwork.R1.ethernet (id=31), at t=0.00011438108s, event #6
[38;2;200;200;200m[083/914][0;0m [38;2;200;200;200m [0;0m ⏺ Updating fingerprint examples/ethernet/TenBaseT1S -f notraffic.ini -c NoTraffic for 100us [1;33mINSERT[0;0m 0000-0000/~tND
[38;2;200;200;200m[084/914][0;0m [38;2;200;200;200m [0;0m ⏺ Updating fingerprint examples/ethernet/TenBaseT1S -f multidrop.ini -c Multidrop for 1ms [1;33mINSERT[0;0m 35ef-6bee/~tND
[38;2;200;200;200m[085/914][0;0m [38;2;200;200;200m [0;0m ⏺ Updating fingerprint examples/eigrp/testing_scenario_ds -c EIGRP-IPv6_exp2_interface-down_global-addr for 3min [1;31mERROR[0;0m None Cannot find serializer for inet::EigrpIpv6Hello (Calculated fingerprint not found)
[38;2;200;200;200m[086/914][0;0m [38;2;200;200;200m [0;0m ⏺ Updating fingerprint examples/ethernet/TenBaseT1S -f mixed.ini -c Mixed for 1ms [1;33mINSERT[0;0m 6d8b-7698/~tND
[38;2;200;200;200m[087/914][0;0m [38;2;200;200;200m [0;0m ⏺ Updating fingerprint examples/ethernet/TenBaseT1S -f smoke.ini -c Smoke for 100ms [1;33mINSERT[0;0m 88b9-e805/~tND
[38;2;200;200;200m[088/914][0;0m [38;2;200;200;200m [0;0m ⏺ Updating fingerprint examples/ethernet/TenBaseT1S -f latency.ini -c Latency for 100ms [1;33mINSERT[0;0m acc0-0094/~tND
[38;2;200;200;200m[089/914][0;0m [38;2;200;200;200m [0;0m ⏺ Updating fingerprint examples/dhcp -c Wireless2DHCP for 500s [1;33mUPDATE[0;0m 6d80-a388/~tND
[1;33mSTDERR [0;36mopp_run_release [0;0m<!> Error: EtherAppResp length = 1 smaller than required 12 bytes -- in module (inet::EthernetEncapsulation) BusLAN.hostA.encap (id=29), at t=46.502507465966s, event #13519
[38;2;200;200;200m[090/914][0;0m [38;2;200;200;200m [0;0m ⏺ Updating fingerprint examples/ethernet/TenBaseT1S -f validation.ini -c CSMACD for 100ms [1;33mINSERT[0;0m f5cc-a0f2/~tND
[38;2;200;200;200m[091/914][0;0m [38;2;200;200;200m [0;0m ⏺ Updating fingerprint examples/ethernet/TenBaseT1S -f validation.ini -c HalfDuplex for 100ms [1;33mINSERT[0;0m f5cc-a0f2/~tND
[38;2;200;200;200m[092/914][0;0m [38;2;200;200;200m [0;0m ⏺ Updating fingerprint examples/ethernet/TenBaseT1S -f worstcase.ini -c WorstCase for 1ms [1;33mINSERT[0;0m 6b54-bfbc/~tND
[38;2;200;200;200m[093/914][0;0m [38;2;200;200;200m [0;0m ⏺ Updating fingerprint examples/ethernet/lans -f bus.ini -c BusLAN for 120s [1;31mERROR[0;0m None EtherAppResp length = 1 smaller than required 12 bytes (Calculated fingerprint not found)
[38;2;200;200;200m[094/914][0;0m [38;2;200;200;200m [0;0m ⏺ Updating fingerprint examples/ethernet/lans -f hub.ini -c Hub1 for 10s [1;33mINSERT[0;0m 5b1f-f81b/~tND
[1;33mSTDERR [0;36mopp_run_release [0;0m<!> Error: EtherAppResp length = 1 smaller than required 12 bytes -- in module (inet::EthernetEncapsulation) HubLAN.hostA.encap (id=20), at t=0.080680803045s, event #13550
[38;2;200;200;200m[095/914][0;0m [38;2;200;200;200m [0;0m ⏺ Updating fingerprint examples/ethernet/lans -f hub.ini -c Hub3 for 10s [1;33mINSERT[0;0m b8b9-f25e/~tND
[38;2;200;200;200m[096/914][0;0m [38;2;200;200;200m [0;0m ⏺ Updating fingerprint examples/ethernet/lans -f hub.ini -c Hub2 for 10s [1;31mERROR[0;0m None EtherAppResp length = 1 smaller than required 12 bytes (Calculated fingerprint not found)
[1;33mSTDERR [0;36mopp_run_release [0;0m<!> Error: EtherAppResp length = 1 smaller than required 12 bytes -- in module (inet::EthernetEncapsulation) SwitchedLAN.hostA.encap (id=20), at t=46.501655675866s, event #8678
[1;33mSTDERR [0;36mopp_run_release [0;0m<!> Error: EtherAppResp length = 1 smaller than required 12 bytes -- in module (inet::EthernetEncapsulation) TwoHosts.hostB.encap (id=29), at t=68.81896345204s, event #5518
[38;2;200;200;200m[097/914][0;0m [38;2;200;200;200m [0;0m ⏺ Updating fingerprint examples/ethernet/TenBaseT1S -f validation.ini -c PLCA for 100ms [1;33mINSERT[0;0m eeb7-5929/~tND
[1;33mSTDERR [0;36mopp_run_release [0;0m<!> Error: EtherAppResp length = 1 smaller than required 12 bytes -- in module (inet::EthernetEncapsulation) SwitchedDuplexLAN.hostA.encap (id=20), at t=0.468676487137s, event #8528
[38;2;200;200;200m[098/914][0;0m [38;2;200;200;200m [0;0m ⏺ Updating fingerprint examples/ethernet/lans -f switch.ini -c SwitchedLAN1 for 1000s [1;31mERROR[0;0m None EtherAppResp length = 1 smaller than required 12 bytes (Calculated fingerprint not found)
[38;2;200;200;200m[099/914][0;0m [38;2;200;200;200m [0;0m ⏺ Updating fingerprint examples/ethernet/lans -f twoHosts.ini -c TwoHosts1 for 120s [1;31mERROR[0;0m None EtherAppResp length = 1 smaller than required 12 bytes (Calculated fingerprint not found)
[38;2;200;200;200m[100/914][0;0m [38;2;200;200;200m [0;0m ⏺ Updating fingerprint examples/ethernet/lans -f duplexswitch.ini -c SwitchedDuplexLAN for 120s [1;31mERROR[0;0m None EtherAppResp length = 1 smaller than required 12 bytes (Calculated fingerprint not found)
[1;33mSTDERR [0;36mopp_run_release [0;0m<!> Error: EtherAppResp length = 1 smaller than required 12 bytes -- in module (inet::EthernetEncapsulation) MixedLAN.switchHostA.encap (id=134), at t=13.576062352711s, event #21218
[1;33mSTDERR [0;36mopp_run_release [0;0m<!> Error: EtherAppResp length = 1 smaller than required 12 bytes -- in module (inet::EthernetEncapsulation) MixedLAN.switchHostA.encap (id=134), at t=13.576062352711s, event #21218
[1;33mSTDERR [0;36mopp_run_release [0;0m<!> Error: EtherAppResp length = 1 smaller than required 12 bytes -- in module (inet::EthernetEncapsulation) SwitchedLAN.hostA.encap (id=20), at t=46.501655675866s, event #8668
[38;2;200;200;200m[101/914][0;0m [38;2;200;200;200m [0;0m ⏺ Updating fingerprint examples/ethernet/lans -c MixedLAN1 for 1200s [1;31mERROR[0;0m None EtherAppResp length = 1 smaller than required 12 bytes (Calculated fingerprint not found)
[38;2;200;200;200m[102/914][0;0m [38;2;200;200;200m [0;0m ⏺ Updating fingerprint examples/ethernet/lans -f mixed.ini -c MixedLAN for 120s [1;31mERROR[0;0m None EtherAppResp length = 1 smaller than required 12 bytes (Calculated fingerprint not found)
[38;2;200;200;200m[103/914][0;0m [38;2;200;200;200m [0;0m ⏺ Updating fingerprint examples/ethernet/lans -f switch.ini -c SwitchedLanPreconf for 1000s [1;31mERROR[0;0m None EtherAppResp length = 1 smaller than required 12 bytes (Calculated fingerprint not found)
[38;2;200;200;200m[104/914][0;0m [38;2;200;200;200m [0;0m ⏺ Updating fingerprint examples/geometry for 100s [1;33mUPDATE[0;0m 0d95-aaea/~tND
[38;2;200;200;200m[105/914][0;0m [38;2;200;200;200m [0;0m ⏺ Updating fingerprint examples/gptp -c nosync1 for 10s [1;33mINSERT[0;0m cd49-7671/~tND
[38;2;200;200;200m[106/914][0;0m [38;2;200;200;200m [0;0m ⏺ Updating fingerprint examples/ethernet/vlan -c Asymmetric for 10ms [1;33mUPDATE[0;0m 8a45-d498/~tND
[38;2;200;200;200m[107/914][0;0m [38;2;200;200;200m [0;0m ⏺ Updating fingerprint examples/gptp -c sync1 for 10s [1;33mINSERT[0;0m 6775-d56e/~tND
[38;2;200;200;200m[108/914][0;0m [38;2;200;200;200m [0;0m ⏺ Updating fingerprint examples/gptp -c nosync2 for 10s [1;33mINSERT[0;0m c0da-4790/~tND
[38;2;200;200;200m[109/914][0;0m [38;2;200;200;200m [0;0m ⏺ Updating fingerprint examples/gptp -c nosync3 for 10s [1;33mINSERT[0;0m 56a3-172c/~tND
[38;2;200;200;200m[110/914][0;0m [38;2;200;200;200m [0;0m ⏺ Updating fingerprint examples/ethernet/vlan -c BetweenHosts for 10ms [1;33mUPDATE[0;0m 9974-3f71/~tND
[38;2;200;200;200m[111/914][0;0m [38;2;200;200;200m [0;0m ⏺ Updating fingerprint examples/gptp -c nosync4 for 10s [1;33mINSERT[0;0m f019-ea02/~tND
[38;2;200;200;200m[112/914][0;0m [38;2;200;200;200m [0;0m ⏺ Updating fingerprint examples/ethernet/vlan -c BetweenSwitches for 10ms [1;33mUPDATE[0;0m dcd1-aa9e/~tND
[38;2;200;200;200m[113/914][0;0m [38;2;200;200;200m [0;0m ⏺ Updating fingerprint examples/gptp -c sync2 for 10s [1;33mINSERT[0;0m f636-d9f0/~tND
[38;2;200;200;200m[114/914][0;0m [38;2;200;200;200m [0;0m ⏺ Updating fingerprint examples/ethernet/vlan -c NoVlan for 10ms [1;33mUPDATE[0;0m 03dc-607b/~tND
[38;2;200;200;200m[115/914][0;0m [38;2;200;200;200m [0;0m ⏺ Updating fingerprint examples/gptp -c sync4 for 10s [1;33mINSERT[0;0m 61da-4ba7/~tND
[38;2;200;200;200m[116/914][0;0m [38;2;200;200;200m [0;0m ⏺ Updating fingerprint examples/gptp -c sync3 for 10s [1;33mINSERT[0;0m d1fa-9406/~tND
[38;2;200;200;200m[117/914][0;0m [38;2;200;200;200m [0;0m ⏺ Updating fingerprint examples/ethernet/vlan -c DoubleTagged for 10ms [1;33mUPDATE[0;0m 2722-5543/~tND
[38;2;200;200;200m[118/914][0;0m [38;2;200;200;200m [0;0m ⏺ Updating fingerprint examples/ethernet/vlan -c VirtualInterface for 10ms [1;33mUPDATE[0;0m fedf-c53a/~tND
[1;33mSTDERR [0;36mopp_run_release [0;0m<!> Error: Submodule tcp: No module type named 'TcpLwip' found that implements module interface inet.transportlayer.contract.ITcp (not in the loaded NED files?), at /home/levy/workspace/inet-fp-master/src/inet/node/base/TransportLayerNodeBase.ned:39 -- in module (inet::NodeBase) BulkTransfer.client1 (id=2), during network setup
[38;2;200;200;200m[119/914][0;0m [38;2;200;200;200m [0;0m ⏺ Updating fingerprint examples/inet/bulktransfer -c inet__lwip for 50s [1;31mERROR[0;0m None Submodule tcp: No module type named 'TcpLwip' found that implements module interface inet.transportlayer.contract.ITcp (not in the loaded NED files?), at /home/levy/workspace/inet-fp-master/src/inet/node/base/TransportLayerNodeBase.ned:39 -- in module (inet::NodeBase) BulkTransfer.client1 (id=2), during network setup (Calculated fingerprint not found)
[38;2;200;200;200m[120/914][0;0m [38;2;200;200;200m [0;0m ⏺ Updating fingerprint examples/inet/broadcast for 20s [1;33mUPDATE[0;0m abb4-e024/~tND
[38;2;200;200;200m[121/914][0;0m [38;2;200;200;200m [0;0m ⏺ Updating fingerprint examples/ieee8021d -c RSTP-Switch3RootByPriority for 200s [1;33mINSERT[0;0m 1ab6-4a04/~tND
[1;33mSTDERR [0;36mopp_run_release [0;0m<!> Error: Submodule tcp: No module type named 'TcpLwip' found that implements module interface inet.transportlayer.contract.ITcp (not in the loaded NED files?), at /home/levy/workspace/inet-fp-master/src/inet/node/base/TransportLayerNodeBase.ned:39 -- in module (inet::NodeBase) BulkTransfer.server (id=5), during network setup
[38;2;200;200;200m[122/914][0;0m [38;2;200;200;200m [0;0m ⏺ Updating fingerprint examples/ieee8021d -c RSTP-Switch1RootByMAC for 200s [1;33mINSERT[0;0m 2794-f60a/~tND
[38;2;200;200;200m[123/914][0;0m [38;2;200;200;200m [0;0m ⏺ Updating fingerprint examples/ieee8021d -c RSTP-Switch7to4BySrcPriority for 200s [1;33mINSERT[0;0m 02ce-2d08/~tND
[38;2;200;200;200m[124/914][0;0m [38;2;200;200;200m [0;0m ⏺ Updating fingerprint examples/inet/bulktransfer -c lwip__inet for 50s [1;31mERROR[0;0m None Submodule tcp: No module type named 'TcpLwip' found that implements module interface inet.transportlayer.contract.ITcp (not in the loaded NED files?), at /home/levy/workspace/inet-fp-master/src/inet/node/base/TransportLayerNodeBase.ned:39 -- in module (inet::NodeBase) BulkTransfer.server (id=5), during network setup (Calculated fingerprint not found)
[38;2;200;200;200m[125/914][0;0m [38;2;200;200;200m [0;0m ⏺ Updating fingerprint examples/ethernet/TenBaseT1S -f paper.ini -c Paper for 1s [1;33mINSERT[0;0m 8489-3121/~tND
[38;2;200;200;200m[126/914][0;0m [38;2;200;200;200m [0;0m ⏺ Updating fingerprint examples/inet/configurator -c Default for 10s [1;33mUPDATE[0;0m 60f4-5f0e/~tND
[38;2;200;200;200m[127/914][0;0m [38;2;200;200;200m [0;0m ⏺ Updating fingerprint examples/ieee8021d -c STP-Switch1RootByMAC for 200s [1;33mINSERT[0;0m ea92-f273/~tND
[1;33mSTDERR [0;36mopp_run_release [0;0m<!> Error: Submodule tcp: No module type named 'TcpLwip' found that implements module interface inet.transportlayer.contract.ITcp (not in the loaded NED files?), at /home/levy/workspace/inet-fp-master/src/inet/node/base/TransportLayerNodeBase.ned:39 -- in module (inet::NodeBase) BulkTransfer.client1 (id=2), during network setup
[38;2;200;200;200m[128/914][0;0m [38;2;200;200;200m [0;0m ⏺ Updating fingerprint examples/ieee8021d -c STP-Switch3RootByPriority for 200s [1;33mINSERT[0;0m ccb3-e150/~tND
[38;2;200;200;200m[129/914][0;0m [38;2;200;200;200m [0;0m ⏺ Updating fingerprint examples/inet/bulktransfer -c lwip__lwip for 50s [1;31mERROR[0;0m None Submodule tcp: No module type named 'TcpLwip' found that implements module interface inet.transportlayer.contract.ITcp (not in the loaded NED files?), at /home/levy/workspace/inet-fp-master/src/inet/node/base/TransportLayerNodeBase.ned:39 -- in module (inet::NodeBase) BulkTransfer.client1 (id=2), during network setup (Calculated fingerprint not found)
[38;2;200;200;200m[130/914][0;0m [38;2;200;200;200m [0;0m ⏺ Updating fingerprint examples/ethernet/simple for 10s [1;33mINSERT[0;0m a801-2386/~tND
[38;2;200;200;200m[131/914][0;0m [38;2;200;200;200m [0;0m ⏺ Updating fingerprint examples/inet/configurator -c DisableDestinationInterfaces for 10s [1;33mUPDATE[0;0m b9c7-25f9/~tND
[38;2;200;200;200m[132/914][0;0m [38;2;200;200;200m [0;0m ⏺ Updating fingerprint examples/inet/configurator -c DisableLink for 10s [1;33mUPDATE[0;0m a3e6-a477/~tND
[38;2;200;200;200m[133/914][0;0m [38;2;200;200;200m [0;0m ⏺ Updating fingerprint examples/inet/configurator -c DisableNode for 10s [1;33mUPDATE[0;0m 3b09-8a48/~tND
[38;2;200;200;200m[134/914][0;0m [38;2;200;200;200m [0;0m ⏺ Updating fingerprint examples/inet/configurator -c DisableSourceHost for 10s [1;33mUPDATE[0;0m b3c2-c072/~tND
[38;2;200;200;200m[135/914][0;0m [38;2;200;200;200m [0;0m ⏺ Updating fingerprint examples/ieee8021d -c STP-Switch7to4BySrcPriority for 200s [1;33mINSERT[0;0m d3d4-451f/~tND
[38;2;200;200;200m[136/914][0;0m [38;2;200;200;200m [0;0m ⏺ Updating fingerprint examples/ethernet/TenBaseT1S -f throughput.ini -c Throughput for 1s [1;33mINSERT[0;0m 1c8e-e2ce/~tND
[1;33mSTDERR [0;36mopp_run_release [0;0m<!> Error: EtherAppResp length = 3 smaller than required 12 bytes -- in module (inet::EthernetEncapsulation) LargeNet.serverB.encap (id=10720), at t=0.000208147948s, event #772
[38;2;200;200;200m[137/914][0;0m [38;2;200;200;200m [0;0m ⏺ Updating fingerprint examples/inet/hierarchical -c Hosts1 for 10000s [1;33mUPDATE[0;0m bebb-e854/~tND
[38;2;200;200;200m[138/914][0;0m [38;2;200;200;200m [0;0m ⏺ Updating fingerprint examples/inet/hierarchical99 [1;31mERROR[0;0m[1;33m (unexpected)[0;0m (Exception during task execution) AttributeError("'NoneType' object has no attribute 'stdout'")
[38;2;200;200;200m[139/914][0;0m [38;2;200;200;200m [0;0m ⏺ Updating fingerprint examples/ethernet/lans -f largeNet.ini -c LargeNet for 5s [1;31mERROR[0;0m None EtherAppResp length = 3 smaller than required 12 bytes (Calculated fingerprint not found)
[38;2;200;200;200m[140/914][0;0m [38;2;200;200;200m [0;0m ⏺ Updating fingerprint examples/inet/igmp -c IGMPv2 for 200s [1;33mUPDATE[0;0m 5df8-d8c6/~tND
[1;33mSTDERR [0;36mopp_run_release [0;0m<!> Error: Cannot find serializer for inet::ProbabilisticBroadcastHeader -- in module (inet::EthernetEncapsulation) Hierarchical99.area11.lan1.host1.ethernet (id=120), at t=1.141658118693s, event #5
[38;2;200;200;200m[141/914][0;0m [38;2;200;200;200m [0;0m ⏺ Updating fingerprint examples/ethernet/arptest -c ARPTest for 500s [1;33mUPDATE[0;0m cffd-821b/~tND
[38;2;200;200;200m[142/914][0;0m [38;2;200;200;200m [0;0m ⏺ Updating fingerprint examples/inet/hierarchical99 -f networklayer.ini -c AdaptiveProbabilisticBroadcast for 10000s [1;31mERROR[0;0m None Cannot find serializer for inet::ProbabilisticBroadcastHeader (Calculated fingerprint not found)
[1;33mSTDERR [0;36mopp_run_release [0;0m<!> Error: Cannot find serializer for inet::FloodingHeader -- in module (inet::EthernetEncapsulation) Hierarchical99.area11.lan1.host1.ethernet (id=120), at t=0.548813502304s, event #4
[38;2;200;200;200m[143/914][0;0m [38;2;200;200;200m [0;0m ⏺ Updating fingerprint examples/inet/igmp -c IGMPv3 for 200s [1;33mUPDATE[0;0m 6d7d-e60d/~tND
[1;33mSTDERR [0;36mopp_run_release [0;0m<!> Error: Cannot find serializer for inet::NextHopForwardingHeader -- in module (inet::EthernetEncapsulation) Hierarchical99.area11.lan1.host1.ethernet (id=120), at t=0.548813502304s, event #4
[38;2;200;200;200m[144/914][0;0m [38;2;200;200;200m [0;0m ⏺ Updating fingerprint examples/inet/bulktransfer -c inet_inet_2b for 50s [1;33mUPDATE[0;0m 7d82-2729/~tND
[38;2;200;200;200m[145/914][0;0m [38;2;200;200;200m [0;0m ⏺ Updating fingerprint examples/inet/hierarchical99 -f networklayer.ini -c Flooding for 10000s [1;31mERROR[0;0m None Cannot find serializer for inet::FloodingHeader (Calculated fingerprint not found)
[38;2;200;200;200m[146/914][0;0m [38;2;200;200;200m [0;0m ⏺ Updating fingerprint examples/inet/bulktransfer -c inet_inet_2a for 50s [1;33mUPDATE[0;0m 05c5-0064/~tND
[38;2;200;200;200m[147/914][0;0m [38;2;200;200;200m [0;0m ⏺ Updating fingerprint examples/inet/ipv4hook [1;31mERROR[0;0m[1;33m (unexpected)[0;0m (Exception during task execution) AttributeError("'NoneType' object has no attribute 'stdout'")
[38;2;200;200;200m[148/914][0;0m [38;2;200;200;200m [0;0m ⏺ Updating fingerprint examples/inet/hierarchical99 -f networklayer.ini -c Generic for 10000s [1;31mERROR[0;0m None Cannot find serializer for inet::NextHopForwardingHeader (Calculated fingerprint not found)
[38;2;200;200;200m[149/914][0;0m [38;2;200;200;200m [0;0m ⏺ Updating fingerprint examples/inet/ipsec -f ipv6.ini -c Multicast6 for 200s [1;33mINSERT[0;0m b28d-c683/~tND
[1;33mSTDERR [0;36mopp_run_release [0;0m<!> Error: Cannot find serializer for inet::ProbabilisticBroadcastHeader -- in module (inet::EthernetEncapsulation) Hierarchical99.area11.lan1.host1.ethernet (id=120), at t=1.141658118693s, event #5
[1;33mSTDERR [0;36mopp_run_release [0;0m<!> Error: Cannot find serializer for inet::WiseRouteHeader -- in module (inet::EthernetEncapsulation) Hierarchical99.area11.lan1.host1.ethernet (id=120), at t=0.548813502304s, event #4
[38;2;200;200;200m[150/914][0;0m [38;2;200;200;200m [0;0m ⏺ Updating fingerprint examples/inet/hierarchical99 -f networklayer.ini -c ProbabilisticBroadcast for 10000s [1;31mERROR[0;0m None Cannot find serializer for inet::ProbabilisticBroadcastHeader (Calculated fingerprint not found)
[1;33mSTDERR [0;36mopp_run_release [0;0m<!> Error: Cannot find serializer for inet::ipsec::IPsecEspHeader -- at t=0.2001393s, event #30
[1;33mSTDERR [0;36mopp_run_release [0;0m<!> Error: Cannot find serializer for inet::ipsec::IPsecEspHeader -- at t=1.0019441s, event #42
[38;2;200;200;200m[151/914][0;0m [38;2;200;200;200m [0;0m ⏺ Updating fingerprint examples/inet/ipsec -f ipv6.ini -c TCPTraffic6 for 200s [1;31mERROR[0;0m None Cannot find serializer for inet::ipsec::IPsecEspHeader -- at t=0.2001393s, event #30 (Calculated fingerprint not found)
[38;2;200;200;200m[152/914][0;0m [38;2;200;200;200m [0;0m ⏺ Updating fingerprint examples/inet/ipsec -f ipv6.ini -c UDPTraffic6 for 200s [1;31mERROR[0;0m None Cannot find serializer for inet::ipsec::IPsecEspHeader -- at t=1.0019441s, event #42 (Calculated fingerprint not found)
[38;2;200;200;200m[153/914][0;0m [38;2;200;200;200m [0;0m ⏺ Updating fingerprint examples/inet/hierarchical99 -f networklayer.ini -c WiseRoute for 10000s [1;31mERROR[0;0m None Cannot find serializer for inet::WiseRouteHeader (Calculated fingerprint not found)
[38;2;200;200;200m[154/914][0;0m [38;2;200;200;200m [0;0m ⏺ Updating fingerprint examples/inet/ipsec -c Multicast for 200s [1;33mINSERT[0;0m 011c-9990/~tND
[1;33mSTDERR [0;36mopp_run_release [0;0m<!> Error: Cannot find serializer for inet::ipsec::IPsecEspHeader -- at t=0.2001073s, event #30
[38;2;200;200;200m[155/914][0;0m [38;2;200;200;200m [0;0m ⏺ Updating fingerprint examples/inet/ipsec -c TCPTraffic for 200s [1;31mERROR[0;0m None Cannot find serializer for inet::ipsec::IPsecEspHeader -- at t=0.2001073s, event #30 (Calculated fingerprint not found)
[1;33mSTDERR [0;36mopp_run_release [0;0m<!> Error: Cannot find serializer for inet::ipsec::IPsecEspHeader -- at t=1.0018737s, event #31
[38;2;200;200;200m[156/914][0;0m [38;2;200;200;200m [0;0m ⏺ Updating fingerprint examples/inet/ipsec -c UDPTraffic for 200s [1;31mERROR[0;0m None Cannot find serializer for inet::ipsec::IPsecEspHeader -- at t=1.0018737s, event #31 (Calculated fingerprint not found)
[38;2;200;200;200m[157/914][0;0m [38;2;200;200;200m [0;0m ⏺ Updating fingerprint examples/inet/nclients -f omnetpp-ping.ini -c Ping for 10s [1;33mINSERT[0;0m 286c-8768/~tND
[38;2;200;200;200m[158/914][0;0m [38;2;200;200;200m [0;0m ⏺ Updating fingerprint examples/ieee8021d -c STP-LargeNet for 200s [1;33mINSERT[0;0m 92f4-b4d4/~tND
[1;33mSTDERR [0;36mopp_run_release [0;0m<!> Error: Submodule tcp: No module type named 'TcpLwip' found that implements module interface inet.transportlayer.contract.ITcp (not in the loaded NED files?), at /home/levy/workspace/inet-fp-master/src/inet/node/base/TransportLayerNodeBase.ned:39 -- in module (inet::NodeBase) NClients.cli[0] (id=6), during network setup
[38;2;200;200;200m[159/914][0;0m [38;2;200;200;200m [0;0m ⏺ Updating fingerprint examples/inet/nclients for 3000s [1;33mINSERT[0;0m c802-979b/~tND
[38;2;200;200;200m[160/914][0;0m [38;2;200;200;200m [0;0m ⏺ Updating fingerprint examples/inet/nclients -c inet__lwip for 3000s [1;31mERROR[0;0m None Submodule tcp: No module type named 'TcpLwip' found that implements module interface inet.transportlayer.contract.ITcp (not in the loaded NED files?), at /home/levy/workspace/inet-fp-master/src/inet/node/base/TransportLayerNodeBase.ned:39 -- in module (inet::NodeBase) NClients.cli[0] (id=6), during network setup (Calculated fingerprint not found)
[38;2;200;200;200m[161/914][0;0m [38;2;200;200;200m [0;0m ⏺ Updating fingerprint examples/inet/nclients -c inet__inet for 3000s [1;33mINSERT[0;0m c802-979b/~tND
[38;2;200;200;200m[162/914][0;0m [38;2;200;200;200m [0;0m ⏺ Updating fingerprint examples/inet/bulktransfer -c inet__inet for 50s [1;33mUPDATE[0;0m bcb7-108d/~tND
[1;33mSTDERR [0;36mopp_run_release [0;0m<!> Error: Submodule tcp: No module type named 'TcpLwip' found that implements module interface inet.transportlayer.contract.ITcp (not in the loaded NED files?), at /home/levy/workspace/inet-fp-master/src/inet/node/base/TransportLayerNodeBase.ned:39 -- in module (inet::NodeBase) NClients.srv (id=10), during network setup
[38;2;200;200;200m[163/914][0;0m [38;2;200;200;200m [0;0m ⏺ Updating fingerprint examples/inet/nclients -c lwip__inet for 3000s [1;31mERROR[0;0m None Submodule tcp: No module type named 'TcpLwip' found that implements module interface inet.transportlayer.contract.ITcp (not in the loaded NED files?), at /home/levy/workspace/inet-fp-master/src/inet/node/base/TransportLayerNodeBase.ned:39 -- in module (inet::NodeBase) NClients.srv (id=10), during network setup (Calculated fingerprint not found)
[1;33mSTDERR [0;36mopp_run_release [0;0m<!> Error: Submodule tcp: No module type named 'TcpLwip' found that implements module interface inet.transportlayer.contract.ITcp (not in the loaded NED files?), at /home/levy/workspace/inet-fp-master/src/inet/node/base/TransportLayerNodeBase.ned:39 -- in module (inet::NodeBase) NClients.cli[0] (id=6), during network setup
[38;2;200;200;200m[164/914][0;0m [38;2;200;200;200m [0;0m ⏺ Updating fingerprint examples/inet/nclients -c lwip__lwip for 3000s [1;31mERROR[0;0m None Submodule tcp: No module type named 'TcpLwip' found that implements module interface inet.transportlayer.contract.ITcp (not in the loaded NED files?), at /home/levy/workspace/inet-fp-master/src/inet/node/base/TransportLayerNodeBase.ned:39 -- in module (inet::NodeBase) NClients.cli[0] (id=6), during network setup (Calculated fingerprint not found)
[38;2;200;200;200m[165/914][0;0m [38;2;200;200;200m [0;0m ⏺ Updating fingerprint examples/ieee8021as -c Network for 200s [1;33mUPDATE[0;0m a59c-3c19/~tND
[38;2;200;200;200m[166/914][0;0m [38;2;200;200;200m [0;0m ⏺ Updating fingerprint examples/ieee8021d -c STP-LinkReconnect for 200s [1;33mINSERT[0;0m e330-d0cc/~tND
[38;2;200;200;200m[167/914][0;0m [38;2;200;200;200m [0;0m ⏺ Updating fingerprint examples/inet/flatnet for 200s [1;33mUPDATE[0;0m a50b-f1f1/~tND
[38;2;200;200;200m[168/914][0;0m [38;2;200;200;200m [0;0m ⏺ Updating fingerprint examples/adhoc/qos -c MsduAggregation for 5s [1;33mINSERT[0;0m a054-6a65/~tND
[38;2;200;200;200m[169/914][0;0m [38;2;200;200;200m [0;0m ⏺ Updating fingerprint examples/ieee8021d -c RSTP-LinkReconnect for 200s [1;33mINSERT[0;0m 25f5-9ab4/~tND
[38;2;200;200;200m[170/914][0;0m [38;2;200;200;200m [0;0m ⏺ Updating fingerprint examples/inet/routerperf for 100s [1;33mUPDATE[0;0m d507-0f72/~tND
[38;2;200;200;200m[171/914][0;0m [38;2;200;200;200m [0;0m ⏺ Updating fingerprint examples/ieee8021d -c RSTP-LargeNet for 200s [1;33mINSERT[0;0m df93-ceb8/~tND
[38;2;200;200;200m[172/914][0;0m [38;2;200;200;200m [0;0m ⏺ Updating fingerprint examples/inet/nclients -f basicHTTP.ini for 1d [1;33mINSERT[0;0m 77b4-cebc/~tND
[38;2;200;200;200m[173/914][0;0m [38;2;200;200;200m [0;0m ⏺ Updating fingerprint examples/inet/shutdownrestart -c Ping for 100s [1;33mUPDATE[0;0m df4a-8252/~tND
[38;2;200;200;200m[174/914][0;0m [38;2;200;200;200m [0;0m ⏺ Updating fingerprint examples/inet/kidsnw1 for 1000s [1;33mUPDATE[0;0m 3ae7-c270/~tND
[38;2;200;200;200m[175/914][0;0m [38;2;200;200;200m [0;0m ⏺ Updating fingerprint examples/inet/netperfmeter -c TraceFile-Sctp for 3600s 1ms [1;33mINSERT[0;0m 7f25-76eb/~tND
[1;33mSTDERR [0;36mopp_run_release [0;0m<!> Error: Submodule tcp: No module type named 'TcpLwip' found that implements module interface inet.transportlayer.contract.ITcp (not in the loaded NED files?), at /home/levy/workspace/inet-fp-master/src/inet/node/base/TransportLayerNodeBase.ned:39 -- in module (inet::NodeBase) NClients.cli[0] (id=6), during network setup
[38;2;200;200;200m[176/914][0;0m [38;2;200;200;200m [0;0m ⏺ Updating fingerprint examples/inet/netperfmeter -c TraceFile-Udp for 3600s 1ms [1;33mINSERT[0;0m 4ab0-1760/~tND
[38;2;200;200;200m[177/914][0;0m [38;2;200;200;200m [0;0m ⏺ Updating fingerprint examples/inet/netperfmeter -c TraceFile-Tcp for 3600s 1ms [1;33mINSERT[0;0m a8da-4dca/~tND
[38;2;200;200;200m[178/914][0;0m [38;2;200;200;200m [0;0m ⏺ Updating fingerprint examples/inet/shutdownrestart -c TcpLwip for 100s [1;31mERROR[0;0m None Submodule tcp: No module type named 'TcpLwip' found that implements module interface inet.transportlayer.contract.ITcp (not in the loaded NED files?), at /home/levy/workspace/inet-fp-master/src/inet/node/base/TransportLayerNodeBase.ned:39 -- in module (inet::NodeBase) NClients.cli[0] (id=6), during network setup (Calculated fingerprint not found)
[38;2;200;200;200m[179/914][0;0m [38;2;200;200;200m [0;0m ⏺ Updating fingerprint examples/inet/shutdownrestart -c TCP for 100s [1;33mINSERT[0;0m 9d3e-aa3e/~tND
[38;2;200;200;200m[180/914][0;0m [38;2;200;200;200m [0;0m ⏺ Updating fingerprint examples/inet/hierarchical -c Hosts16 for 10000s [1;33mUPDATE[0;0m 62ce-e645/~tND
[38;2;200;200;200m[181/914][0;0m [38;2;200;200;200m [0;0m ⏺ Updating fingerprint examples/inet/shutdownrestart -c UDP_Basic_Echo for 100s [1;33mUPDATE[0;0m a447-3c9e/~tND
[38;2;200;200;200m[182/914][0;0m [38;2;200;200;200m [0;0m ⏺ Updating fingerprint examples/inet/pcaprecorder for 5000s [1;33mUPDATE[0;0m 1a93-23c7/~tND
[38;2;200;200;200m[183/914][0;0m [38;2;200;200;200m [0;0m ⏺ Updating fingerprint examples/inet/shutdownrestart -c UDP_VideoStream for 100s [1;33mUPDATE[0;0m 7649-1b67/~tND
[38;2;200;200;200m[184/914][0;0m [38;2;200;200;200m [0;0m ⏺ Updating fingerprint examples/ethernet/arptest2 -c ARPTest for 500s [1;33mUPDATE[0;0m 4f55-fc1f/~tND
[38;2;200;200;200m[185/914][0;0m [38;2;200;200;200m [0;0m ⏺ Updating fingerprint examples/inet/tcp_pmtud -c PmtudDisabled for 300s [1;33mINSERT[0;0m 9494-e8fd/~tND
[38;2;200;200;200m[186/914][0;0m [38;2;200;200;200m [0;0m ⏺ Updating fingerprint examples/inet/shutdownrestart -c UDP_Burst_Sink for 100s [1;33mUPDATE[0;0m 802e-7c05/~tND
[38;2;200;200;200m[187/914][0;0m [38;2;200;200;200m [0;0m ⏺ Updating fingerprint examples/inet/tcp_pmtud -c PmtudProbe for 300s [1;33mINSERT[0;0m d0c5-950a/~tND
[38;2;200;200;200m[188/914][0;0m [38;2;200;200;200m [0;0m ⏺ Updating fingerprint examples/inet/tcp_pmtud -c PmtudEnabled for 300s [1;33mINSERT[0;0m ffcf-2eb2/~tND
[38;2;200;200;200m[189/914][0;0m [38;2;200;200;200m [0;0m ⏺ Updating fingerprint examples/inet/tcp_ppp_reconnect for 10s [1;33mUPDATE[0;0m 8fb2-3f81/~tND
[38;2;200;200;200m[190/914][0;0m [38;2;200;200;200m [0;0m ⏺ Updating fingerprint examples/inet/tcpapp -c BurstyTraffic for 100s [1;33mUPDATE[0;0m 46f9-d53a/~tND
[38;2;200;200;200m[191/914][0;0m [38;2;200;200;200m [0;0m ⏺ Updating fingerprint examples/inet/tcp_eth_reconnect -c with_EtherMAC_halfduplex for 10s [1;33mUPDATE[0;0m 4617-e867/~tND
[38;2;200;200;200m[192/914][0;0m [38;2;200;200;200m [0;0m ⏺ Updating fingerprint examples/inet/tcpapp -c RequestResponseTraffic for 100s [1;33mUPDATE[0;0m 9230-2ba7/~tND
[38;2;200;200;200m[193/914][0;0m [38;2;200;200;200m [0;0m ⏺ Updating fingerprint examples/ieee8021as -c Network_daisy_chain for 200s [1;33mUPDATE[0;0m a651-8c82/~tND
[38;2;200;200;200m[194/914][0;0m [38;2;200;200;200m [0;0m ⏺ Updating fingerprint examples/inet/tcpclientserver -c inet-dumb for 500s [1;33mUPDATE[0;0m 0167-610e/~tND
[38;2;200;200;200m[195/914][0;0m [38;2;200;200;200m [0;0m ⏺ Updating fingerprint examples/inet/nclients -f filetransfer.ini -c Filetransfer for 50s [1;33mUPDATE[0;0m 3631-4bf7/~tND
[38;2;200;200;200m[196/914][0;0m [38;2;200;200;200m [0;0m ⏺ Updating fingerprint examples/inet/tcpclientserver -c inet-newreno for 500s [1;33mUPDATE[0;0m d01f-7a7c/~tND
[1;33mSTDERR [0;36mopp_run_release [0;0m<!> Error: Submodule tcp: No module type named 'TcpLwip' found that implements module interface inet.transportlayer.contract.ITcp (not in the loaded NED files?), at /home/levy/workspace/inet-fp-master/src/inet/node/base/TransportLayerNodeBase.ned:39 -- in module (inet::NodeBase) ClientServer.client1 (id=2), during network setup
[38;2;200;200;200m[197/914][0;0m [38;2;200;200;200m [0;0m ⏺ Updating fingerprint examples/inet/tcpclientserver -c inet-nocongestioncontrol for 500s [1;33mUPDATE[0;0m 01ea-7099/~tND
[38;2;200;200;200m[198/914][0;0m [38;2;200;200;200m [0;0m ⏺ Updating fingerprint examples/inet/tcpclientserver -c inet__lwip for 100s [1;31mERROR[0;0m None Submodule tcp: No module type named 'TcpLwip' found that implements module interface inet.transportlayer.contract.ITcp (not in the loaded NED files?), at /home/levy/workspace/inet-fp-master/src/inet/node/base/TransportLayerNodeBase.ned:39 -- in module (inet::NodeBase) ClientServer.client1 (id=2), during network setup (Calculated fingerprint not found)
[38;2;200;200;200m[199/914][0;0m [38;2;200;200;200m [0;0m ⏺ Updating fingerprint examples/inet/tcpclientserver -c inet-reno for 500s [1;33mUPDATE[0;0m af1d-0c3b/~tND
[38;2;200;200;200m[200/914][0;0m [38;2;200;200;200m [0;0m ⏺ Updating fingerprint examples/inet/tcpclientserver -c inet-vegas for 500s [1;33mUPDATE[0;0m 8945-5ad9/~tND
[38;2;200;200;200m[201/914][0;0m [38;2;200;200;200m [0;0m ⏺ Updating fingerprint examples/inet/tcpclientserver -c inet-tahoe for 500s [1;33mUPDATE[0;0m af1d-0c3b/~tND
[38;2;200;200;200m[202/914][0;0m [38;2;200;200;200m [0;0m ⏺ Updating fingerprint examples/inet/tcp_eth_reconnect -c with_EtherMACFullDuplex for 10s [1;33mUPDATE[0;0m 46a8-6414/~tND
[38;2;200;200;200m[203/914][0;0m [38;2;200;200;200m [0;0m ⏺ Updating fingerprint examples/inet/tcp_eth_reconnect -c with_EtherMAC_fullduplex for 10s [1;33mUPDATE[0;0m 0b79-d821/~tND
[38;2;200;200;200m[204/914][0;0m [38;2;200;200;200m [0;0m ⏺ Updating fingerprint examples/inet/tcpclientserver -c inet-westwood for 500s [1;33mUPDATE[0;0m f7b0-c24b/~tND
[1;33mSTDERR [0;36mopp_run_release [0;0m<!> Error: Submodule tcp: No module type named 'TcpLwip' found that implements module interface inet.transportlayer.contract.ITcp (not in the loaded NED files?), at /home/levy/workspace/inet-fp-master/src/inet/node/base/TransportLayerNodeBase.ned:39 -- in module (inet::NodeBase) ClientServer.client1 (id=2), during network setup
[1;33mSTDERR [0;36mopp_run_release [0;0m<!> Error: Submodule tcp: No module type named 'TcpLwip' found that implements module interface inet.transportlayer.contract.ITcp (not in the loaded NED files?), at /home/levy/workspace/inet-fp-master/src/inet/node/base/TransportLayerNodeBase.ned:39 -- in module (inet::NodeBase) ClientServer.server (id=3), during network setup
[38;2;200;200;200m[205/914][0;0m [38;2;200;200;200m [0;0m ⏺ Updating fingerprint examples/inet/tcpclientserver -c lwip__lwip for 100s [1;31mERROR[0;0m None Submodule tcp: No module type named 'TcpLwip' found that implements module interface inet.transportlayer.contract.ITcp (not in the loaded NED files?), at /home/levy/workspace/inet-fp-master/src/inet/node/base/TransportLayerNodeBase.ned:39 -- in module (inet::NodeBase) ClientServer.client1 (id=2), during network setup (Calculated fingerprint not found)
[38;2;200;200;200m[206/914][0;0m [38;2;200;200;200m [0;0m ⏺ Updating fingerprint examples/inet/tcpclientserver -c lwip__inet for 100s [1;31mERROR[0;0m None Submodule tcp: No module type named 'TcpLwip' found that implements module interface inet.transportlayer.contract.ITcp (not in the loaded NED files?), at /home/levy/workspace/inet-fp-master/src/inet/node/base/TransportLayerNodeBase.ned:39 -- in module (inet::NodeBase) ClientServer.server (id=3), during network setup (Calculated fingerprint not found)
[38;2;200;200;200m[207/914][0;0m [38;2;200;200;200m [0;0m ⏺ Updating fingerprint examples/inet/multicast for 2000s [1;33mUPDATE[0;0m 57b6-5563/~tND
[1;33mSTDERR [0;36mopp_run_release [0;0m<!> Error: Submodule tcp: No module type named 'TcpLwip' found that implements module interface inet.transportlayer.contract.ITcp (not in the loaded NED files?), at /home/levy/workspace/inet-fp-master/src/inet/node/base/TransportLayerNodeBase.ned:39 -- in module (inet::NodeBase) ClientServer.client1 (id=2), during network setup
[1;33mSTDERR [0;36mopp_run_release [0;0m<!> Error: Submodule tcp: No module type named 'TcpLwip' found that implements module interface inet.transportlayer.contract.ITcp (not in the loaded NED files?), at /home/levy/workspace/inet-fp-master/src/inet/node/base/TransportLayerNodeBase.ned:39 -- in module (inet::NodeBase) ClientServer.client1 (id=2), during network setup
[38;2;200;200;200m[208/914][0;0m [38;2;200;200;200m [0;0m ⏺ Updating fingerprint examples/inet/tcpclientserver -c lwip__lwip__stream for 100s [1;31mERROR[0;0m None Submodule tcp: No module type named 'TcpLwip' found that implements module interface inet.transportlayer.contract.ITcp (not in the loaded NED files?), at /home/levy/workspace/inet-fp-master/src/inet/node/base/TransportLayerNodeBase.ned:39 -- in module (inet::NodeBase) ClientServer.client1 (id=2), during network setup (Calculated fingerprint not found)
[38;2;200;200;200m[209/914][0;0m [38;2;200;200;200m [0;0m ⏺ Updating fingerprint examples/inet/tcpclientserver -c lwip__lwip__msg for 100s [1;31mERROR[0;0m None Submodule tcp: No module type named 'TcpLwip' found that implements module interface inet.transportlayer.contract.ITcp (not in the loaded NED files?), at /home/levy/workspace/inet-fp-master/src/inet/node/base/TransportLayerNodeBase.ned:39 -- in module (inet::NodeBase) ClientServer.client1 (id=2), during network setup (Calculated fingerprint not found)
[38;2;200;200;200m[210/914][0;0m [38;2;200;200;200m [0;0m ⏺ Updating fingerprint examples/inet/tcpclientserver -c default_tcp for 100s [1;33mUPDATE[0;0m e978-650b/~tND
[38;2;200;200;200m[211/914][0;0m [38;2;200;200;200m [0;0m ⏺ Updating fingerprint examples/inet/ber -c ber-flavour-experiment for 60.0s [1;33mINSERT[0;0m e67e-cf10/~tND
[1;33mSTDERR [0;36mopp_run_release [0;0m<!> Error: The simulation attempted to prompt for user input, set cmdenv-interactive=true to allow it: "Enter parameter 'ClientServer.client1.tcp.windowScalingFactor' (ask):" -- in module (inet::tcp::Tcp) ClientServer.client1.tcp (id=18), during network setup
[38;2;200;200;200m[212/914][0;0m [38;2;200;200;200m [0;0m ⏺ Updating fingerprint examples/inet/ber -c ber-sack-experiment for 60.0s [1;33mINSERT[0;0m df87-7da8/~tND
[38;2;200;200;200m[213/914][0;0m [38;2;200;200;200m [0;0m ⏺ Updating fingerprint examples/inet/tcpthroughput -c Delay-100ms-advWin1MB for 100s [1;31mERROR[0;0m None (Calculated fingerprint not found)
[38;2;200;200;200m[214/914][0;0m [38;2;200;200;200m [0;0m ⏺ Updating fingerprint examples/inet/tcpclientserver -c inet__inet_stream for 100s [1;33mUPDATE[0;0m a223-dea4/~tND
[38;2;200;200;200m[215/914][0;0m [38;2;200;200;200m [0;0m ⏺ Updating fingerprint examples/inet/tcpclientserver -c inet__inet for 100s [1;33mUPDATE[0;0m e978-650b/~tND
[38;2;200;200;200m[216/914][0;0m [38;2;200;200;200m [0;0m ⏺ Updating fingerprint examples/inet/redmarker -c TcpSender1 for 100s [1;33mUPDATE[0;0m 8c2b-09f5/~tND
[38;2;200;200;200m[217/914][0;0m [38;2;200;200;200m [0;0m ⏺ Updating fingerprint examples/inet/tunnel -c UDPApp for 10s [1;33mUPDATE[0;0m cc35-b74e/~tND
[38;2;200;200;200m[218/914][0;0m [38;2;200;200;200m [0;0m ⏺ Updating fingerprint examples/inet/tcpclientserver -c inet__inet_msg for 100s [1;33mUPDATE[0;0m e402-a80b/~tND
[38;2;200;200;200m[219/914][0;0m [38;2;200;200;200m [0;0m ⏺ Updating fingerprint examples/inet/udpapp -c BurstyTraffic for 100s [1;33mUPDATE[0;0m 9081-8cb9/~tND
[38;2;200;200;200m[220/914][0;0m [38;2;200;200;200m [0;0m ⏺ Updating fingerprint examples/inet/udpapp -c RequestResponseTraffic for 100s [1;33mUPDATE[0;0m e703-90f6/~tND
[38;2;200;200;200m[221/914][0;0m [38;2;200;200;200m [0;0m ⏺ Updating fingerprint examples/inet/udpclientserver -c udp_Fragment_ipv4 for 10s [1;33mUPDATE[0;0m 7da8-1bd3/~tND
[38;2;200;200;200m[222/914][0;0m [38;2;200;200;200m [0;0m ⏺ Updating fingerprint examples/inet/udpclientserver -c udp_Host_Unav_ipv6 for 10s [1;33mUPDATE[0;0m d59b-2091/~tND
[38;2;200;200;200m[223/914][0;0m [38;2;200;200;200m [0;0m ⏺ Updating fingerprint examples/inet/udpclientserver -c udp_OK_gn for 10s [0;32mKEEP[0;0m 0000-0000/~tND
[38;2;200;200;200m[224/914][0;0m [38;2;200;200;200m [0;0m ⏺ Updating fingerprint examples/inet/udpclientserver -c udp_Host_Unav_gn for 10s [0;32mKEEP[0;0m 0000-0000/~tND
[38;2;200;200;200m[225/914][0;0m [38;2;200;200;200m [0;0m ⏺ Updating fingerprint examples/inet/udpclientserver -c udp_Host_Unav_ipv4 for 10s [0;32mKEEP[0;0m 0000-0000/~tND
[38;2;200;200;200m[226/914][0;0m [38;2;200;200;200m [0;0m ⏺ Updating fingerprint examples/inet/udpclientserver -c udp_OK_ipv4 for 10s [1;33mUPDATE[0;0m fa96-4320/~tND
[38;2;200;200;200m[227/914][0;0m [38;2;200;200;200m [0;0m ⏺ Updating fingerprint examples/inet/udpclientserver -c udp_OK_ipv4_clock_adjust for 10s [1;33mUPDATE[0;0m fef0-dbaf/~tND
[38;2;200;200;200m[228/914][0;0m [38;2;200;200;200m [0;0m ⏺ Updating fingerprint examples/inet/tcpthroughput -c Delay-100ms for 100s [1;33mINSERT[0;0m 1868-49dd/~tND
[38;2;200;200;200m[229/914][0;0m [38;2;200;200;200m [0;0m ⏺ Updating fingerprint examples/inet/udpclientserver -c udp_OK_ipv4_clock for 10s [1;33mUPDATE[0;0m fa96-4320/~tND
[38;2;200;200;200m[230/914][0;0m [38;2;200;200;200m [0;0m ⏺ Updating fingerprint examples/inet/udpclientserver -c udp_OK_ipv4_clock_drift for 10s [1;33mUPDATE[0;0m fef0-dbaf/~tND
[38;2;200;200;200m[231/914][0;0m [38;2;200;200;200m [0;0m ⏺ Updating fingerprint examples/inet/udpclientserver -c udp_OK_ipv6 for 10s [1;33mUPDATE[0;0m acbb-4748/~tND
[38;2;200;200;200m[232/914][0;0m [38;2;200;200;200m [0;0m ⏺ Updating fingerprint examples/inet/nclients -f nclients2.ini for 50s [1;33mINSERT[0;0m 5d44-1897/~tND
[38;2;200;200;200m[233/914][0;0m [38;2;200;200;200m [0;0m ⏺ Updating fingerprint examples/inet/udpclientserver -c udp_Port_Unav_ipv4 for 10s [1;33mUPDATE[0;0m f493-5b1b/~tND
[38;2;200;200;200m[234/914][0;0m [38;2;200;200;200m [0;0m ⏺ Updating fingerprint examples/inet/udpclientserver -c udp_Port_Unav_ipv6 for 10s [1;33mUPDATE[0;0m d2e8-14c4/~tND
[38;2;200;200;200m[235/914][0;0m [38;2;200;200;200m [0;0m ⏺ Updating fingerprint examples/inet/nclients -f video.ini -c Video for 50s [1;33mUPDATE[0;0m 6004-176f/~tND
[38;2;200;200;200m[236/914][0;0m [38;2;200;200;200m [0;0m ⏺ Updating fingerprint examples/inet/udpclientserver -c udp_Port_Unav_gn for 10s [0;32mKEEP[0;0m 0000-0000/~tND
[38;2;200;200;200m[237/914][0;0m [38;2;200;200;200m [0;0m ⏺ Updating fingerprint examples/internetcloud/cloudandhosts -c simple for 100s [1;33mUPDATE[0;0m 888a-2a1c/~tND
[38;2;200;200;200m[238/914][0;0m [38;2;200;200;200m [0;0m ⏺ Updating fingerprint examples/internetcloud/cloudandrouters -c simple for 100s [1;33mUPDATE[0;0m b34c-9394/~tND
[38;2;200;200;200m[239/914][0;0m [38;2;200;200;200m [0;0m ⏺ Updating fingerprint examples/internetcloud/cloudandhosts -c ten_senders for 100s [1;33mUPDATE[0;0m 8c26-9b41/~tND
[38;2;200;200;200m[240/914][0;0m [38;2;200;200;200m [0;0m ⏺ Updating fingerprint examples/ipv6/ipv6configurator -c CustomRA for 120s [1;33mINSERT[0;0m 0104-5e02/~tND
[38;2;200;200;200m[241/914][0;0m [38;2;200;200;200m [0;0m ⏺ Updating fingerprint examples/ipv6/ipv6configurator -c Hierarchical for 60s [1;33mINSERT[0;0m 6a95-ee5e/~tND
[38;2;200;200;200m[242/914][0;0m [38;2;200;200;200m [0;0m ⏺ Updating fingerprint examples/ipv6/ipv6configurator -c Default for 60s [1;33mINSERT[0;0m aaf7-dc15/~tND
[38;2;200;200;200m[243/914][0;0m [38;2;200;200;200m [0;0m ⏺ Updating fingerprint examples/internetcloud/cloudandhosts -c two_senders for 100s [1;33mUPDATE[0;0m da16-33e4/~tND
[38;2;200;200;200m[244/914][0;0m [38;2;200;200;200m [0;0m ⏺ Updating fingerprint examples/ipv6/ipv6configurator -c ManualRouters for 120s [1;33mINSERT[0;0m 6f5d-8f38/~tND
[38;2;200;200;200m[245/914][0;0m [38;2;200;200;200m [0;0m ⏺ Updating fingerprint examples/inet/tunnel -c TcpApp for 10s [1;33mUPDATE[0;0m 83a8-6a55/~tND
[38;2;200;200;200m[246/914][0;0m [38;2;200;200;200m [0;0m ⏺ Updating fingerprint examples/ipv6/mld for 30s [1;33mINSERT[0;0m bf5b-0ef0/~tND
[38;2;200;200;200m[247/914][0;0m [38;2;200;200;200m [0;0m ⏺ Updating fingerprint examples/ipv6/mld -c MldDemo for 30s [1;33mINSERT[0;0m 5093-b56c/~tND
[38;2;200;200;200m[248/914][0;0m [38;2;200;200;200m [0;0m ⏺ Updating fingerprint examples/ipv6/mld -c MldV2Ssm for 30s [1;33mINSERT[0;0m 70f4-bcd5/~tND
[38;2;200;200;200m[249/914][0;0m [38;2;200;200;200m [0;0m ⏺ Updating fingerprint examples/inet/udpburst for 1000s [1;33mUPDATE[0;0m fb52-e71d/~tND
[38;2;200;200;200m[250/914][0;0m [38;2;200;200;200m [0;0m ⏺ Updating fingerprint examples/ipv6/mipv6 -c RouteOptimizationTwoCNs for 60s [1;33mINSERT[0;0m 9417-4e09/~tND
[38;2;200;200;200m[251/914][0;0m [38;2;200;200;200m [0;0m ⏺ Updating fingerprint examples/ipv6/nclients -c PPP_SCTP for 100s [1;33mUPDATE[0;0m f202-4c02/~tND
[38;2;200;200;200m[252/914][0;0m [38;2;200;200;200m [0;0m ⏺ Updating fingerprint examples/internetcloud/cloudandrouters -c ten_senders for 100s [1;33mUPDATE[0;0m 4c99-2158/~tND
[38;2;200;200;200m[253/914][0;0m [38;2;200;200;200m [0;0m ⏺ Updating fingerprint examples/adhoc/qos -c MacNonQos for 5s [1;33mINSERT[0;0m 70cd-2e7a/~tND
[38;2;200;200;200m[254/914][0;0m [38;2;200;200;200m [0;0m ⏺ Updating fingerprint examples/ipv6/mipv6 -c Handover for 70s [1;33mINSERT[0;0m 75d2-3220/~tND
[38;2;200;200;200m[255/914][0;0m [38;2;200;200;200m [0;0m ⏺ Updating fingerprint examples/internetcloud/cloudandrouters -c two_senders for 100s [1;33mUPDATE[0;0m 7ecd-545a/~tND
[38;2;200;200;200m[256/914][0;0m [38;2;200;200;200m [0;0m ⏺ Updating fingerprint examples/ipv6/mipv6roaming -c Roaming for 70s [1;33mINSERT[0;0m 858b-6428/~tND
[38;2;200;200;200m[257/914][0;0m [38;2;200;200;200m [0;0m ⏺ Updating fingerprint examples/ipv6/pmipv6 for 60s [1;33mINSERT[0;0m cd93-bb53/~tND
[1;33mSTDERR [0;36mopp_run_release [0;0m<!> Error: Cannot find serializer for inet::NextHopForwardingHeader -- in module (inet::ieee80211::Tx) DYMONetwork.host[0].wlan[0].mac.tx (id=67), at t=10.005928446164s, event #10
[38;2;200;200;200m[258/914][0;0m [38;2;200;200;200m [0;0m ⏺ Updating fingerprint examples/ipv6/nclients -c PPP for 1000s [1;33mINSERT[0;0m dbf9-e1fd/~tND
[38;2;200;200;200m[259/914][0;0m [38;2;200;200;200m [0;0m ⏺ Updating fingerprint examples/manetrouting/dymo -c DynamicGeneric for 22s [1;31mERROR[0;0m None Cannot find serializer for inet::NextHopForwardingHeader (Calculated fingerprint not found)
[1;33mSTDERR [0;36mopp_run_release [0;0m<!> Error: Cannot find serializer for inet::dymo::Rreq -- in module (inet::ieee80211::Tx) DYMONetwork.host[0].wlan[0].mac.tx (id=66), at t=10.005928446164s, event #10
[1;33mSTDERR [0;36mopp_run_release [0;0m<!> Error: Cannot find serializer for inet::NextHopForwardingHeader -- in module (inet::ieee80211::Tx) DYMONetwork.host[0].wlan[0].mac.tx (id=65), at t=3.201182455381s, event #9
[38;2;200;200;200m[260/914][0;0m [38;2;200;200;200m [0;0m ⏺ Updating fingerprint examples/manetrouting/dymo -c DynamicIPv4 for 22s [1;31mERROR[0;0m None Cannot find serializer for inet::dymo::Rreq (Calculated fingerprint not found)
[38;2;200;200;200m[261/914][0;0m [38;2;200;200;200m [0;0m ⏺ Updating fingerprint examples/manetrouting/dymo -c Generic for 10s [1;31mERROR[0;0m None Cannot find serializer for inet::NextHopForwardingHeader (Calculated fingerprint not found)
[1;33mSTDERR [0;36mopp_run_release [0;0m<!> Error: Cannot find serializer for inet::NextHopForwardingHeader -- in module (inet::ieee80211::Tx) DYMONetwork.host[0].wlan[0].mac.tx (id=67), at t=3.198634085392s, event #1466
[38;2;200;200;200m[262/914][0;0m [38;2;200;200;200m [0;0m ⏺ Updating fingerprint examples/ipv6/nclients -c ETH for 1000s [1;33mINSERT[0;0m b9e3-363f/~tND
[1;33mSTDERR [0;36mopp_run_release [0;0m<!> Error: Cannot find serializer for inet::dymo::Rreq -- in module (inet::ieee80211::Tx) DYMONetwork.host[0].wlan[0].mac.tx (id=65), at t=3.201182455381s, event #9
[38;2;200;200;200m[263/914][0;0m [38;2;200;200;200m [0;0m ⏺ Updating fingerprint examples/manetrouting/dymo -c MultiGeneric for 10s [1;31mERROR[0;0m None Cannot find serializer for inet::NextHopForwardingHeader (Calculated fingerprint not found)
[1;33mSTDERR [0;36mopp_run_release [0;0m<!> Error: Cannot find serializer for inet::dymo::Rreq -- in module (inet::ieee80211::Tx) DYMONetwork.host[0].wlan[0].mac.tx (id=67), at t=3.198634085392s, event #1466
[38;2;200;200;200m[264/914][0;0m [38;2;200;200;200m [0;0m ⏺ Updating fingerprint examples/manetrouting/dymo -c IPv4 for 10s [1;31mERROR[0;0m None Cannot find serializer for inet::dymo::Rreq (Calculated fingerprint not found)
[1;33mSTDERR [0;36mopp_run_release [0;0m<!> Error: Cannot find serializer for inet::NextHopForwardingHeader -- in module (inet::ieee80211::Tx) GPSRNetworkRandom.host[13].wlan[0].mac.tx (id=910), at t=5.202183991205s, event #6
[38;2;200;200;200m[265/914][0;0m [38;2;200;200;200m [0;0m ⏺ Updating fingerprint examples/manetrouting/dymo -c MultiIPv4 for 10s [1;31mERROR[0;0m None Cannot find serializer for inet::dymo::Rreq (Calculated fingerprint not found)
[38;2;200;200;200m[266/914][0;0m [38;2;200;200;200m [0;0m ⏺ Updating fingerprint examples/manetrouting/gpsr -c DynamicGeneric for 20s [1;31mERROR[0;0m None Cannot find serializer for inet::NextHopForwardingHeader (Calculated fingerprint not found)
[38;2;200;200;200m[267/914][0;0m [38;2;200;200;200m [0;0m ⏺ Updating fingerprint examples/manetrouting/dsdv -c IPv4 for 10s [1;33mUPDATE[0;0m 2de9-a5ae/~tND
[1;33mSTDERR [0;36mopp_run_release [0;0m<!> Error: Cannot find serializer for inet::GpsrBeacon -- in module (inet::ieee80211::Tx) GPSRNetworkRandom.host[13].wlan[0].mac.tx (id=962), at t=5.202183991205s, event #6
[38;2;200;200;200m[268/914][0;0m [38;2;200;200;200m [0;0m ⏺ Updating fingerprint examples/manetrouting/gpsr -c DynamicIPv4 for 20s [1;31mERROR[0;0m None Cannot find serializer for inet::GpsrBeacon (Calculated fingerprint not found)
[38;2;200;200;200m[269/914][0;0m [38;2;200;200;200m [0;0m ⏺ Updating fingerprint examples/internetcloud/earthcloud for 100s [1;33mUPDATE[0;0m 40ee-6010/~tND
[1;33mSTDERR [0;36mopp_run_release [0;0m<!> Error: Cannot find serializer for inet::GpsrBeacon -- in module (inet::ieee80211::Tx) GPSRNetworkRandom.host[4].wlan[0].mac.tx (id=330), at t=5.384254255332s, event #1111
[1;33mSTDERR [0;36mopp_run_release [0;0m<!> Error: Cannot find serializer for inet::NextHopForwardingHeader -- in module (inet::ieee80211::Tx) GPSRNetworkRandom.host[12].wlan[0].mac.tx (id=832), at t=5.202183991205s, event #13
[38;2;200;200;200m[270/914][0;0m [38;2;200;200;200m [0;0m ⏺ Updating fingerprint examples/inet/tcpwindowscale -c WS_disabled for 600.0s [1;33mINSERT[0;0m 48e1-8550/~tND
[38;2;200;200;200m[271/914][0;0m [38;2;200;200;200m [0;0m ⏺ Updating fingerprint examples/manetrouting/dsdv -c MultiIPv4 for 10s [1;33mUPDATE[0;0m ce13-623a/~tND
[38;2;200;200;200m[272/914][0;0m [38;2;200;200;200m [0;0m ⏺ Updating fingerprint examples/manetrouting/gpsr -c Generic for 20s [1;31mERROR[0;0m None Cannot find serializer for inet::NextHopForwardingHeader (Calculated fingerprint not found)
[38;2;200;200;200m[273/914][0;0m [38;2;200;200;200m [0;0m ⏺ Updating fingerprint examples/manetrouting/gpsr -c DynamicIPv6 for 20s [1;31mERROR[0;0m None Cannot find serializer for inet::GpsrBeacon (Calculated fingerprint not found)
[1;33mSTDERR [0;36mopp_run_release [0;0m<!> Error: Cannot find serializer for inet::GpsrBeacon -- in module (inet::ieee80211::Tx) GPSRNetworkRandom.host[1].wlan[0].mac.tx (id=130), at t=5.384254255332s, event #1199
[1;33mSTDERR [0;36mopp_run_release [0;0m<!> Error: Cannot find serializer for inet::GpsrBeacon -- in module (inet::ieee80211::Tx) GPSRNetworkRandom.host[12].wlan[0].mac.tx (id=880), at t=5.202183991205s, event #13
[38;2;200;200;200m[274/914][0;0m [38;2;200;200;200m [0;0m ⏺ Updating fingerprint examples/manetrouting/gpsr -c IPv6 for 20s [1;31mERROR[0;0m None Cannot find serializer for inet::GpsrBeacon (Calculated fingerprint not found)
[38;2;200;200;200m[275/914][0;0m [38;2;200;200;200m [0;0m ⏺ Updating fingerprint examples/manetrouting/gpsr -c IPv4 for 20s [1;31mERROR[0;0m None Cannot find serializer for inet::GpsrBeacon (Calculated fingerprint not found)
[1;33mSTDERR [0;36mopp_run_release [0;0m<!> Error: Cannot find serializer for inet::GpsrBeacon -- in module (inet::ieee80211::Tx) GPSRNetworkManual.host4.wlan[0].mac.tx (id=326), at t=5.567129757255s, event #13
[1;33mSTDERR [0;36mopp_run_release [0;0m<!> Error: Cannot find serializer for inet::dymo::Rreq -- in module (inet::ieee80211::Tx) DYMONetwork.host[0].wlan[0].mac.tx (id=65), at t=3.202861935543s, event #96954
[38;2;200;200;200m[276/914][0;0m [38;2;200;200;200m [0;0m ⏺ Updating fingerprint examples/manetrouting/gpsr -c Manual for 20s [1;31mERROR[0;0m None Cannot find serializer for inet::GpsrBeacon (Calculated fingerprint not found)
[1;33mSTDERR [0;36mopp_run_release [0;0m<!> Error: Cannot find serializer for inet::NextHopForwardingHeader -- in module (inet::ieee80211::Tx) GPSRNetworkRandom.host[1].wlan[0].mac.tx (id=157), at t=5.384254255332s, event #1199
[38;2;200;200;200m[277/914][0;0m [38;2;200;200;200m [0;0m ⏺ Updating fingerprint examples/manetrouting/dymo -c IPv6 for 10s [1;31mERROR[0;0m None Cannot find serializer for inet::dymo::Rreq (Calculated fingerprint not found)
[1;33mSTDERR [0;36mopp_run_release [0;0m<!> Error: Cannot find serializer for inet::GpsrBeacon -- in module (inet::ieee80211::Tx) GPSRNetworkRandom.host[1].wlan[0].mac.tx (id=158), at t=5.384254255332s, event #1199
[38;2;200;200;200m[278/914][0;0m [38;2;200;200;200m [0;0m ⏺ Updating fingerprint examples/manetrouting/gpsr -c MultiGeneric for 20s [1;31mERROR[0;0m None Cannot find serializer for inet::NextHopForwardingHeader (Calculated fingerprint not found)
[38;2;200;200;200m[279/914][0;0m [38;2;200;200;200m [0;0m ⏺ Updating fingerprint examples/mobility -c AnsimMobility for 1000s [1;33mINSERT[0;0m 0000-0000/~tND
[1;33mSTDERR [0;36mopp_run_release [0;0m<!> Error: Cannot find serializer for inet::dymo::Rreq -- in module (inet::ieee80211::Tx) MultiRadio.mobileHost[0].wlan[1].mac.tx (id=95), at t=1.005488135023s, event #10
[38;2;200;200;200m[280/914][0;0m [38;2;200;200;200m [0;0m ⏺ Updating fingerprint examples/manetrouting/gpsr -c MultiIPv6 for 20s [1;31mERROR[0;0m None Cannot find serializer for inet::GpsrBeacon (Calculated fingerprint not found)
[38;2;200;200;200m[281/914][0;0m [38;2;200;200;200m [0;0m ⏺ Updating fingerprint examples/mobility -c BonnMotionMobility1 for 1000s [1;33mINSERT[0;0m 0000-0000/~tND
[38;2;200;200;200m[282/914][0;0m [38;2;200;200;200m [0;0m ⏺ Updating fingerprint examples/manetrouting/multiradio -c MultiRadio for 100s [1;31mERROR[0;0m None Cannot find serializer for inet::dymo::Rreq (Calculated fingerprint not found)
[38;2;200;200;200m[283/914][0;0m [38;2;200;200;200m [0;0m ⏺ Updating fingerprint examples/mobility -c ChiangMobility for 1000s [1;33mINSERT[0;0m 0000-0000/~tND
[38;2;200;200;200m[284/914][0;0m [38;2;200;200;200m [0;0m ⏺ Updating fingerprint examples/mobility -c AttachedMobility for 1000s [1;33mINSERT[0;0m 0000-0000/~tND
[38;2;200;200;200m[285/914][0;0m [38;2;200;200;200m [0;0m ⏺ Updating fingerprint examples/mobility -c CircleMobility1 for 1000s [1;33mINSERT[0;0m 0000-0000/~tND
[1;33mSTDERR [0;36mopp_run_release [0;0m<!> Error: Cannot find serializer for inet::dymo::Rreq -- in module (inet::ieee80211::Tx) MultiRadio.mobileHost[0].wlan[0].mac.tx (id=58), at t=1.005488135023s, event #10
[1;33mSTDERR [0;36mopp_run_release [0;0m<!> Error: Cannot find serializer for inet::GpsrBeacon -- in module (inet::ieee80211::Tx) GPSRNetworkRandom.host[1].wlan[0].mac.tx (id=157), at t=5.384254255332s, event #1199
[38;2;200;200;200m[286/914][0;0m [38;2;200;200;200m [0;0m ⏺ Updating fingerprint examples/manetrouting/multiradio -c SingleRadio for 100s [1;31mERROR[0;0m None Cannot find serializer for inet::dymo::Rreq (Calculated fingerprint not found)
[38;2;200;200;200m[287/914][0;0m [38;2;200;200;200m [0;0m ⏺ Updating fingerprint examples/manetrouting/gpsr -c MultiIPv4 for 20s [1;31mERROR[0;0m None Cannot find serializer for inet::GpsrBeacon (Calculated fingerprint not found)
[38;2;200;200;200m[288/914][0;0m [38;2;200;200;200m [0;0m ⏺ Updating fingerprint examples/mobility -c CircleMobility2 for 1000s [1;33mINSERT[0;0m 0000-0000/~tND
[38;2;200;200;200m[289/914][0;0m [38;2;200;200;200m [0;0m ⏺ Updating fingerprint examples/mobility -c GaussMarkovMobility for 1000s [1;33mINSERT[0;0m 0000-0000/~tND
[1;33mSTDERR [0;36mopp_run_release [0;0m<!> Error: Cannot find serializer for inet::dymo::Rreq -- in module (inet::ieee80211::Tx) DYMONetwork.host[0].wlan[0].mac.tx (id=67), at t=3.202861935543s, event #96954
[38;2;200;200;200m[290/914][0;0m [38;2;200;200;200m [0;0m ⏺ Updating fingerprint examples/manetrouting/dymo -c MultiIPv6 for 10s [1;31mERROR[0;0m None Cannot find serializer for inet::dymo::Rreq (Calculated fingerprint not found)
[38;2;200;200;200m[291/914][0;0m [38;2;200;200;200m [0;0m ⏺ Updating fingerprint examples/mobility -c LinearMobility10 for 1000s [1;33mINSERT[0;0m 0000-0000/~tND
[38;2;200;200;200m[292/914][0;0m [38;2;200;200;200m [0;0m ⏺ Updating fingerprint examples/manetrouting/dsdv -c DynamicIPv4 for 22s [1;33mUPDATE[0;0m 27a8-dc93/~tND
[38;2;200;200;200m[293/914][0;0m [38;2;200;200;200m [0;0m ⏺ Updating fingerprint examples/mobility -c LinearMobility01 for 1000s [1;33mINSERT[0;0m 0000-0000/~tND
[38;2;200;200;200m[294/914][0;0m [38;2;200;200;200m [0;0m ⏺ Updating fingerprint examples/mobility -c LinearMobility100 for 1000s [1;33mINSERT[0;0m 0000-0000/~tND
[38;2;200;200;200m[295/914][0;0m [38;2;200;200;200m [0;0m ⏺ Updating fingerprint examples/mobility -c LinearMobility1 for 1000s [1;33mINSERT[0;0m 0000-0000/~tND
[38;2;200;200;200m[296/914][0;0m [38;2;200;200;200m [0;0m ⏺ Updating fingerprint examples/mobility -c LinearMobility1000 for 1000s [1;33mINSERT[0;0m 0000-0000/~tND
[38;2;200;200;200m[297/914][0;0m [38;2;200;200;200m [0;0m ⏺ Updating fingerprint examples/mobility -c MassMobility for 1000s [1;33mINSERT[0;0m 0000-0000/~tND
[38;2;200;200;200m[298/914][0;0m [38;2;200;200;200m [0;0m ⏺ Updating fingerprint examples/mobility -c MassMobilityWithScenario for 1000s [1;33mINSERT[0;0m 0000-0000/~tND
[38;2;200;200;200m[299/914][0;0m [38;2;200;200;200m [0;0m ⏺ Updating fingerprint examples/mobility -c RandomWaypointMobility2 for 1000s [1;33mINSERT[0;0m 0000-0000/~tND
[38;2;200;200;200m[300/914][0;0m [38;2;200;200;200m [0;0m ⏺ Updating fingerprint examples/mobility -c RandomWaypointMobility1 for 1000s [1;33mINSERT[0;0m 0000-0000/~tND
[38;2;200;200;200m[301/914][0;0m [38;2;200;200;200m [0;0m ⏺ Updating fingerprint examples/mobility -c RectangleMobility for 1000s [1;33mINSERT[0;0m 0000-0000/~tND
[38;2;200;200;200m[302/914][0;0m [38;2;200;200;200m [0;0m ⏺ Updating fingerprint examples/mobility -c StaticGridMobility for 1000s [1;33mINSERT[0;0m 0000-0000/~tND
[38;2;200;200;200m[303/914][0;0m [38;2;200;200;200m [0;0m ⏺ Updating fingerprint examples/mobility -c MoBANMobility1 for 1000s [1;33mINSERT[0;0m 0000-0000/~tND
[38;2;200;200;200m[304/914][0;0m [38;2;200;200;200m [0;0m ⏺ Updating fingerprint examples/mobility -c StationaryMobility for 1000s [1;33mINSERT[0;0m 0000-0000/~tND
[38;2;200;200;200m[305/914][0;0m [38;2;200;200;200m [0;0m ⏺ Updating fingerprint examples/mobility -c TractorMobility for 1000s [1;33mINSERT[0;0m 0000-0000/~tND
[38;2;200;200;200m[306/914][0;0m [38;2;200;200;200m [0;0m ⏺ Updating fingerprint examples/mobility -c TurtleMobility2 for 1000s [1;33mINSERT[0;0m 0000-0000/~tND
[38;2;200;200;200m[307/914][0;0m [38;2;200;200;200m [0;0m ⏺ Updating fingerprint examples/mobility -c TurtleMobility1 for 1000s [1;33mINSERT[0;0m 0000-0000/~tND
[38;2;200;200;200m[308/914][0;0m [38;2;200;200;200m [0;0m ⏺ Updating fingerprint examples/mobility -c TurtleMobility3 for 1000s [1;33mINSERT[0;0m 0000-0000/~tND
[38;2;200;200;200m[309/914][0;0m [38;2;200;200;200m [0;0m ⏺ Updating fingerprint examples/mobility -c MoBANMobility2 for 1000s [1;33mINSERT[0;0m 0000-0000/~tND
[38;2;200;200;200m[310/914][0;0m [38;2;200;200;200m [0;0m ⏺ Updating fingerprint examples/mobility -c SatelliteMobility for 48h [1;33mINSERT[0;0m 0000-0000/~tND
[38;2;200;200;200m[311/914][0;0m [38;2;200;200;200m [0;0m ⏺ Updating fingerprint examples/mobility -c TurtleMobility4 for 1000s [1;33mINSERT[0;0m 0000-0000/~tND
[38;2;200;200;200m[312/914][0;0m [38;2;200;200;200m [0;0m ⏺ Updating fingerprint examples/mobility -c TurtleMobility5 for 1000s [1;33mINSERT[0;0m 0000-0000/~tND
[38;2;200;200;200m[313/914][0;0m [38;2;200;200;200m [0;0m ⏺ Updating fingerprint examples/mobility -c TurtleMobility6 for 1000s [1;33mINSERT[0;0m 0000-0000/~tND
[1;33mSTDERR [0;36mopp_run_release [0;0m<!> Error: Cannot find serializer for inet::LinkStateMsg -- at t=0.009715484867s, event #100
[38;2;200;200;200m[314/914][0;0m [38;2;200;200;200m [0;0m ⏺ Updating fingerprint examples/mobility -c VehicleMobility for 1000s [1;33mINSERT[0;0m 0000-0000/~tND
[38;2;200;200;200m[315/914][0;0m [38;2;200;200;200m [0;0m ⏺ Updating fingerprint examples/mpls/ldp for 15s [1;31mERROR[0;0m None Cannot find serializer for inet::LinkStateMsg -- at t=0.009715484867s, event #100 (Calculated fingerprint not found)
[1;33mSTDERR [0;36mopp_run_release [0;0m<!> Error: Cannot find serializer for inet::LinkStateMsg -- at t=0.010743846691s, event #61
[38;2;200;200;200m[316/914][0;0m [38;2;200;200;200m [0;0m ⏺ Updating fingerprint examples/mpls/testte_failure2 for 6s [1;31mERROR[0;0m None Cannot find serializer for inet::LinkStateMsg -- at t=0.010743846691s, event #61 (Calculated fingerprint not found)
[1;33mSTDERR [0;36mopp_run_release [0;0m<!> Error: Cannot find serializer for inet::LinkStateMsg -- at t=0.010743846691s, event #72
[1;33mSTDERR [0;36mopp_run_release [0;0m<!> Error: Cannot find serializer for inet::LinkStateMsg -- at t=0.010743846691s, event #62
[38;2;200;200;200m[317/914][0;0m [38;2;200;200;200m [0;0m ⏺ Updating fingerprint examples/mpls/testte_reroute for 5s [1;31mERROR[0;0m None Cannot find serializer for inet::LinkStateMsg -- at t=0.010743846691s, event #72 (Calculated fingerprint not found)
[1;33mSTDERR [0;36mopp_run_release [0;0m<!> Error: Cannot find serializer for inet::LinkStateMsg -- at t=0.010743846691s, event #68
[38;2;200;200;200m[318/914][0;0m [38;2;200;200;200m [0;0m ⏺ Updating fingerprint examples/mpls/testte_failure for 6s [1;31mERROR[0;0m None Cannot find serializer for inet::LinkStateMsg -- at t=0.010743846691s, event #62 (Calculated fingerprint not found)
[1;33mSTDERR [0;36mopp_run_release [0;0m<!> Error: Cannot find serializer for inet::LinkStateMsg -- at t=0.010743846691s, event #76
[38;2;200;200;200m[319/914][0;0m [38;2;200;200;200m [0;0m ⏺ Updating fingerprint examples/mpls/testte_tunnel for 5s [1;31mERROR[0;0m None Cannot find serializer for inet::LinkStateMsg -- at t=0.010743846691s, event #68 (Calculated fingerprint not found)
[38;2;200;200;200m[320/914][0;0m [38;2;200;200;200m [0;0m ⏺ Updating fingerprint examples/mpls/testte_routing for 5s [1;31mERROR[0;0m None Cannot find serializer for inet::LinkStateMsg -- at t=0.010743846691s, event #76 (Calculated fingerprint not found)
[1;33mSTDERR [0;36mopp_run_release [0;0m<!> Error: Cannot find serializer for inet::RsvpHelloMsg -- at t=0.019482915686s, event #424
[38;2;200;200;200m[321/914][0;0m [38;2;200;200;200m [0;0m ⏺ Updating fingerprint examples/mpls/net37 for 500s [1;31mERROR[0;0m None Cannot find serializer for inet::RsvpHelloMsg -- at t=0.019482915686s, event #424 (Calculated fingerprint not found)
[38;2;200;200;200m[322/914][0;0m [38;2;200;200;200m [0;0m ⏺ Updating fingerprint examples/mobility -c BonnMotionMobility2 for 1000s [1;33mINSERT[0;0m 0000-0000/~tND
[38;2;200;200;200m[323/914][0;0m [38;2;200;200;200m [0;0m ⏺ Updating fingerprint examples/mrp -c MediumNetworkBase for 3s [1;33mINSERT[0;0m 3628-8c0a/~tND
[38;2;200;200;200m[324/914][0;0m [38;2;200;200;200m [0;0m ⏺ Updating fingerprint examples/adhoc/qos -c MacQos for 5s [1;33mINSERT[0;0m 2391-06f7/~tND
[38;2;200;200;200m[325/914][0;0m [38;2;200;200;200m [0;0m ⏺ Updating fingerprint examples/mrp -c SmallNetwork for 3s [1;33mUPDATE[0;0m 87d7-b8ae/~tND
[38;2;200;200;200m[326/914][0;0m [38;2;200;200;200m [0;0m ⏺ Updating fingerprint examples/mrp -c SmallNetworkBase for 3s [1;33mINSERT[0;0m 0000-0000/~tND
[38;2;200;200;200m[327/914][0;0m [38;2;200;200;200m [0;0m ⏺ Updating fingerprint examples/mrp -c MediumNetworkLC for 3s [1;33mUPDATE[0;0m f431-e44e/~tND
[38;2;200;200;200m[328/914][0;0m [38;2;200;200;200m [0;0m ⏺ Updating fingerprint examples/mrp -c MediumNetworkRC for 3s [1;33mUPDATE[0;0m 3628-8c0a/~tND
[38;2;200;200;200m[329/914][0;0m [38;2;200;200;200m [0;0m ⏺ Updating fingerprint examples/inet/hierarchical99 -f networklayer.ini -c IPv4 for 10000s [1;33mUPDATE[0;0m 3251-b0d1/~tND
[38;2;200;200;200m[330/914][0;0m [38;2;200;200;200m [0;0m ⏺ Updating fingerprint examples/mrp -c SmallNetworkMRA for 3s [1;33mUPDATE[0;0m d430-51f7/~tND
[38;2;200;200;200m[331/914][0;0m [38;2;200;200;200m [0;0m ⏺ Updating fingerprint examples/inet/tcpthroughput -c Delay-100ms-advWin64K for 100s [1;33mINSERT[0;0m 37a5-3a8a/~tND
[1;33mSTDERR [0;36mopp_run_release [0;0m<!> Error: Cannot find serializer for inet::dymo::Rreq -- in module (inet::ieee80211::Tx) DYMONetwork.host[0].wlan[0].mac.tx (id=67), at t=11.035981897614s, event #308987
[38;2;200;200;200m[332/914][0;0m [38;2;200;200;200m [0;0m ⏺ Updating fingerprint examples/manetrouting/dymo -c DynamicIPv6 for 22s [1;31mERROR[0;0m None Cannot find serializer for inet::dymo::Rreq (Calculated fingerprint not found)
[38;2;200;200;200m[333/914][0;0m [38;2;200;200;200m [0;0m ⏺ Updating fingerprint examples/ieee8021as -c Network_with_cross_traffic for 200s [1;33mUPDATE[0;0m dc89-cc8f/~tND
[38;2;200;200;200m[334/914][0;0m [38;2;200;200;200m [0;0m ⏺ Updating fingerprint examples/mrp -c SmallNetworkBaseWithTraffic for 3s [1;33mINSERT[0;0m 141d-9eef/~tND
[38;2;200;200;200m[335/914][0;0m [38;2;200;200;200m [0;0m ⏺ Updating fingerprint examples/mrp -c LargeNetwork for 3s [1;33mUPDATE[0;0m 7d4b-99c3/~tND
[38;2;200;200;200m[336/914][0;0m [38;2;200;200;200m [0;0m ⏺ Updating fingerprint examples/inet/hierarchical99 -f networklayer.ini -c IPv6 for 10000s [1;33mUPDATE[0;0m bcc6-86fd/~tND
[38;2;200;200;200m[337/914][0;0m [38;2;200;200;200m [0;0m ⏺ Updating fingerprint examples/objectcache -c GridObjectCache for 5s [1;33mINSERT[0;0m 9fca-76ae/~tND
[38;2;200;200;200m[338/914][0;0m [38;2;200;200;200m [0;0m ⏺ Updating fingerprint examples/openstreetmap for 100s [0;32mKEEP[0;0m 0000-0000/~tND
[38;2;200;200;200m[339/914][0;0m [38;2;200;200;200m [0;0m ⏺ Updating fingerprint examples/objectcache -c BvhObjectCache for 5s [1;33mINSERT[0;0m 9fca-76ae/~tND
[38;2;200;200;200m[340/914][0;0m [38;2;200;200;200m [0;0m ⏺ Updating fingerprint examples/neighborcache -c QuadTreeNeighborCache for 100s [1;33mUPDATE[0;0m b4f1-4d49/~tND
[38;2;200;200;200m[341/914][0;0m [38;2;200;200;200m [0;0m ⏺ Updating fingerprint examples/neighborcache -c GridNeighborCache for 100s [1;33mUPDATE[0;0m b4f1-4d49/~tND
[38;2;200;200;200m[342/914][0;0m [38;2;200;200;200m [0;0m ⏺ Updating fingerprint examples/objectcache -c WithoutCache for 5s [1;33mINSERT[0;0m 9fca-76ae/~tND
[38;2;200;200;200m[343/914][0;0m [38;2;200;200;200m [0;0m ⏺ Updating fingerprint examples/mrp -c SmallNetworkMRAWithTraffic for 3s [1;33mUPDATE[0;0m 8048-fc9a/~tND
[38;2;200;200;200m[344/914][0;0m [38;2;200;200;200m [0;0m ⏺ Updating fingerprint examples/neighborcache -c WithoutNeighborCache for 100s [1;33mUPDATE[0;0m f49c-92b1/~tND
[38;2;200;200;200m[345/914][0;0m [38;2;200;200;200m [0;0m ⏺ Updating fingerprint examples/neighborcache -c NeighborListNeighborCache for 100s [1;33mUPDATE[0;0m b4f1-4d49/~tND
[38;2;200;200;200m[346/914][0;0m [38;2;200;200;200m [0;0m ⏺ Updating fingerprint examples/inet/netperfmeter -c SCTP-with-OLIA for 30s [1;33mUPDATE[0;0m 8259-004a/~tND
[38;2;200;200;200m[347/914][0;0m [38;2;200;200;200m [0;0m ⏺ Updating fingerprint examples/inet/hierarchical -c Hosts256 for 20s [1;33mUPDATE[0;0m 35cd-ddc3/~tND
[38;2;200;200;200m[348/914][0;0m [38;2;200;200;200m [0;0m ⏺ Updating fingerprint examples/ospfv3/small for 200s [1;33mINSERT[0;0m 030d-7885/~tND
[38;2;200;200;200m[349/914][0;0m [38;2;200;200;200m [0;0m ⏺ Updating fingerprint examples/ospfv3/multiple_areas_FINAL for 500s [1;33mINSERT[0;0m f47b-f1ef/~tND
[38;2;200;200;200m[350/914][0;0m [38;2;200;200;200m [0;0m ⏺ Updating fingerprint examples/ospfv3/multiple_areas_FINAL -c LinkDown for 500s [1;33mINSERT[0;0m 801e-cfe6/~tND
[38;2;200;200;200m[351/914][0;0m [38;2;200;200;200m [0;0m ⏺ Updating fingerprint examples/ospfv3/v3_2_routers for 400s [1;33mINSERT[0;0m 66d2-23d3/~tND
[38;2;200;200;200m[352/914][0;0m [38;2;200;200;200m [0;0m ⏺ Updating fingerprint examples/ospfv2/backbone for 100s [1;33mUPDATE[0;0m 8b16-459b/~tND
[38;2;200;200;200m[353/914][0;0m [38;2;200;200;200m [0;0m ⏺ Updating fingerprint examples/mobility -c SuperpositioningMobility for 1000s [1;33mINSERT[0;0m 0000-0000/~tND
[38;2;200;200;200m[354/914][0;0m [38;2;200;200;200m [0;0m ⏺ Updating fingerprint examples/ospfv3/multiple_areas_FINAL -c LinkDownLinkUp for 500s [1;33mINSERT[0;0m 4419-a5c4/~tND
[38;2;200;200;200m[355/914][0;0m [38;2;200;200;200m [0;0m ⏺ Updating fingerprint examples/ospfv3/v3_2_routers -c LinkDownAndUp for 400s [1;33mINSERT[0;0m 5ae6-3afc/~tND
[38;2;200;200;200m[356/914][0;0m [38;2;200;200;200m [0;0m ⏺ Updating fingerprint examples/ospfv3/v3_4_routers_2_areas for 300s [1;33mINSERT[0;0m 8166-9cee/~tND
[38;2;200;200;200m[357/914][0;0m [38;2;200;200;200m [0;0m ⏺ Updating fingerprint examples/ospfv3/v3_square_2_areas for 200s [1;33mINSERT[0;0m 32ef-6479/~tND
[38;2;200;200;200m[358/914][0;0m [38;2;200;200;200m [0;0m ⏺ Updating fingerprint examples/ospfv3/v3_3_areas for 3000s [1;33mINSERT[0;0m b60d-74ef/~tND
[38;2;200;200;200m[359/914][0;0m [38;2;200;200;200m [0;0m ⏺ Updating fingerprint examples/pim/dm for 300s [1;33mINSERT[0;0m ae58-b3e3/~tND
[38;2;200;200;200m[360/914][0;0m [38;2;200;200;200m [0;0m ⏺ Updating fingerprint examples/pim/dm_ipv6 for 120s [1;33mINSERT[0;0m e81b-8743/~tND
[38;2;200;200;200m[361/914][0;0m [38;2;200;200;200m [0;0m ⏺ Updating fingerprint examples/ospfv3/v3_mesh for 500s [1;33mINSERT[0;0m 1086-ba82/~tND
[38;2;200;200;200m[362/914][0;0m [38;2;200;200;200m [0;0m ⏺ Updating fingerprint examples/pim/sm -c Scenario1 for 100s [1;33mINSERT[0;0m cf7a-faac/~tND
[38;2;200;200;200m[363/914][0;0m [38;2;200;200;200m [0;0m ⏺ Updating fingerprint examples/pim/sm -c Scenario2 for 150s [1;33mINSERT[0;0m 02fa-697c/~tND
[38;2;200;200;200m[364/914][0;0m [38;2;200;200;200m [0;0m ⏺ Updating fingerprint examples/quic/basic3 [1;31mERROR[0;0m[1;33m (unexpected)[0;0m (Exception during task execution) AttributeError("'NoneType' object has no attribute 'stdout'")
[38;2;200;200;200m[365/914][0;0m [38;2;200;200;200m [0;0m ⏺ Updating fingerprint examples/pim/sm -c Scenario3 for 300s [1;33mINSERT[0;0m 78e4-bf8c/~tND
[38;2;200;200;200m[366/914][0;0m [38;2;200;200;200m [0;0m ⏺ Updating fingerprint examples/quic/dplpmtud -c DecreasingPmtu [1;31mERROR[0;0m[1;33m (unexpected)[0;0m (Exception during task execution) AttributeError("'NoneType' object has no attribute 'stdout'")
[38;2;200;200;200m[367/914][0;0m [38;2;200;200;200m [0;0m ⏺ Updating fingerprint examples/quic/dplpmtud -c DecreasingPmtuWithoutPtb [1;31mERROR[0;0m[1;33m (unexpected)[0;0m (Exception during task execution) AttributeError("'NoneType' object has no attribute 'stdout'")
[38;2;200;200;200m[368/914][0;0m [38;2;200;200;200m [0;0m ⏺ Updating fingerprint examples/quic/dplpmtud [1;31mERROR[0;0m[1;33m (unexpected)[0;0m (Exception during task execution) AttributeError("'NoneType' object has no attribute 'stdout'")
[38;2;200;200;200m[369/914][0;0m [38;2;200;200;200m [0;0m ⏺ Updating fingerprint examples/quic/dplpmtud -c IncreasingPmtu [1;31mERROR[0;0m[1;33m (unexpected)[0;0m (Exception during task execution) AttributeError("'NoneType' object has no attribute 'stdout'")
[38;2;200;200;200m[370/914][0;0m [38;2;200;200;200m [0;0m ⏺ Updating fingerprint examples/quic/dplpmtud -c IncreasingPmtuWithoutPtb [1;31mERROR[0;0m[1;33m (unexpected)[0;0m (Exception during task execution) AttributeError("'NoneType' object has no attribute 'stdout'")
[38;2;200;200;200m[371/914][0;0m [38;2;200;200;200m [0;0m ⏺ Updating fingerprint examples/quic/dplpmtud -c MaxEqualsPmtu [1;31mERROR[0;0m[1;33m (unexpected)[0;0m (Exception during task execution) AttributeError("'NoneType' object has no attribute 'stdout'")
[38;2;200;200;200m[372/914][0;0m [38;2;200;200;200m [0;0m ⏺ Updating fingerprint examples/quic/dplpmtud -c MaxLargerPmtu [1;31mERROR[0;0m[1;33m (unexpected)[0;0m (Exception during task execution) AttributeError("'NoneType' object has no attribute 'stdout'")
[38;2;200;200;200m[373/914][0;0m [38;2;200;200;200m [0;0m ⏺ Updating fingerprint examples/quic/dplpmtud -c MaxLargerPmtuWithoutPtb [1;31mERROR[0;0m[1;33m (unexpected)[0;0m (Exception during task execution) AttributeError("'NoneType' object has no attribute 'stdout'")
[38;2;200;200;200m[374/914][0;0m [38;2;200;200;200m [0;0m ⏺ Updating fingerprint examples/quic/flow_control_limited [1;31mERROR[0;0m[1;33m (unexpected)[0;0m (Exception during task execution) AttributeError("'NoneType' object has no attribute 'stdout'")
[38;2;200;200;200m[375/914][0;0m [38;2;200;200;200m [0;0m ⏺ Updating fingerprint examples/quic/link_utilization [1;31mERROR[0;0m[1;33m (unexpected)[0;0m (Exception during task execution) AttributeError("'NoneType' object has no attribute 'stdout'")
[38;2;200;200;200m[376/914][0;0m [38;2;200;200;200m [0;0m ⏺ Updating fingerprint examples/quic/multiserver -c oneclienthost [1;31mERROR[0;0m[1;33m (unexpected)[0;0m (Exception during task execution) AttributeError("'NoneType' object has no attribute 'stdout'")
[38;2;200;200;200m[377/914][0;0m [38;2;200;200;200m [0;0m ⏺ Updating fingerprint examples/quic/multiserver -c oneclienthost_reconnect [1;31mERROR[0;0m[1;33m (unexpected)[0;0m (Exception during task execution) AttributeError("'NoneType' object has no attribute 'stdout'")
[38;2;200;200;200m[378/914][0;0m [38;2;200;200;200m [0;0m ⏺ Updating fingerprint examples/quic/multiserver -c twoclienthosts [1;31mERROR[0;0m[1;33m (unexpected)[0;0m (Exception during task execution) AttributeError("'NoneType' object has no attribute 'stdout'")
[38;2;200;200;200m[379/914][0;0m [38;2;200;200;200m [0;0m ⏺ Updating fingerprint examples/quic/persistent_congestion [1;31mERROR[0;0m[1;33m (unexpected)[0;0m (Exception during task execution) AttributeError("'NoneType' object has no attribute 'stdout'")
[38;2;200;200;200m[380/914][0;0m [38;2;200;200;200m [0;0m ⏺ Updating fingerprint examples/quic/persistent_congestion -c WithDPLPMTUD [1;31mERROR[0;0m[1;33m (unexpected)[0;0m (Exception during task execution) AttributeError("'NoneType' object has no attribute 'stdout'")
[38;2;200;200;200m[381/914][0;0m [38;2;200;200;200m [0;0m ⏺ Updating fingerprint examples/quic/shared_link [1;31mERROR[0;0m[1;33m (unexpected)[0;0m (Exception during task execution) AttributeError("'NoneType' object has no attribute 'stdout'")
[38;2;200;200;200m[382/914][0;0m [38;2;200;200;200m [0;0m ⏺ Updating fingerprint examples/quic/throughput_packet_loss [1;31mERROR[0;0m[1;33m (unexpected)[0;0m (Exception during task execution) AttributeError("'NoneType' object has no attribute 'stdout'")
[38;2;200;200;200m[383/914][0;0m [38;2;200;200;200m [0;0m ⏺ Updating fingerprint examples/quic/trafficgen [1;31mERROR[0;0m[1;33m (unexpected)[0;0m (Exception during task execution) AttributeError("'NoneType' object has no attribute 'stdout'")
[38;2;200;200;200m[384/914][0;0m [38;2;200;200;200m [0;0m ⏺ Updating fingerprint examples/quic/zerortt [1;31mERROR[0;0m[1;33m (unexpected)[0;0m (Exception during task execution) AttributeError("'NoneType' object has no attribute 'stdout'")
[38;2;200;200;200m[385/914][0;0m [38;2;200;200;200m [0;0m ⏺ Updating fingerprint examples/quic/zerortt -c invalidClientTokenString [1;31mERROR[0;0m[1;33m (unexpected)[0;0m (Exception during task execution) AttributeError("'NoneType' object has no attribute 'stdout'")
[38;2;200;200;200m[386/914][0;0m [38;2;200;200;200m [0;0m ⏺ Updating fingerprint examples/quic/zerortt -c sendInvalidToken [1;31mERROR[0;0m[1;33m (unexpected)[0;0m (Exception during task execution) AttributeError("'NoneType' object has no attribute 'stdout'")
[38;2;200;200;200m[387/914][0;0m [38;2;200;200;200m [0;0m ⏺ Updating fingerprint examples/pim/iptv -c PIM_DM for 35s [1;33mUPDATE[0;0m a71f-f49d/~tND
[38;2;200;200;200m[388/914][0;0m [38;2;200;200;200m [0;0m ⏺ Updating fingerprint examples/pim/sm -c Scenario4 for 100s [1;33mINSERT[0;0m f02a-809f/~tND
[38;2;200;200;200m[389/914][0;0m [38;2;200;200;200m [0;0m ⏺ Updating fingerprint examples/pim/sm_ipv6 for 120s [1;33mINSERT[0;0m 8a4d-1a6d/~tND
[38;2;200;200;200m[390/914][0;0m [38;2;200;200;200m [0;0m ⏺ Updating fingerprint examples/mrp -c MediumNetworkBaseWithTraffic for 3s [1;33mINSERT[0;0m e257-089c/~tND
[38;2;200;200;200m[391/914][0;0m [38;2;200;200;200m [0;0m ⏺ Updating fingerprint examples/pim/iptv -c PIM_SM for 35s [1;33mUPDATE[0;0m 86a9-434d/~tND
[38;2;200;200;200m[392/914][0;0m [38;2;200;200;200m [0;0m ⏺ Updating fingerprint examples/mrp -c SmallNetworkWithTraffic for 3s [1;33mUPDATE[0;0m ad77-7baf/~tND
[38;2;200;200;200m[393/914][0;0m [38;2;200;200;200m [0;0m ⏺ Updating fingerprint examples/pim/ssm_ipv6 for 60s [1;33mINSERT[0;0m 02a2-f3e5/~tND
[1;33mSTDERR [0;36mopp_run_release [0;0m<!> Error: Cannot find serializer for inet::quic::InitialPacketHeader -- in module (inet::UdpChecksumInsertionHook) Byte_order.sender.udp.checksumInsertion (id=206), at t=0s, event #10
[38;2;200;200;200m[394/914][0;0m [38;2;200;200;200m [0;0m ⏺ Updating fingerprint examples/quic/byte_order for 200s [1;31mERROR[0;0m None Cannot find serializer for inet::quic::InitialPacketHeader (Calculated fingerprint not found)
[38;2;200;200;200m[395/914][0;0m [38;2;200;200;200m [0;0m ⏺ Updating fingerprint examples/rip/infinitycount for 80s [1;33mINSERT[0;0m e6ef-e88e/~tND
[38;2;200;200;200m[396/914][0;0m [38;2;200;200;200m [0;0m ⏺ Updating fingerprint examples/mrp -c MediumNetworkRCWithTraffic for 3s [1;33mINSERT[0;0m e257-089c/~tND
[38;2;200;200;200m[397/914][0;0m [38;2;200;200;200m [0;0m ⏺ Updating fingerprint examples/rip/dynamictest -c dynamic1 for 600s [1;33mINSERT[0;0m bdb6-77de/~tND
[38;2;200;200;200m[398/914][0;0m [38;2;200;200;200m [0;0m ⏺ Updating fingerprint examples/rip/dynamictest -c dynamic2 for 600s [1;33mINSERT[0;0m 226c-e8ac/~tND
[38;2;200;200;200m[399/914][0;0m [38;2;200;200;200m [0;0m ⏺ Updating fingerprint examples/rip/dynamictest -c stable for 600s [1;33mINSERT[0;0m fc16-ec5e/~tND
[1;33mSTDERR [0;36mopp_run_release [0;0m<!> Error: Address aaaa:2:65:: is of type IPv6 where type IPv4 was expected -- in module (inet::Icmpv6) SimpleTest.R1.ipv6.icmpv6 (id=130), at t=20.785346431667s, event #27100
[38;2;200;200;200m[400/914][0;0m [38;2;200;200;200m [0;0m ⏺ Updating fingerprint examples/rip/mixednetwork -c disconnect for 150s [1;33mINSERT[0;0m 23ff-5432/~tND
[38;2;200;200;200m[401/914][0;0m [38;2;200;200;200m [0;0m ⏺ Updating fingerprint examples/rip/simpletest -c IPv6 for 600s [1;31mERROR[0;0m None Address aaaa:2:65:: is of type IPv6 where type IPv4 was expected (Calculated fingerprint not found)
[38;2;200;200;200m[402/914][0;0m [38;2;200;200;200m [0;0m ⏺ Updating fingerprint examples/rip/mixednetwork -c stable for 60s [1;33mINSERT[0;0m 0e59-0a30/~tND
[38;2;200;200;200m[403/914][0;0m [38;2;200;200;200m [0;0m ⏺ Updating fingerprint examples/ospfv2/dynamictest -c dynamic2 for 600s [1;33mINSERT[0;0m 3e6c-74b4/~tND
[38;2;200;200;200m[404/914][0;0m [38;2;200;200;200m [0;0m ⏺ Updating fingerprint examples/mrp -c MediumNetworkLCWithTraffic for 3s [1;33mUPDATE[0;0m b145-bee2/~tND
[38;2;200;200;200m[405/914][0;0m [38;2;200;200;200m [0;0m ⏺ Updating fingerprint examples/rip/mixednetwork -c shutdown-restart for 280s [1;33mINSERT[0;0m fa57-6b6d/~tND
[38;2;200;200;200m[406/914][0;0m [38;2;200;200;200m [0;0m ⏺ Updating fingerprint examples/ospfv2/dynamictest -c dynamic1 for 600s [1;33mINSERT[0;0m 4e8f-aff0/~tND
[38;2;200;200;200m[407/914][0;0m [38;2;200;200;200m [0;0m ⏺ Updating fingerprint examples/inet/dctcp -c DcTcpIncast for 100s [1;33mUPDATE[0;0m c710-0970/~tND
[38;2;200;200;200m[408/914][0;0m [38;2;200;200;200m [0;0m ⏺ Updating fingerprint examples/rtp/unicast1 for 1000s [1;33mUPDATE[0;0m c703-dbc5/~tND
[38;2;200;200;200m[409/914][0;0m [38;2;200;200;200m [0;0m ⏺ Updating fingerprint examples/ospfv2/dynamictest -c static for 600s [1;33mINSERT[0;0m df0f-115d/~tND
[38;2;200;200;200m[410/914][0;0m [38;2;200;200;200m [0;0m ⏺ Updating fingerprint examples/sctp/nclients for 500s [1;33mUPDATE[0;0m ad33-987a/~tND
[38;2;200;200;200m[411/914][0;0m [38;2;200;200;200m [0;0m ⏺ Updating fingerprint examples/sctp/multihomed for 500s [1;33mUPDATE[0;0m 77d0-1cc2/~tND
[1;33mSTDERR [0;36mopp_run_release [0;0m<!> Error: Cannot find serializer for inet::SimpleVoipPacket -- in module (inet::UdpChecksumInsertionHook) Voip.senderHost.udp.checksumInsertion (id=141), at t=0.02s, event #6
[1;33mSTDERR [0;36mopp_run_release [0;0m<!> Error: Cannot find serializer for inet::GpsrBeacon -- in module (inet::ieee80211::Tx) SeaportNetwork.ship[2].wlan[0].mac.tx (id=886), at t=5.187897980213s, event #454
[1;33mSTDERR [0;36mopp_run_release [0;0m<!> Error: Cannot find serializer for inet::SimpleVoipPacket -- in module (inet::UdpChecksumInsertionHook) Voip.senderHost.udp.checksumInsertion (id=141), at t=0.02s, event #6
[1;33mSTDERR [0;36mopp_run_release [0;0m<!> Error: Cannot find serializer for inet::SimpleVoipPacket -- in module (inet::UdpChecksumInsertionHook) Voip.senderHost.udp.checksumInsertion (id=141), at t=0.02s, event #6
[38;2;200;200;200m[412/914][0;0m [38;2;200;200;200m [0;0m ⏺ Updating fingerprint examples/voip -c GoodChannel for 200s [1;31mERROR[0;0m None Cannot find serializer for inet::SimpleVoipPacket (Calculated fingerprint not found)
[38;2;200;200;200m[413/914][0;0m [38;2;200;200;200m [0;0m ⏺ Updating fingerprint examples/voip -c PeriodicChannel for 200s [1;31mERROR[0;0m None Cannot find serializer for inet::SimpleVoipPacket (Calculated fingerprint not found)
[38;2;200;200;200m[414/914][0;0m [38;2;200;200;200m [0;0m ⏺ Updating fingerprint examples/voip -c BadChannel for 200s [1;31mERROR[0;0m None Cannot find serializer for inet::SimpleVoipPacket (Calculated fingerprint not found)
[38;2;200;200;200m[415/914][0;0m [38;2;200;200;200m [0;0m ⏺ Updating fingerprint examples/seaport for 1000s [1;31mERROR[0;0m None Cannot find serializer for inet::GpsrBeacon (Calculated fingerprint not found)
[38;2;200;200;200m[416/914][0;0m [38;2;200;200;200m [0;0m ⏺ Updating fingerprint examples/rtp/multicast1 for 500s [1;33mUPDATE[0;0m 4582-d861/~tND
[38;2;200;200;200m[417/914][0;0m [38;2;200;200;200m [0;0m ⏺ Updating fingerprint examples/rtp/unicast2 for 500s [1;33mUPDATE[0;0m bddc-d6f5/~tND
[38;2;200;200;200m[418/914][0;0m [38;2;200;200;200m [0;0m ⏺ Updating fingerprint examples/ospfv2/simpletest -c ShutdownAndRestart for 500s [1;33mUPDATE[0;0m 4fbe-6ccd/~tND
[38;2;200;200;200m[419/914][0;0m [38;2;200;200;200m [0;0m ⏺ Updating fingerprint examples/inet/dctcp -c TcpRenoIncast for 100s [1;33mUPDATE[0;0m 3feb-bc7a/~tND
[38;2;200;200;200m[420/914][0;0m [38;2;200;200;200m [0;0m ⏺ Updating fingerprint examples/timing for 0.1s [1;33mUPDATE[0;0m 698b-108d/~tND
[38;2;200;200;200m[421/914][0;0m [38;2;200;200;200m [0;0m ⏺ Updating fingerprint examples/wireless/combo -c ApskRadioWithScalarAnalogModel for 90s [1;33mINSERT[0;0m b005-38cd/~tND
[38;2;200;200;200m[422/914][0;0m [38;2;200;200;200m [0;0m ⏺ Updating fingerprint examples/wireless/combo -c ApskRadioWithUnitDiskAnalogModel for 90s [1;33mINSERT[0;0m b005-38cd/~tND
[38;2;200;200;200m[423/914][0;0m [38;2;200;200;200m [0;0m ⏺ Updating fingerprint examples/ospfv2/simpletest -c CrashAndReboot for 500s [1;33mUPDATE[0;0m 4fbe-6ccd/~tND
[38;2;200;200;200m[424/914][0;0m [38;2;200;200;200m [0;0m ⏺ Updating fingerprint examples/wireless/combo -c ApskRadioWithDimensionalAnalogModel for 90s [1;33mINSERT[0;0m b005-38cd/~tND
[38;2;200;200;200m[425/914][0;0m [38;2;200;200;200m [0;0m ⏺ Updating fingerprint examples/ospfv2/simpletest -c AlwaysUp for 500s [1;33mUPDATE[0;0m 8cdf-6f9e/~tND
[38;2;200;200;200m[426/914][0;0m [38;2;200;200;200m [0;0m ⏺ Updating fingerprint examples/rtp/unicast for 1500s [1;33mUPDATE[0;0m fdd4-eed8/~tND
[38;2;200;200;200m[427/914][0;0m [38;2;200;200;200m [0;0m ⏺ Updating fingerprint examples/wireless/antenna -c OrbitX for 1h [1;33mINSERT[0;0m 6008-63f6/~tND
[38;2;200;200;200m[428/914][0;0m [38;2;200;200;200m [0;0m ⏺ Updating fingerprint examples/wireless/combo -c GenericRadioWithDimensionalAnalogModel for 90s [1;33mINSERT[0;0m ef3a-7c10/~tND
[38;2;200;200;200m[429/914][0;0m [38;2;200;200;200m [0;0m ⏺ Updating fingerprint examples/wireless/antenna -c OrbitY for 1h [1;33mINSERT[0;0m b164-483e/~tND
[38;2;200;200;200m[430/914][0;0m [38;2;200;200;200m [0;0m ⏺ Updating fingerprint examples/wireless/corruptionmode -c BitCorruptionMode for 10s [1;33mUPDATE[0;0m 8de0-1761/~tND
[38;2;200;200;200m[431/914][0;0m [38;2;200;200;200m [0;0m ⏺ Updating fingerprint examples/wireless/combo -c GenericRadioWithScalarAnalogModel for 90s [1;33mINSERT[0;0m ef3a-7c10/~tND
[38;2;200;200;200m[432/914][0;0m [38;2;200;200;200m [0;0m ⏺ Updating fingerprint examples/wireless/antenna -c RotationX for 1h [1;33mINSERT[0;0m ef0b-7aba/~tND
[38;2;200;200;200m[433/914][0;0m [38;2;200;200;200m [0;0m ⏺ Updating fingerprint examples/wireless/corruptionmode -c ChunkCorruptionMode for 10s [1;33mUPDATE[0;0m d4a2-22a5/~tND
[38;2;200;200;200m[434/914][0;0m [38;2;200;200;200m [0;0m ⏺ Updating fingerprint examples/wireless/corruptionmode -c ByteCorruptionMode for 10s [1;33mUPDATE[0;0m b114-c8da/~tND
[38;2;200;200;200m[435/914][0;0m [38;2;200;200;200m [0;0m ⏺ Updating fingerprint examples/wireless/combo -c GenericRadioWithUnitDiskAnalogModel for 90s [1;33mINSERT[0;0m ef3a-7c10/~tND
[38;2;200;200;200m[436/914][0;0m [38;2;200;200;200m [0;0m ⏺ Updating fingerprint examples/wireless/corruptionmode -c PacketCorruptionMode for 10s [1;33mUPDATE[0;0m bbb7-4f22/~tND
[38;2;200;200;200m[437/914][0;0m [38;2;200;200;200m [0;0m ⏺ Updating fingerprint examples/wireless/antenna -c RotationY for 1h [1;33mINSERT[0;0m ef0b-7aba/~tND
[38;2;200;200;200m[438/914][0;0m [38;2;200;200;200m [0;0m ⏺ Updating fingerprint examples/wireless/antenna -c OrbitZ for 1h [1;33mINSERT[0;0m f827-8f65/~tND
[38;2;200;200;200m[439/914][0;0m [38;2;200;200;200m [0;0m ⏺ Updating fingerprint examples/wireless/combo -c Ieee80211RadioWithDimensionalAnalogModel for 90s [1;33mINSERT[0;0m 2fb1-32ca/~tND
[38;2;200;200;200m[440/914][0;0m [38;2;200;200;200m [0;0m ⏺ Updating fingerprint examples/wireless/antenna -c RotationZ for 1h [1;33mINSERT[0;0m ef0b-7aba/~tND
[38;2;200;200;200m[441/914][0;0m [38;2;200;200;200m [0;0m ⏺ Updating fingerprint examples/wireless/dynamic for 100s [1;33mUPDATE[0;0m 5a62-8531/~tND
[38;2;200;200;200m[442/914][0;0m [38;2;200;200;200m [0;0m ⏺ Updating fingerprint examples/wireless/combo -c Ieee80211RadioWithUnitDiskAnalogModel for 90s [1;33mINSERT[0;0m 257d-91ca/~tND
[38;2;200;200;200m[443/914][0;0m [38;2;200;200;200m [0;0m ⏺ Updating fingerprint examples/wireless/combo -c Ieee80211RadioWithScalarAnalogModel for 90s [1;33mINSERT[0;0m 2fb1-32ca/~tND
[38;2;200;200;200m[444/914][0;0m [38;2;200;200;200m [0;0m ⏺ Updating fingerprint examples/wireless/crosstalk for 0.1s [1;33mINSERT[0;0m dd1c-eb42/~tND
[38;2;200;200;200m[445/914][0;0m [38;2;200;200;200m [0;0m ⏺ Updating fingerprint examples/wireless/errorrate for 10s [1;33mINSERT[0;0m 15de-fcee/~tND
[38;2;200;200;200m[446/914][0;0m [38;2;200;200;200m [0;0m ⏺ Updating fingerprint examples/wireless/configurator for 100s [1;33mUPDATE[0;0m 449b-04df/~tND
[38;2;200;200;200m[447/914][0;0m [38;2;200;200;200m [0;0m ⏺ Updating fingerprint examples/wireless/lan80211ac [1;31mERROR[0;0m[1;33m (unexpected)[0;0m (Exception during task execution) AttributeError("'NoneType' object has no attribute 'stdout'")
[1;33mSTDERR [0;36mopp_run_release [0;0m<!> Error: The simulation attempted to prompt for user input, set cmdenv-interactive=true to allow it: "Enter parameter 'Lan80211.numHosts' (unassigned):" -- in module (omnetpp::cModule) Lan80211 (id=1), during network setup
[38;2;200;200;200m[448/914][0;0m [38;2;200;200;200m [0;0m ⏺ Updating fingerprint examples/wireless/lan80211 -f omnetpp-ftp.ini -c NHosts for 100s [1;31mERROR[0;0m None (Calculated fingerprint not found)
[1;33mSTDERR [0;36mopp_run_release [0;0m<!> Error: The simulation attempted to prompt for user input, set cmdenv-interactive=true to allow it: "Enter parameter 'Lan80211.numHosts' (unassigned):" -- in module (omnetpp::cModule) Lan80211 (id=1), during network setup
[38;2;200;200;200m[449/914][0;0m [38;2;200;200;200m [0;0m ⏺ Updating fingerprint examples/wireless/lan80211 -f omnetpp-streaming.ini -c Streaming2 for 50s [1;31mERROR[0;0m None (Calculated fingerprint not found)
[38;2;200;200;200m[450/914][0;0m [38;2;200;200;200m [0;0m ⏺ Updating fingerprint examples/wireless/filtering -c RadioModeFilter for 100s [1;33mUPDATE[0;0m a8b3-734c/~tND
[38;2;200;200;200m[451/914][0;0m [38;2;200;200;200m [0;0m ⏺ Updating fingerprint examples/wireless/filtering -c MacAddressFilter for 100s [1;33mUPDATE[0;0m 4288-e9b2/~tND
[38;2;200;200;200m[452/914][0;0m [38;2;200;200;200m [0;0m ⏺ Updating fingerprint examples/wireless/filtering -c ListeningFilter for 100s [1;33mUPDATE[0;0m a8b3-734c/~tND
[38;2;200;200;200m[453/914][0;0m [38;2;200;200;200m [0;0m ⏺ Updating fingerprint examples/sctp/cmttest for 100s [1;33mUPDATE[0;0m f47a-a757/~tND
[38;2;200;200;200m[454/914][0;0m [38;2;200;200;200m [0;0m ⏺ Updating fingerprint examples/wireless/ieee80211levelofdetail -c Default for 1000s [1;33mINSERT[0;0m 3581-e245/~tND
[1;33mSTDERR [0;36mopp_run_release [0;0m<!> Error: vector::_M_range_check: __n (which is 0) >= this->size() (which is 0)
[38;2;200;200;200m[455/914][0;0m [38;2;200;200;200m [0;0m ⏺ Updating fingerprint examples/wireless/filtering -c CommunicationRangeFilter for 100s [1;33mUPDATE[0;0m 4b61-2f43/~tND
[1;33mSTDERR [0;36mopp_run_release [0;0m<!> Error: The simulation attempted to prompt for user input, set cmdenv-interactive=true to allow it: "Enter parameter 'Lan80211.numHosts' (unassigned):" -- in module (omnetpp::cModule) Lan80211 (id=1), during network setup
[38;2;200;200;200m[456/914][0;0m [38;2;200;200;200m [0;0m ⏺ Updating fingerprint examples/wireless/lan80211ac -c Ping1 for 100s [1;31mERROR[0;0m None vector::_M_range_check: __n (which is 0) >= this->size() (which is 0) (Calculated fingerprint not found)
[1;33mSTDERR [0;36mopp_run_release [0;0m<!> Error: The simulation attempted to prompt for user input, set cmdenv-interactive=true to allow it: "Enter parameter 'Lan80211ac.numHosts' (unassigned):" -- in module (omnetpp::cModule) Lan80211ac (id=1), during network setup
[38;2;200;200;200m[457/914][0;0m [38;2;200;200;200m [0;0m ⏺ Updating fingerprint examples/wireless/lan80211 -c Ping2 for 25s [1;31mERROR[0;0m None (Calculated fingerprint not found)
[38;2;200;200;200m[458/914][0;0m [38;2;200;200;200m [0;0m ⏺ Updating fingerprint examples/wireless/lan80211ac -c Ping2 for 100s [1;31mERROR[0;0m None (Calculated fingerprint not found)
[38;2;200;200;200m[459/914][0;0m [38;2;200;200;200m [0;0m ⏺ Updating fingerprint examples/wireless/hiddennode for 5s [1;33mUPDATE[0;0m babb-9596/~tND
[38;2;200;200;200m[460/914][0;0m [38;2;200;200;200m [0;0m ⏺ Updating fingerprint examples/wireless/layered80211 -c LayeredCompliant80211Ping for 5s [1;33mINSERT[0;0m 4904-cd9f/~tND
[38;2;200;200;200m[461/914][0;0m [38;2;200;200;200m [0;0m ⏺ Updating fingerprint examples/wireless/layered80211 -c LayeredNonCompliant80211Ping for 5s [1;33mINSERT[0;0m 4f7c-a216/~tND
[38;2;200;200;200m[462/914][0;0m [38;2;200;200;200m [0;0m ⏺ Updating fingerprint examples/wireless/mactest -c MacDcf for 100s [1;33mUPDATE[0;0m 361b-87fc/~tND
[38;2;200;200;200m[463/914][0;0m [38;2;200;200;200m [0;0m ⏺ Updating fingerprint examples/wireless/mactest -c MacEdca for 100s [1;33mUPDATE[0;0m fcf7-ff2f/~tND
[38;2;200;200;200m[464/914][0;0m [38;2;200;200;200m [0;0m ⏺ Updating fingerprint examples/wireless/layeredapsk for 100s [1;33mUPDATE[0;0m c674-ae8c/~tND
[38;2;200;200;200m[465/914][0;0m [38;2;200;200;200m [0;0m ⏺ Updating fingerprint examples/wireless/multiradio -c IndependentWlans for 100s [1;33mUPDATE[0;0m b786-4ff7/~tND
[38;2;200;200;200m[466/914][0;0m [38;2;200;200;200m [0;0m ⏺ Updating fingerprint examples/wireless/nic -c AckingMacWithApskScalarRadio for 100s [1;33mUPDATE[0;0m 583a-5add/~tND
[38;2;200;200;200m[467/914][0;0m [38;2;200;200;200m [0;0m ⏺ Updating fingerprint examples/wireless/nic -c AckingMacWithUnitDiskRadio for 100s [1;33mUPDATE[0;0m 5886-88cc/~tND
[38;2;200;200;200m[468/914][0;0m [38;2;200;200;200m [0;0m ⏺ Updating fingerprint examples/wireless/nic -c AckingMacWithApskDimensionalRadio for 100s [1;33mUPDATE[0;0m 583a-5add/~tND
[38;2;200;200;200m[469/914][0;0m [38;2;200;200;200m [0;0m ⏺ Updating fingerprint examples/wireless/multiradio -c SwitchedWlans for 100s [1;33mUPDATE[0;0m a783-ea6d/~tND
[1;33mSTDERR [0;36mopp_run_release [0;0m<!> Error: BMacHeader length = 10 b smaller than required 15 B, try to increase the 'headerLength' parameter -- at t=0.561406257568s, event #41
[38;2;200;200;200m[470/914][0;0m [38;2;200;200;200m [0;0m ⏺ Updating fingerprint examples/wireless/nic -c BMacWithApskDimensionalRadio for 100s [1;31mERROR[0;0m None BMacHeader length = 10 b smaller than required 15 B, try to increase the 'headerLength' parameter -- at t=0.561406257568s, event #41 (Calculated fingerprint not found)
[1;33mSTDERR [0;36mopp_run_release [0;0m<!> Error: BMacHeader length = 10 b smaller than required 15 B, try to increase the 'headerLength' parameter -- at t=0.561406257568s, event #41
[1;33mSTDERR [0;36mopp_run_release [0;0m<!> Error: BMacHeader length = 10 b smaller than required 15 B, try to increase the 'headerLength' parameter -- at t=0.561406257568s, event #41
[38;2;200;200;200m[471/914][0;0m [38;2;200;200;200m [0;0m ⏺ Updating fingerprint examples/wireless/nic -c BMacWithApskScalarRadio for 100s [1;31mERROR[0;0m None BMacHeader length = 10 b smaller than required 15 B, try to increase the 'headerLength' parameter -- at t=0.561406257568s, event #41 (Calculated fingerprint not found)
[38;2;200;200;200m[472/914][0;0m [38;2;200;200;200m [0;0m ⏺ Updating fingerprint examples/wireless/nic -c BMacWithUnitDiskRadio for 100s [1;31mERROR[0;0m None BMacHeader length = 10 b smaller than required 15 B, try to increase the 'headerLength' parameter -- at t=0.561406257568s, event #41 (Calculated fingerprint not found)
[38;2;200;200;200m[473/914][0;0m [38;2;200;200;200m [0;0m ⏺ Updating fingerprint examples/wireless/multiradio -c RoutedWlans for 100s [1;33mUPDATE[0;0m e191-b8ff/~tND
[38;2;200;200;200m[474/914][0;0m [38;2;200;200;200m [0;0m ⏺ Updating fingerprint examples/wireless/nic -c CSMAWithApskScalarRadio for 100s [1;33mUPDATE[0;0m 1df8-b580/~tND
[38;2;200;200;200m[475/914][0;0m [38;2;200;200;200m [0;0m ⏺ Updating fingerprint examples/wireless/nic -c CSMAWithApskDimensionalRadio for 100s [1;33mUPDATE[0;0m 1df8-b580/~tND
[38;2;200;200;200m[476/914][0;0m [38;2;200;200;200m [0;0m ⏺ Updating fingerprint examples/wireless/nic -c CSMAWithUnitDiskRadio for 100s [1;33mUPDATE[0;0m 89ba-0f15/~tND
[38;2;200;200;200m[477/914][0;0m [38;2;200;200;200m [0;0m ⏺ Updating fingerprint examples/wireless/lan80211 -f omnetpp-ftp.ini -c TwoHosts for 100s [1;33mUPDATE[0;0m 605b-2013/~tND
[38;2;200;200;200m[478/914][0;0m [38;2;200;200;200m [0;0m ⏺ Updating fingerprint examples/wireless/nic -c Ieee80211MacV2X for 1s [1;33mUPDATE[0;0m 0f1d-1d6e/~tND
[38;2;200;200;200m[479/914][0;0m [38;2;200;200;200m [0;0m ⏺ Updating fingerprint examples/wireless/nic -c Ieee80211MacWithIeee80211DimensionalRadio for 100s [1;33mUPDATE[0;0m 9f49-e5cc/~tND
[1;33mSTDERR [0;36mopp_run_release [0;0m<!> Error: Cannot find serializer for inet::LMacControlFrame -- at t=0.104950499562s, event #10
[1;33mSTDERR [0;36mopp_run_release [0;0m<!> Error: Cannot find serializer for inet::LMacControlFrame -- at t=0.104950499562s, event #10
[38;2;200;200;200m[480/914][0;0m [38;2;200;200;200m [0;0m ⏺ Updating fingerprint examples/wireless/nic -c LMacWithApskDimensionalRadio for 100s [1;31mERROR[0;0m None Cannot find serializer for inet::LMacControlFrame -- at t=0.104950499562s, event #10 (Calculated fingerprint not found)
[38;2;200;200;200m[481/914][0;0m [38;2;200;200;200m [0;0m ⏺ Updating fingerprint examples/wireless/nic -c Ieee80211MacWithIeee80211ScalarRadio for 100s [1;33mUPDATE[0;0m 4627-ec7c/~tND
[38;2;200;200;200m[482/914][0;0m [38;2;200;200;200m [0;0m ⏺ Updating fingerprint examples/wireless/nic -c LMacWithApskScalarRadio for 100s [1;31mERROR[0;0m None Cannot find serializer for inet::LMacControlFrame -- at t=0.104950499562s, event #10 (Calculated fingerprint not found)
[1;33mSTDERR [0;36mopp_run_release [0;0m<!> Error: Cannot find serializer for inet::LMacControlFrame -- at t=0.104950499562s, event #10
[38;2;200;200;200m[483/914][0;0m [38;2;200;200;200m [0;0m ⏺ Updating fingerprint examples/wireless/nic -c Ieee80211MacWithUnitDiskRadio for 100s [1;33mUPDATE[0;0m 3ede-29ed/~tND
[38;2;200;200;200m[484/914][0;0m [38;2;200;200;200m [0;0m ⏺ Updating fingerprint examples/wireless/nic -c LMacWithUnitDiskRadio for 100s [1;31mERROR[0;0m None Cannot find serializer for inet::LMacControlFrame -- at t=0.104950499562s, event #10 (Calculated fingerprint not found)
[38;2;200;200;200m[485/914][0;0m [38;2;200;200;200m [0;0m ⏺ Updating fingerprint examples/inet/tcpwindowscale -c WS_enabled for 600.0s [1;33mINSERT[0;0m b68d-6aec/~tND
[38;2;200;200;200m[486/914][0;0m [38;2;200;200;200m [0;0m ⏺ Updating fingerprint examples/wireless/obstacle -c Indoor for 100s [1;33mUPDATE[0;0m c126-d1b0/~tND
[38;2;200;200;200m[487/914][0;0m [38;2;200;200;200m [0;0m ⏺ Updating fingerprint examples/wireless/handover for 1500s [1;33mUPDATE[0;0m a102-f906/~tND
[38;2;200;200;200m[488/914][0;0m [38;2;200;200;200m [0;0m ⏺ Updating fingerprint examples/wireless/nic -c XMacWithApskScalarRadio for 100s [1;33mUPDATE[0;0m 8695-6abb/~tND
[38;2;200;200;200m[489/914][0;0m [38;2;200;200;200m [0;0m ⏺ Updating fingerprint examples/wireless/nic -c XMacWithApskDimensionalRadio for 100s [1;33mUPDATE[0;0m 8695-6abb/~tND
[38;2;200;200;200m[490/914][0;0m [38;2;200;200;200m [0;0m ⏺ Updating fingerprint examples/wireless/nic -c XMacWithUnitDiskRadio for 100s [1;33mUPDATE[0;0m d17f-b59c/~tND
[38;2;200;200;200m[491/914][0;0m [38;2;200;200;200m [0;0m ⏺ Updating fingerprint examples/wireless/obstacle -c Orbit for 100s [1;33mUPDATE[0;0m e802-8edf/~tND
[38;2;200;200;200m[492/914][0;0m [38;2;200;200;200m [0;0m ⏺ Updating fingerprint examples/wireless/nic -c CsmaCaWithUnitDiskRadio for 100s [1;33mUPDATE[0;0m 731f-e2be/~tND
[38;2;200;200;200m[493/914][0;0m [38;2;200;200;200m [0;0m ⏺ Updating fingerprint examples/wireless/lan80211 -c Ping1 for 25s [1;33mUPDATE[0;0m 0a54-41bf/~tND
[38;2;200;200;200m[494/914][0;0m [38;2;200;200;200m [0;0m ⏺ Updating fingerprint examples/wireless/nic -c CsmaCaWithApskDimensionalRadio for 100s [1;33mUPDATE[0;0m 6215-41b8/~tND
[38;2;200;200;200m[495/914][0;0m [38;2;200;200;200m [0;0m ⏺ Updating fingerprint examples/wireless/obstacle -c Outdoor for 100s [1;33mUPDATE[0;0m ac34-04e0/~tND
[38;2;200;200;200m[496/914][0;0m [38;2;200;200;200m [0;0m ⏺ Updating fingerprint examples/wireless/nic -c CsmaCaWithApskScalarRadio for 100s [1;33mUPDATE[0;0m 6215-41b8/~tND
[38;2;200;200;200m[497/914][0;0m [38;2;200;200;200m [0;0m ⏺ Updating fingerprint examples/wireless/ratecontrol -c Mac for 100s [1;33mUPDATE[0;0m c8cc-b02b/~tND
[38;2;200;200;200m[498/914][0;0m [38;2;200;200;200m [0;0m ⏺ Updating fingerprint examples/rip/simpletest -c IPv4 for 600s [1;33mINSERT[0;0m 8c98-4419/~tND
[38;2;200;200;200m[499/914][0;0m [38;2;200;200;200m [0;0m ⏺ Updating fingerprint examples/wireless/shortcut -c ShortcutMac for 1000s [1;33mUPDATE[0;0m 7a34-1313/~tND
[38;2;200;200;200m[500/914][0;0m [38;2;200;200;200m [0;0m ⏺ Updating fingerprint examples/wireless/shortcut -c ShortcutRadio for 1000s [1;33mUPDATE[0;0m d6d0-48ed/~tND
[38;2;200;200;200m[501/914][0;0m [38;2;200;200;200m [0;0m ⏺ Updating fingerprint examples/rip/simpletest -c MultiIPv4 for 600s [1;33mINSERT[0;0m 1990-c92e/~tND
[1;33mSTDERR [0;36mopp_run_release [0;0m<!> Error: Submodule app: No module type named 'VoipStreamSender' found that implements module interface inet.applications.contract.IApp (not in the loaded NED files?), at /home/levy/workspace/inet-fp-master/src/inet/node/base/ApplicationLayerNodeBase.ned:32 -- in module (inet::NodeBase) DiffservNetwork.voipPhone1 (id=3), during network setup
[38;2;200;200;200m[502/914][0;0m [38;2;200;200;200m [0;0m ⏺ Updating fingerprint showcases/general/diffserv -c VoIP_WithPolicing for 50s [1;31mERROR[0;0m None Submodule app: No module type named 'VoipStreamSender' found that implements module interface inet.applications.contract.IApp (not in the loaded NED files?), at /home/levy/workspace/inet-fp-master/src/inet/node/base/ApplicationLayerNodeBase.ned:32 -- in module (inet::NodeBase) DiffservNetwork.voipPhone1 (id=3), during network setup (Calculated fingerprint not found)
[1;33mSTDERR [0;36mopp_run_release [0;0m<!> Error: Submodule app: No module type named 'VoipStreamSender' found that implements module interface inet.applications.contract.IApp (not in the loaded NED files?), at /home/levy/workspace/inet-fp-master/src/inet/node/base/ApplicationLayerNodeBase.ned:32 -- in module (inet::NodeBase) DiffservNetwork.voipPhone1 (id=3), during network setup
[38;2;200;200;200m[503/914][0;0m [38;2;200;200;200m [0;0m ⏺ Updating fingerprint examples/wireless/power for 100s [1;33mUPDATE[0;0m 588f-024f/~tND
[38;2;200;200;200m[504/914][0;0m [38;2;200;200;200m [0;0m ⏺ Updating fingerprint showcases/general/diffserv -c VoIP_WithPolicingAndQueueing for 50s [1;31mERROR[0;0m None Submodule app: No module type named 'VoipStreamSender' found that implements module interface inet.applications.contract.IApp (not in the loaded NED files?), at /home/levy/workspace/inet-fp-master/src/inet/node/base/ApplicationLayerNodeBase.ned:32 -- in module (inet::NodeBase) DiffservNetwork.voipPhone1 (id=3), during network setup (Calculated fingerprint not found)
[38;2;200;200;200m[505/914][0;0m [38;2;200;200;200m [0;0m ⏺ Updating fingerprint examples/wireless/hosttohost -c Throughput1 for 5s [1;33mUPDATE[0;0m 6164-55d2/~tND
[38;2;200;200;200m[506/914][0;0m [38;2;200;200;200m [0;0m ⏺ Updating fingerprint examples/wireless/scaling -c ScalarRadioMedium for 0.1s [1;33mINSERT[0;0m e280-93ae/~tND
[38;2;200;200;200m[507/914][0;0m [38;2;200;200;200m [0;0m ⏺ Updating fingerprint examples/wireless/scaling -c UnitDiskRadioMedium for 0.1s [1;33mINSERT[0;0m 75be-3426/~tND
[38;2;200;200;200m[508/914][0;0m [38;2;200;200;200m [0;0m ⏺ Updating fingerprint examples/wireless/lan80211 -f omnetpp-streaming.ini -c Streaming1 for 50s [1;33mUPDATE[0;0m 65fd-eccc/~tND
[1;33mSTDERR [0;36mopp_run_release [0;0m<!> Error: Submodule app: No module type named 'VoipStreamSender' found that implements module interface inet.applications.contract.IApp (not in the loaded NED files?), at /home/levy/workspace/inet-fp-master/src/inet/node/base/ApplicationLayerNodeBase.ned:32 -- in module (inet::NodeBase) DiffservNetwork.voipPhone1 (id=3), during network setup
[38;2;200;200;200m[509/914][0;0m [38;2;200;200;200m [0;0m ⏺ Updating fingerprint showcases/general/diffserv -c VoIP_WithoutQoS for 50s [1;31mERROR[0;0m None Submodule app: No module type named 'VoipStreamSender' found that implements module interface inet.applications.contract.IApp (not in the loaded NED files?), at /home/levy/workspace/inet-fp-master/src/inet/node/base/ApplicationLayerNodeBase.ned:32 -- in module (inet::NodeBase) DiffservNetwork.voipPhone1 (id=3), during network setup (Calculated fingerprint not found)
[38;2;200;200;200m[510/914][0;0m [38;2;200;200;200m [0;0m ⏺ Updating fingerprint examples/wireless/throughput -c Throughput1 for 20s [1;33mUPDATE[0;0m 5889-58f9/~tND
[38;2;200;200;200m[511/914][0;0m [38;2;200;200;200m [0;0m ⏺ Updating fingerprint showcases/general/diffserv -c WithPolicing for 50s [1;33mINSERT[0;0m 3c5f-fd67/~tND
[38;2;200;200;200m[512/914][0;0m [38;2;200;200;200m [0;0m ⏺ Updating fingerprint showcases/general/diffserv -c WithQueueing for 50s [1;33mINSERT[0;0m 699d-1d6b/~tND
[38;2;200;200;200m[513/914][0;0m [38;2;200;200;200m [0;0m ⏺ Updating fingerprint showcases/general/diffserv -c WithoutQoS for 50s [1;33mINSERT[0;0m 699d-1d6b/~tND
[38;2;200;200;200m[514/914][0;0m [38;2;200;200;200m [0;0m ⏺ Updating fingerprint examples/wireless/wiredandwirelesshostswithap for 400s [1;33mINSERT[0;0m c905-10a7/~tND
[38;2;200;200;200m[515/914][0;0m [38;2;200;200;200m [0;0m ⏺ Updating fingerprint examples/wireless/throughput -c Throughput2 for 10s [1;33mUPDATE[0;0m 9a9b-55fe/~tND
[38;2;200;200;200m[516/914][0;0m [38;2;200;200;200m [0;0m ⏺ Updating fingerprint examples/wireless/scaling -c DimensionalRadioMedium for 0.1s [1;33mUPDATE[0;0m e280-93ae/~tND
[38;2;200;200;200m[517/914][0;0m [38;2;200;200;200m [0;0m ⏺ Updating fingerprint showcases/measurement/relationships for 1s [1;33mINSERT[0;0m 0000-0000/~tND
[38;2;200;200;200m[518/914][0;0m [38;2;200;200;200m [0;0m ⏺ Updating fingerprint examples/wireless/ieee80211levelofdetail -c Layered for 1000s [1;33mINSERT[0;0m eceb-0759/~tND
[38;2;200;200;200m[519/914][0;0m [38;2;200;200;200m [0;0m ⏺ Updating fingerprint showcases/measurement/datarate for 1s [1;33mUPDATE[0;0m 35d7-06ea/~tND
[38;2;200;200;200m[520/914][0;0m [38;2;200;200;200m [0;0m ⏺ Updating fingerprint examples/ospfv2/areas for 500s [1;33mUPDATE[0;0m 706d-ad1f/~tND
[38;2;200;200;200m[521/914][0;0m [38;2;200;200;200m [0;0m ⏺ Updating fingerprint examples/wireless/synchronized -c Synchronized for 2s [1;33mUPDATE[0;0m 58c0-d2fe/~tND
[38;2;200;200;200m[522/914][0;0m [38;2;200;200;200m [0;0m ⏺ Updating fingerprint showcases/measurement/throughput for 1s [1;33mUPDATE[0;0m a1fd-8893/~tND
[38;2;200;200;200m[523/914][0;0m [38;2;200;200;200m [0;0m ⏺ Updating fingerprint showcases/measurement/endtoenddelay for 1s [1;33mUPDATE[0;0m 93d6-33c2/~tND
[38;2;200;200;200m[524/914][0;0m [38;2;200;200;200m [0;0m ⏺ Updating fingerprint showcases/mobility/basic -c BonnMotionMobility for 100s [0;32mKEEP[0;0m 0000-0000/~tND
[38;2;200;200;200m[525/914][0;0m [38;2;200;200;200m [0;0m ⏺ Updating fingerprint showcases/mobility/basic -c CircleMobility for 100s [0;32mKEEP[0;0m 0000-0000/~tND
[38;2;200;200;200m[526/914][0;0m [38;2;200;200;200m [0;0m ⏺ Updating fingerprint showcases/mobility/basic -c StaticGridMobility for 100s [0;32mKEEP[0;0m 0000-0000/~tND
[38;2;200;200;200m[527/914][0;0m [38;2;200;200;200m [0;0m ⏺ Updating fingerprint showcases/mobility/basic -c GaussMarkovMobility for 100s [0;32mKEEP[0;0m 0000-0000/~tND
[38;2;200;200;200m[528/914][0;0m [38;2;200;200;200m [0;0m ⏺ Updating fingerprint showcases/mobility/basic -c LinearMobility for 100s [0;32mKEEP[0;0m 0000-0000/~tND
[38;2;200;200;200m[529/914][0;0m [38;2;200;200;200m [0;0m ⏺ Updating fingerprint showcases/mobility/basic -c FacingMobility for 100s [0;32mKEEP[0;0m 0000-0000/~tND
[38;2;200;200;200m[530/914][0;0m [38;2;200;200;200m [0;0m ⏺ Updating fingerprint examples/wireless/testnewmac -c Mac for 10s [1;33mUPDATE[0;0m a6c0-b33f/~tND
[38;2;200;200;200m[531/914][0;0m [38;2;200;200;200m [0;0m ⏺ Updating fingerprint showcases/measurement/propagationtime for 1s [1;33mUPDATE[0;0m 75a5-9c83/~tND
[38;2;200;200;200m[532/914][0;0m [38;2;200;200;200m [0;0m ⏺ Updating fingerprint showcases/mobility/basic -c StationaryMobility for 100s [0;32mKEEP[0;0m 0000-0000/~tND
[38;2;200;200;200m[533/914][0;0m [38;2;200;200;200m [0;0m ⏺ Updating fingerprint showcases/measurement/utilization for 1s [1;33mUPDATE[0;0m 2347-d4c1/~tND
[38;2;200;200;200m[534/914][0;0m [38;2;200;200;200m [0;0m ⏺ Updating fingerprint showcases/mobility/combining -c Attached1 for 100s [0;32mKEEP[0;0m 0000-0000/~tND
[38;2;200;200;200m[535/914][0;0m [38;2;200;200;200m [0;0m ⏺ Updating fingerprint showcases/mobility/combining -c Attached3D for 100s [0;32mKEEP[0;0m 0000-0000/~tND
[38;2;200;200;200m[536/914][0;0m [38;2;200;200;200m [0;0m ⏺ Updating fingerprint showcases/general/pcaprecording -c PcapRecording for 10s [1;33mUPDATE[0;0m 3645-ea42/~tND
[38;2;200;200;200m[537/914][0;0m [38;2;200;200;200m [0;0m ⏺ Updating fingerprint showcases/mobility/combining -c Attached2 for 100s [0;32mKEEP[0;0m 0000-0000/~tND
[38;2;200;200;200m[538/914][0;0m [38;2;200;200;200m [0;0m ⏺ Updating fingerprint showcases/mobility/combining -c Superpositioning1 for 100s [0;32mKEEP[0;0m 0000-0000/~tND
[38;2;200;200;200m[539/914][0;0m [38;2;200;200;200m [0;0m ⏺ Updating fingerprint showcases/measurement/residencetime for 1s [1;33mUPDATE[0;0m d154-c988/~tND
[38;2;200;200;200m[540/914][0;0m [38;2;200;200;200m [0;0m ⏺ Updating fingerprint showcases/mobility/combining -c AntennaOrientation for 10000s [1;33mINSERT[0;0m 0000-0000/~tND
[38;2;200;200;200m[541/914][0;0m [38;2;200;200;200m [0;0m ⏺ Updating fingerprint showcases/mobility/basic -c TurtleMobility for 100s [0;32mKEEP[0;0m 0000-0000/~tND
[38;2;200;200;200m[542/914][0;0m [38;2;200;200;200m [0;0m ⏺ Updating fingerprint showcases/mobility/combining -c Superpositioning2 for 100s [0;32mKEEP[0;0m 0000-0000/~tND
[38;2;200;200;200m[543/914][0;0m [38;2;200;200;200m [0;0m ⏺ Updating fingerprint showcases/measurement/transmissiontime for 1s [1;33mUPDATE[0;0m 11b1-be3d/~tND
[38;2;200;200;200m[544/914][0;0m [38;2;200;200;200m [0;0m ⏺ Updating fingerprint showcases/mobility/spatial -c Drone for 100s [0;32mKEEP[0;0m 0000-0000/~tND
[38;2;200;200;200m[545/914][0;0m [38;2;200;200;200m [0;0m ⏺ Updating fingerprint showcases/mobility/spatial -c Spiral for 100s [0;32mKEEP[0;0m 0000-0000/~tND
[1;33mSTDERR [0;36mopp_run_release [0;0m<!> Error: Cannot find serializer for inet::quic::InitialPacketHeader -- in module (inet::UdpChecksumInsertionHook) QuicLinkSharingShowcase.sender1.udp.checksumInsertion (id=561), at t=0s, event #35
[38;2;200;200;200m[546/914][0;0m [38;2;200;200;200m [0;0m ⏺ Updating fingerprint showcases/quic/linksharing for 50s [1;31mERROR[0;0m None Cannot find serializer for inet::quic::InitialPacketHeader (Calculated fingerprint not found)
[1;33mSTDERR [0;36mopp_run_release [0;0m<!> Error: Cannot find serializer for inet::GpsrBeacon -- in module (inet::ieee80211::Tx) ManetprotocolsShowcaseA.node4.wlan[0].mac.tx (id=422), at t=6.182744237594s, event #19
[38;2;200;200;200m[547/914][0;0m [38;2;200;200;200m [0;0m ⏺ Updating fingerprint showcases/routing/manet -c Gpsr for 100s [1;31mERROR[0;0m None Cannot find serializer for inet::GpsrBeacon (Calculated fingerprint not found)
[38;2;200;200;200m[548/914][0;0m [38;2;200;200;200m [0;0m ⏺ Updating fingerprint showcases/tsn/combiningfeatures/fpandtas for 10ms [1;33mUPDATE[0;0m ebf9-8e44/~tND
[38;2;200;200;200m[549/914][0;0m [38;2;200;200;200m [0;0m ⏺ Updating fingerprint examples/inet/tcpthroughput -c Delay-01us for 100s [1;33mINSERT[0;0m 730d-3fe2/~tND
[38;2;200;200;200m[550/914][0;0m [38;2;200;200;200m [0;0m ⏺ Updating fingerprint showcases/routing/manet -c Aodv for 100s [1;33mUPDATE[0;0m 625c-4a50/~tND
[38;2;200;200;200m[551/914][0;0m [38;2;200;200;200m [0;0m ⏺ Updating fingerprint showcases/routing/aodvexternal for 50s [1;33mINSERT[0;0m 59c9-8480/~tND
[1;33mSTDERR [0;36mopp_run_release [0;0m<!> Error: Submodule gateScheduleConfigurator: No module type named 'Z3GateScheduleConfigurator' found that implements module interface inet.linklayer.configurator.gatescheduling.contract.IGateScheduleConfigurator (not in the loaded NED files?), at /home/levy/workspace/inet-fp-master/src/inet/networks/base/TsnNetworkBase.ned:21 -- in module (inet::NetworkBase) TsnDumbbellNetwork (id=1), during network setup
[38;2;200;200;200m[552/914][0;0m [38;2;200;200;200m [0;0m ⏺ Updating fingerprint showcases/tsn/combiningfeatures/gsandcs -c SAT for 0.2s [1;31mERROR[0;0m None Submodule gateScheduleConfigurator: No module type named 'Z3GateScheduleConfigurator' found that implements module interface inet.linklayer.configurator.gatescheduling.contract.IGateScheduleConfigurator (not in the loaded NED files?), at /home/levy/workspace/inet-fp-master/src/inet/networks/base/TsnNetworkBase.ned:21 -- in module (inet::NetworkBase) TsnDumbbellNetwork (id=1), during network setup (Calculated fingerprint not found)
[38;2;200;200;200m[553/914][0;0m [38;2;200;200;200m [0;0m ⏺ Updating fingerprint showcases/tsn/combiningfeatures/invehicle -c StandardEthernet for 10ms [1;33mUPDATE[0;0m 4341-a844/~tND
[38;2;200;200;200m[554/914][0;0m [38;2;200;200;200m [0;0m ⏺ Updating fingerprint showcases/tsn/combiningfeatures/frerandtas for 5s [1;33mINSERT[0;0m 1c00-bd44/~tND
[38;2;200;200;200m[555/914][0;0m [38;2;200;200;200m [0;0m ⏺ Updating fingerprint showcases/tsn/combiningfeatures/frerandcs for 0.1s [1;33mINSERT[0;0m dc87-c9b9/~tND
[38;2;200;200;200m[556/914][0;0m [38;2;200;200;200m [0;0m ⏺ Updating fingerprint examples/wireless/qos -c MacQosWithBlockAck for 10s [1;33mUPDATE[0;0m 1e07-e20d/~tND
[38;2;200;200;200m[557/914][0;0m [38;2;200;200;200m [0;0m ⏺ Updating fingerprint examples/wireless/synchronized -c NonSynchronized for 2s [1;33mUPDATE[0;0m 96de-d290/~tND
[38;2;200;200;200m[558/914][0;0m [38;2;200;200;200m [0;0m ⏺ Updating fingerprint examples/wireless/qos -c MacQos for 10s [1;33mUPDATE[0;0m 2961-bdd0/~tND
[38;2;200;200;200m[559/914][0;0m [38;2;200;200;200m [0;0m ⏺ Updating fingerprint showcases/routing/manet -c Dsdv for 100s [1;33mUPDATE[0;0m 60ee-f9f8/~tND
[38;2;200;200;200m[560/914][0;0m [38;2;200;200;200m [0;0m ⏺ Updating fingerprint showcases/tsn/framereplication/automaticfailureprotection -c FrameReplication for 0.1s [1;33mINSERT[0;0m 94d6-2068/~tND
[38;2;200;200;200m[561/914][0;0m [38;2;200;200;200m [0;0m ⏺ Updating fingerprint showcases/tsn/combiningfeatures/invehicle -c AutomaticTsn for 10ms [1;33mINSERT[0;0m eace-8373/~tND
[38;2;200;200;200m[562/914][0;0m [38;2;200;200;200m [0;0m ⏺ Updating fingerprint examples/wireless/qos -c MacQosWithRtsCts for 10s [1;33mUPDATE[0;0m 0c3e-3270/~tND
[38;2;200;200;200m[563/914][0;0m [38;2;200;200;200m [0;0m ⏺ Updating fingerprint showcases/tsn/combiningfeatures/invehicle -c ManualTsn for 10ms [1;33mINSERT[0;0m d5bc-7f3d/~tND
[38;2;200;200;200m[564/914][0;0m [38;2;200;200;200m [0;0m ⏺ Updating fingerprint examples/wireless/qos -c MacNonQos for 10s [1;33mUPDATE[0;0m e11d-3ec8/~tND
[38;2;200;200;200m[565/914][0;0m [38;2;200;200;200m [0;0m ⏺ Updating fingerprint showcases/measurement/queueingtime for 5s [1;33mINSERT[0;0m 3296-b865/~tND
[38;2;200;200;200m[566/914][0;0m [38;2;200;200;200m [0;0m ⏺ Updating fingerprint showcases/tsn/cutthroughswitching -c StoreAndForward for 1s [1;33mUPDATE[0;0m 9683-98e4/~tND
[38;2;200;200;200m[567/914][0;0m [38;2;200;200;200m [0;0m ⏺ Updating fingerprint showcases/tsn/cutthroughswitching -c CutthroughSwitching for 1s [1;33mUPDATE[0;0m 8898-1c6b/~tND
[38;2;200;200;200m[568/914][0;0m [38;2;200;200;200m [0;0m ⏺ Updating fingerprint examples/ospfv2/areatests -c backbone for 1000s [1;33mINSERT[0;0m 3a27-1372/~tND
[38;2;200;200;200m[569/914][0;0m [38;2;200;200;200m [0;0m ⏺ Updating fingerprint showcases/tsn/framereplication/multicastfailureprotection for 10ms [1;33mINSERT[0;0m fb1c-7135/~tND
[38;2;200;200;200m[570/914][0;0m [38;2;200;200;200m [0;0m ⏺ Updating fingerprint showcases/tsn/framereplication/manualconfiguration for 0.1s [1;33mUPDATE[0;0m 0b7d-a43c/~tND
[38;2;200;200;200m[571/914][0;0m [38;2;200;200;200m [0;0m ⏺ Updating fingerprint showcases/tsn/framereplication/automaticfailureprotection -c NoFrameReplication for 0.1s [1;33mINSERT[0;0m 7d7d-381b/~tND
[38;2;200;200;200m[572/914][0;0m [38;2;200;200;200m [0;0m ⏺ Updating fingerprint showcases/measurement/jitter for 5s [1;33mINSERT[0;0m 92ef-96bc/~tND
[1;33mSTDERR [0;36mopp_run_release [0;0m<!> Error: Submodule gateScheduleConfigurator: No module type named 'Z3GateScheduleConfigurator' found that implements module interface inet.linklayer.configurator.gatescheduling.contract.IGateScheduleConfigurator (not in the loaded NED files?), at /home/levy/workspace/inet-fp-master/src/inet/networks/base/TsnNetworkBase.ned:21 -- in module (inet::NetworkBase) TsnDumbbellNetwork (id=1), during network setup
[38;2;200;200;200m[573/914][0;0m [38;2;200;200;200m [0;0m ⏺ Updating fingerprint showcases/tsn/gatescheduling/sat -c SAT for 0.2s [1;31mERROR[0;0m None Submodule gateScheduleConfigurator: No module type named 'Z3GateScheduleConfigurator' found that implements module interface inet.linklayer.configurator.gatescheduling.contract.IGateScheduleConfigurator (not in the loaded NED files?), at /home/levy/workspace/inet-fp-master/src/inet/networks/base/TsnNetworkBase.ned:21 -- in module (inet::NetworkBase) TsnDumbbellNetwork (id=1), during network setup (Calculated fingerprint not found)
[38;2;200;200;200m[574/914][0;0m [38;2;200;200;200m [0;0m ⏺ Updating fingerprint showcases/tsn/framereplication/automaticmultipathconfiguration for 0.1s [1;33mUPDATE[0;0m 5b3d-b6c7/~tND
[38;2;200;200;200m[575/914][0;0m [38;2;200;200;200m [0;0m ⏺ Updating fingerprint showcases/tsn/framepreemption -c RealisticFifoQueueing for 1s [1;33mUPDATE[0;0m 5da4-78c7/~tND
[38;2;200;200;200m[576/914][0;0m [38;2;200;200;200m [0;0m ⏺ Updating fingerprint showcases/tsn/framepreemption -c FifoQueueing for 1s [1;33mUPDATE[0;0m a388-6b51/~tND
[38;2;200;200;200m[577/914][0;0m [38;2;200;200;200m [0;0m ⏺ Updating fingerprint showcases/tsn/framepreemption -c PriorityQueueing for 1s [1;33mUPDATE[0;0m 9b75-ce5f/~tND
[38;2;200;200;200m[578/914][0;0m [38;2;200;200;200m [0;0m ⏺ Updating fingerprint showcases/tsn/streamfiltering/underthehood for 1s [0;32mKEEP[0;0m 0000-0000/~tND
[38;2;200;200;200m[579/914][0;0m [38;2;200;200;200m [0;0m ⏺ Updating fingerprint showcases/tsn/framepreemption -c RealisticPriorityQueueing for 1s [1;33mUPDATE[0;0m 1163-3cf0/~tND
[38;2;200;200;200m[580/914][0;0m [38;2;200;200;200m [0;0m ⏺ Updating fingerprint showcases/tsn/gatescheduling/eager -c Eager for 0.2s [1;33mUPDATE[0;0m 96ba-c2e3/~tND
[38;2;200;200;200m[581/914][0;0m [38;2;200;200;200m [0;0m ⏺ Updating fingerprint showcases/tsn/timesynchronization/gptp -c OneMasterClock for 1s [1;33mUPDATE[0;0m e579-df00/~tND
[38;2;200;200;200m[582/914][0;0m [38;2;200;200;200m [0;0m ⏺ Updating fingerprint showcases/tsn/combiningfeatures/gptpandtas -c Failover for 4s [1;33mINSERT[0;0m 09f4-dacf/~tND
[38;2;200;200;200m[583/914][0;0m [38;2;200;200;200m [0;0m ⏺ Updating fingerprint showcases/tsn/framepreemption -c FramePreemption for 1s [1;33mUPDATE[0;0m 5003-8b27/~tND
[38;2;200;200;200m[584/914][0;0m [38;2;200;200;200m [0;0m ⏺ Updating fingerprint showcases/tsn/timesynchronization/gptp -c PrimaryAndHotStandbyMasterClocks for 1s [1;33mUPDATE[0;0m 8f24-f113/~tND
[38;2;200;200;200m[585/914][0;0m [38;2;200;200;200m [0;0m ⏺ Updating fingerprint showcases/tsn/framepreemption -c RealisticFramePreemption for 1s [1;33mUPDATE[0;0m aa45-550c/~tND
[38;2;200;200;200m[586/914][0;0m [38;2;200;200;200m [0;0m ⏺ Updating fingerprint examples/wireless/qos -c MacQosWithoutAggregation for 10s [1;33mUPDATE[0;0m c56b-aa68/~tND
[38;2;200;200;200m[587/914][0;0m [38;2;200;200;200m [0;0m ⏺ Updating fingerprint showcases/tsn/timesynchronization/gptp -c TwoMasterClocksExploitingNetworkRedundancy for 1s [1;33mUPDATE[0;0m b4e6-c39e/~tND
[38;2;200;200;200m[588/914][0;0m [38;2;200;200;200m [0;0m ⏺ Updating fingerprint showcases/tsn/combiningfeatures/gptpandtas -c NormalOperation for 4s [1;33mINSERT[0;0m e0d6-810d/~tND
[38;2;200;200;200m[589/914][0;0m [38;2;200;200;200m [0;0m ⏺ Updating fingerprint showcases/tsn/combiningfeatures/gptpandtas -f extras.ini -c Recovery for 4s [1;33mINSERT[0;0m eedb-dabe/~tND
[38;2;200;200;200m[590/914][0;0m [38;2;200;200;200m [0;0m ⏺ Updating fingerprint showcases/tsn/combiningfeatures/gptpandtas -c LinkFailure for 4s [1;33mINSERT[0;0m 4a4d-81aa/~tND
[38;2;200;200;200m[591/914][0;0m [38;2;200;200;200m [0;0m ⏺ Updating fingerprint showcases/visualizer/canvas/datalinkactivity -c EnablingVisualizationWired for 500s [1;33mUPDATE[0;0m 96e2-da90/~tND
[38;2;200;200;200m[592/914][0;0m [38;2;200;200;200m [0;0m ⏺ Updating fingerprint showcases/visualizer/canvas/datalinkactivity -c ActivityLevel for 100s [1;33mUPDATE[0;0m 988c-1692/~tND
[38;2;200;200;200m[593/914][0;0m [38;2;200;200;200m [0;0m ⏺ Updating fingerprint showcases/tsn/streamfiltering/tokenbucket -c NoStreamFiltering for 1s [1;33mINSERT[0;0m fb94-55bc/~tND
[38;2;200;200;200m[594/914][0;0m [38;2;200;200;200m [0;0m ⏺ Updating fingerprint showcases/visualizer/canvas/datalinkactivity -c EnablingVisualizationWireless for 500s [1;33mUPDATE[0;0m 04bf-c119/~tND
[38;2;200;200;200m[595/914][0;0m [38;2;200;200;200m [0;0m ⏺ Updating fingerprint showcases/visualizer/canvas/ieee80211 -c MultipleNetworks for 5s [1;33mUPDATE[0;0m c0fd-9eda/~tND
[38;2;200;200;200m[596/914][0;0m [38;2;200;200;200m [0;0m ⏺ Updating fingerprint showcases/visualizer/canvas/ieee80211 -c OneNetwork for 5s [1;33mUPDATE[0;0m 798c-1ac8/~tND
[38;2;200;200;200m[597/914][0;0m [38;2;200;200;200m [0;0m ⏺ Updating fingerprint showcases/visualizer/canvas/datalinkactivity -c Filtering for 500s [1;33mUPDATE[0;0m 8f64-6a8f/~tND
[38;2;200;200;200m[598/914][0;0m [38;2;200;200;200m [0;0m ⏺ Updating fingerprint showcases/tsn/streamfiltering/tokenbucket -c StreamFiltering for 1s [1;33mINSERT[0;0m c6f7-20d8/~tND
[38;2;200;200;200m[599/914][0;0m [38;2;200;200;200m [0;0m ⏺ Updating fingerprint showcases/visualizer/canvas/datalinkactivity -c Dynamic for 500s [1;33mUPDATE[0;0m 6b90-a2c5/~tND
[38;2;200;200;200m[600/914][0;0m [38;2;200;200;200m [0;0m ⏺ Updating fingerprint showcases/tsn/trafficshaping/underthehood for 10s [1;33mINSERT[0;0m 0000-0000/~tND
[38;2;200;200;200m[601/914][0;0m [38;2;200;200;200m [0;0m ⏺ Updating fingerprint showcases/visualizer/canvas/interfacetable -c AdvancedFeatures for 5s [1;33mUPDATE[0;0m 90b1-6b80/~tND
[38;2;200;200;200m[602/914][0;0m [38;2;200;200;200m [0;0m ⏺ Updating fingerprint showcases/visualizer/canvas/ieee80211 -c VisualizingHandover for 250s [1;33mUPDATE[0;0m 46be-1494/~tND
[38;2;200;200;200m[603/914][0;0m [38;2;200;200;200m [0;0m ⏺ Updating fingerprint showcases/tsn/trafficshaping/timeawareshaper -c NoTrafficShaping for 1s [1;33mINSERT[0;0m f82a-880b/~tND
[38;2;200;200;200m[604/914][0;0m [38;2;200;200;200m [0;0m ⏺ Updating fingerprint showcases/visualizer/canvas/interfacetable -c EnablingVisualization for 5s [0;32mKEEP[0;0m 0000-0000/~tND
[38;2;200;200;200m[605/914][0;0m [38;2;200;200;200m [0;0m ⏺ Updating fingerprint showcases/visualizer/canvas/mobility -c VisualizingFeatures for 500s [0;32mKEEP[0;0m 0000-0000/~tND
[38;2;200;200;200m[606/914][0;0m [38;2;200;200;200m [0;0m ⏺ Updating fingerprint showcases/tsn/trafficshaping/timeawareshaper -c TimeAwareShaping for 1s [1;33mINSERT[0;0m 7621-d697/~tND
[38;2;200;200;200m[607/914][0;0m [38;2;200;200;200m [0;0m ⏺ Updating fingerprint showcases/visualizer/canvas/networkpathactivity -c EnablingVisualization for 500s [1;33mUPDATE[0;0m 44ed-a389/~tND
[38;2;200;200;200m[608/914][0;0m [38;2;200;200;200m [0;0m ⏺ Updating fingerprint showcases/visualizer/canvas/ieee80211 -c SignalLevels for 100s [1;33mUPDATE[0;0m 8e30-3fc5/~tND
[38;2;200;200;200m[609/914][0;0m [38;2;200;200;200m [0;0m ⏺ Updating fingerprint showcases/tsn/timesynchronization/clockdrift -c ConstantClockDriftOutOfBandSync for 0.1s [1;33mUPDATE[0;0m 0eee-653f/~tND
[38;2;200;200;200m[610/914][0;0m [38;2;200;200;200m [0;0m ⏺ Updating fingerprint showcases/tsn/timesynchronization/clockdrift -c NoClockDrift for 0.1s [1;33mUPDATE[0;0m 9678-ff2f/~tND
[38;2;200;200;200m[611/914][0;0m [38;2;200;200;200m [0;0m ⏺ Updating fingerprint showcases/visualizer/canvas/packetdrop -c ArpResolutionFailed for 500s [0;32mKEEP[0;0m 0000-0000/~tND
[38;2;200;200;200m[612/914][0;0m [38;2;200;200;200m [0;0m ⏺ Updating fingerprint showcases/tsn/timesynchronization/clockdrift -c ConstantClockDrift for 0.1s [1;33mUPDATE[0;0m 9ea4-f918/~tND
[38;2;200;200;200m[613/914][0;0m [38;2;200;200;200m [0;0m ⏺ Updating fingerprint showcases/visualizer/canvas/packetdrop -c InterfaceNotConnected for 500s [0;32mKEEP[0;0m 0000-0000/~tND
[38;2;200;200;200m[614/914][0;0m [38;2;200;200;200m [0;0m ⏺ Updating fingerprint showcases/visualizer/canvas/packetdrop -c NoRouteToDestination for 500s [0;32mKEEP[0;0m 0000-0000/~tND
[38;2;200;200;200m[615/914][0;0m [38;2;200;200;200m [0;0m ⏺ Updating fingerprint showcases/visualizer/canvas/instrumentfigures for 3s [1;33mUPDATE[0;0m 39fb-8d9c/~tND
[38;2;200;200;200m[616/914][0;0m [38;2;200;200;200m [0;0m ⏺ Updating fingerprint showcases/tsn/timesynchronization/clockdrift -c RandomClockDrift for 0.1s [1;33mUPDATE[0;0m aa90-7803/~tND
[38;2;200;200;200m[617/914][0;0m [38;2;200;200;200m [0;0m ⏺ Updating fingerprint showcases/visualizer/canvas/radiomediumactivity -c DisplayingSignalsTransmissionsReceptions for 1000s [1;33mINSERT[0;0m eaef-cd46/~tND
[38;2;200;200;200m[618/914][0;0m [38;2;200;200;200m [0;0m ⏺ Updating fingerprint showcases/visualizer/canvas/packetdrop -c MACRetryLimitReached for 500s [1;33mUPDATE[0;0m f19b-acd2/~tND
[38;2;200;200;200m[619/914][0;0m [38;2;200;200;200m [0;0m ⏺ Updating fingerprint showcases/visualizer/canvas/physicallinkactivity -c EnablingVisualization for 500s [1;33mUPDATE[0;0m 2e5a-5cd1/~tND
[38;2;200;200;200m[620/914][0;0m [38;2;200;200;200m [0;0m ⏺ Updating fingerprint showcases/visualizer/canvas/networkpathactivity -c StaticNetworkPaths for 500s [1;33mUPDATE[0;0m 52a6-d331/~tND
[38;2;200;200;200m[621/914][0;0m [38;2;200;200;200m [0;0m ⏺ Updating fingerprint showcases/visualizer/canvas/routingtable -c DisplayingAll for 500s [0;32mKEEP[0;0m 0000-0000/~tND
[38;2;200;200;200m[622/914][0;0m [38;2;200;200;200m [0;0m ⏺ Updating fingerprint showcases/visualizer/canvas/packetdrop -c QueueOverflow for 2002ms [1;33mUPDATE[0;0m 96e5-fb03/~tND
[38;2;200;200;200m[623/914][0;0m [38;2;200;200;200m [0;0m ⏺ Updating fingerprint showcases/visualizer/canvas/radiomediumactivity -c MultipleNodes for 1000s [1;33mINSERT[0;0m 50f9-f9d7/~tND
[38;2;200;200;200m[624/914][0;0m [38;2;200;200;200m [0;0m ⏺ Updating fingerprint showcases/visualizer/canvas/routingtable -c Filtered for 500s [0;32mKEEP[0;0m 0000-0000/~tND
[38;2;200;200;200m[625/914][0;0m [38;2;200;200;200m [0;0m ⏺ Updating fingerprint showcases/visualizer/canvas/networkpathactivity -c Mobile for 500s [1;33mUPDATE[0;0m f450-09e8/~tND
[38;2;200;200;200m[626/914][0;0m [38;2;200;200;200m [0;0m ⏺ Updating fingerprint showcases/visualizer/canvas/networkpathactivity -c ChangingPaths for 250s [1;33mUPDATE[0;0m bbae-c4bc/~tND
[38;2;200;200;200m[627/914][0;0m [38;2;200;200;200m [0;0m ⏺ Updating fingerprint showcases/visualizer/canvas/routingtable -c Unfiltered for 500s [0;32mKEEP[0;0m 0000-0000/~tND
[38;2;200;200;200m[628/914][0;0m [38;2;200;200;200m [0;0m ⏺ Updating fingerprint showcases/visualizer/canvas/spectrum -c PowerDensityMap for 1s [1;33mUPDATE[0;0m d2f5-5e42/~tND
[38;2;200;200;200m[629/914][0;0m [38;2;200;200;200m [0;0m ⏺ Updating fingerprint showcases/visualizer/canvas/spectrum -c Spectrogram for 1s [1;33mUPDATE[0;0m ac53-12c2/~tND
[38;2;200;200;200m[630/914][0;0m [38;2;200;200;200m [0;0m ⏺ Updating fingerprint showcases/visualizer/canvas/physicallinkactivity -c Filtering for 250s [1;33mUPDATE[0;0m 8eb7-09ed/~tND
[38;2;200;200;200m[631/914][0;0m [38;2;200;200;200m [0;0m ⏺ Updating fingerprint showcases/tsn/timesynchronization/clockdrift -c RandomClockDriftOutOfBandSync for 0.1s [1;33mUPDATE[0;0m b65f-04f9/~tND
[38;2;200;200;200m[632/914][0;0m [38;2;200;200;200m [0;0m ⏺ Updating fingerprint showcases/visualizer/canvas/spectrum -c SpectrumFigure for 1s [1;33mUPDATE[0;0m ac53-12c2/~tND
[38;2;200;200;200m[633/914][0;0m [38;2;200;200;200m [0;0m ⏺ Updating fingerprint showcases/visualizer/canvas/styling -c Font for 25s [1;33mUPDATE[0;0m f27b-467e/~tND
[38;2;200;200;200m[634/914][0;0m [38;2;200;200;200m [0;0m ⏺ Updating fingerprint showcases/visualizer/canvas/styling -c Line for 25s [1;33mUPDATE[0;0m f27b-467e/~tND
[38;2;200;200;200m[635/914][0;0m [38;2;200;200;200m [0;0m ⏺ Updating fingerprint showcases/visualizer/canvas/statistic -c PingRtt for 500s [1;33mUPDATE[0;0m 204a-8d8d/~tND
[38;2;200;200;200m[636/914][0;0m [38;2;200;200;200m [0;0m ⏺ Updating fingerprint showcases/tsn/timesynchronization/clockdrift -c RandomClockDriftGptpSync for 0.1s [1;33mUPDATE[0;0m 7146-68bc/~tND
[38;2;200;200;200m[637/914][0;0m [38;2;200;200;200m [0;0m ⏺ Updating fingerprint showcases/visualizer/canvas/physicallinkactivity -c Mobile for 500s [1;33mUPDATE[0;0m c61a-877c/~tND
[38;2;200;200;200m[638/914][0;0m [38;2;200;200;200m [0;0m ⏺ Updating fingerprint showcases/visualizer/canvas/radiomediumactivity -c InterferingSignals for 1000s [1;33mINSERT[0;0m de3e-aacf/~tND
[38;2;200;200;200m[639/914][0;0m [38;2;200;200;200m [0;0m ⏺ Updating fingerprint showcases/visualizer/canvas/submoduleinfo -c MACStates for 5s [1;33mUPDATE[0;0m 2568-35d7/~tND
[38;2;200;200;200m[640/914][0;0m [38;2;200;200;200m [0;0m ⏺ Updating fingerprint showcases/visualizer/canvas/transportpathactivity -c EnablingPathVisualizationWireless for 500s [1;33mUPDATE[0;0m d2ee-6dcd/~tND
[38;2;200;200;200m[641/914][0;0m [38;2;200;200;200m [0;0m ⏺ Updating fingerprint showcases/visualizer/canvas/transportpathactivity -c EnablingPathVisualizationWired for 500s [1;33mUPDATE[0;0m 2d91-9777/~tND
[38;2;200;200;200m[642/914][0;0m [38;2;200;200;200m [0;0m ⏺ Updating fingerprint showcases/visualizer/canvas/submoduleinfo -c PacketCounts for 5s [1;33mUPDATE[0;0m 2568-35d7/~tND
[38;2;200;200;200m[643/914][0;0m [38;2;200;200;200m [0;0m ⏺ Updating fingerprint showcases/visualizer/canvas/transportpathactivity -c Filtering for 100s [1;33mUPDATE[0;0m 0321-1464/~tND
[38;2;200;200;200m[644/914][0;0m [38;2;200;200;200m [0;0m ⏺ Updating fingerprint showcases/wireless/analogmodel -c Routing for 5s [1;33mUPDATE[0;0m 4ef8-225c/~tND
[38;2;200;200;200m[645/914][0;0m [38;2;200;200;200m [0;0m ⏺ Updating fingerprint showcases/visualizer/canvas/routingtable -c Dynamic for 500s [1;33mUPDATE[0;0m ee53-6b85/~tND
[38;2;200;200;200m[646/914][0;0m [38;2;200;200;200m [0;0m ⏺ Updating fingerprint showcases/wireless/analogmodel -c Noise for 0.1s [1;33mUPDATE[0;0m 8bf6-1e12/~tND
[38;2;200;200;200m[647/914][0;0m [38;2;200;200;200m [0;0m ⏺ Updating fingerprint showcases/wireless/analogmodel -c Distance for 2.5s [1;33mUPDATE[0;0m 4517-ac4e/~tND
[38;2;200;200;200m[648/914][0;0m [38;2;200;200;200m [0;0m ⏺ Updating fingerprint showcases/wireless/blockack for 1s [1;33mINSERT[0;0m 3304-a096/~tND
[38;2;200;200;200m[649/914][0;0m [38;2;200;200;200m [0;0m ⏺ Updating fingerprint showcases/wireless/blockack -c Fragmentation for 1s [1;33mUPDATE[0;0m a1e5-5aeb/~tND
[38;2;200;200;200m[650/914][0;0m [38;2;200;200;200m [0;0m ⏺ Updating fingerprint showcases/wireless/coexistence -c WpanHosts for 5s [1;33mINSERT[0;0m 8fe6-fbdd/~tND
[38;2;200;200;200m[651/914][0;0m [38;2;200;200;200m [0;0m ⏺ Updating fingerprint showcases/wireless/crosstalk -c CompletelyOverlappingFrequencyBands for 1s [1;33mUPDATE[0;0m 372c-125f/~tND
[38;2;200;200;200m[652/914][0;0m [38;2;200;200;200m [0;0m ⏺ Updating fingerprint showcases/wireless/blockack -c NoFragmentation for 1s [1;33mUPDATE[0;0m 3304-a096/~tND
[38;2;200;200;200m[653/914][0;0m [38;2;200;200;200m [0;0m ⏺ Updating fingerprint showcases/wireless/blockack -c MixedTraffic for 1s [1;33mUPDATE[0;0m 3120-de77/~tND
[38;2;200;200;200m[654/914][0;0m [38;2;200;200;200m [0;0m ⏺ Updating fingerprint showcases/wireless/crosstalk -c IndependentFrequencyBandsOneRadioMediumModule for 1s [1;33mUPDATE[0;0m 02e3-fdef/~tND
[38;2;200;200;200m[655/914][0;0m [38;2;200;200;200m [0;0m ⏺ Updating fingerprint examples/inet/ipv4largenet -c IPv4LargeNet for 120s [1;33mINSERT[0;0m 5098-0696/~tND
[38;2;200;200;200m[656/914][0;0m [38;2;200;200;200m [0;0m ⏺ Updating fingerprint showcases/wireless/crosstalk -c IndependentFrequencyBandsTwoRadioMediumModules for 1s [1;33mUPDATE[0;0m ea0d-97d4/~tND
[38;2;200;200;200m[657/914][0;0m [38;2;200;200;200m [0;0m ⏺ Updating fingerprint showcases/wireless/crosstalk -c PartiallyOverlappingFrequencyBands for 1s [1;33mUPDATE[0;0m 372c-125f/~tND
[38;2;200;200;200m[658/914][0;0m [38;2;200;200;200m [0;0m ⏺ Updating fingerprint showcases/visualizer/canvas/transportconnection -c MultipleConnections for 2s [1;33mUPDATE[0;0m eb80-6ff2/~tND
[38;2;200;200;200m[659/914][0;0m [38;2;200;200;200m [0;0m ⏺ Updating fingerprint showcases/wireless/directionalantennas -c AxiallySymmetricAntenna for 360s [1;33mUPDATE[0;0m 2cef-71ee/~tND
[38;2;200;200;200m[660/914][0;0m [38;2;200;200;200m [0;0m ⏺ Updating fingerprint showcases/wireless/errorrate for 500s [1;33mINSERT[0;0m 846d-82a2/~tND
[38;2;200;200;200m[661/914][0;0m [38;2;200;200;200m [0;0m ⏺ Updating fingerprint showcases/wireless/directionalantennas -c CosineAntenna for 360s [1;33mUPDATE[0;0m 373b-78f3/~tND
[38;2;200;200;200m[662/914][0;0m [38;2;200;200;200m [0;0m ⏺ Updating fingerprint showcases/wireless/directionalantennas -c DipoleAntenna for 360s [1;33mUPDATE[0;0m 0b1f-68c1/~tND
[38;2;200;200;200m[663/914][0;0m [38;2;200;200;200m [0;0m ⏺ Updating fingerprint showcases/wireless/directionalantennas -c ParabolicAntenna for 360s [1;33mUPDATE[0;0m 1a5c-9351/~tND
[38;2;200;200;200m[664/914][0;0m [38;2;200;200;200m [0;0m ⏺ Updating fingerprint showcases/wireless/directionalantennas -c IsotropicAntenna for 360s [1;33mUPDATE[0;0m cf73-f025/~tND
[38;2;200;200;200m[665/914][0;0m [38;2;200;200;200m [0;0m ⏺ Updating fingerprint showcases/visualizer/canvas/statistic -c PacketErrorRate for 25s [1;33mUPDATE[0;0m 847d-2336/~tND
[38;2;200;200;200m[666/914][0;0m [38;2;200;200;200m [0;0m ⏺ Updating fingerprint showcases/wireless/fragmentation -c DCFnofrag for 10s [1;33mINSERT[0;0m 577b-d89c/~tND
[38;2;200;200;200m[667/914][0;0m [38;2;200;200;200m [0;0m ⏺ Updating fingerprint showcases/visualizer/canvas/styling -c Annotation for 25s [1;33mUPDATE[0;0m 7e72-b50e/~tND
[38;2;200;200;200m[668/914][0;0m [38;2;200;200;200m [0;0m ⏺ Updating fingerprint showcases/visualizer/canvas/styling -c Icon for 25s [1;33mUPDATE[0;0m 648c-793f/~tND
[38;2;200;200;200m[669/914][0;0m [38;2;200;200;200m [0;0m ⏺ Updating fingerprint showcases/wireless/coexistence -c Coexistence for 5s [1;33mINSERT[0;0m 4c36-7c03/~tND
[38;2;200;200;200m[670/914][0;0m [38;2;200;200;200m [0;0m ⏺ Updating fingerprint showcases/wireless/fragmentation -f parameterstudy.ini -c PacketSizeDCFnofrag for 1s [1;33mINSERT[0;0m 0782-5ab0/~tND
[38;2;200;200;200m[671/914][0;0m [38;2;200;200;200m [0;0m ⏺ Updating fingerprint showcases/wireless/coexistence -c WifiHosts for 5s [1;33mUPDATE[0;0m 241f-c08e/~tND
[38;2;200;200;200m[672/914][0;0m [38;2;200;200;200m [0;0m ⏺ Updating fingerprint showcases/wireless/fragmentation -f parameterstudy.ini -c PacketSizeDCFfrag for 1s [1;33mINSERT[0;0m 7c84-7db1/~tND
[38;2;200;200;200m[673/914][0;0m [38;2;200;200;200m [0;0m ⏺ Updating fingerprint examples/mrp -c LargeNetworkWithTraffic for 3s [1;33mUPDATE[0;0m b8e3-7645/~tND
[38;2;200;200;200m[674/914][0;0m [38;2;200;200;200m [0;0m ⏺ Updating fingerprint showcases/visualizer/canvas/transportconnection -c EnablingVisualization for 2s [1;33mUPDATE[0;0m 4318-5224/~tND
[38;2;200;200;200m[675/914][0;0m [38;2;200;200;200m [0;0m ⏺ Updating fingerprint showcases/wireless/fragmentation -c DCFfrag for 10s [1;33mINSERT[0;0m 7cd7-3cf6/~tND
[38;2;200;200;200m[676/914][0;0m [38;2;200;200;200m [0;0m ⏺ Updating fingerprint showcases/wireless/fragmentation -f parameterstudy.ini -c OnlyPacketSizeDCFfrag for 10s [1;33mINSERT[0;0m 1816-fc87/~tND
[1;33mSTDERR [0;36mopp_run_release [0;0m<!> Error: Unknown sequence number: 4095 -- in module (inet::ieee80211::RecipientQosMacDataService) FragmentationShowcase.wifiHost2.wlan[0].mac.hcf.recipientMacDataService (id=170), at t=4.100042698544s, event #279216
[38;2;200;200;200m[677/914][0;0m [38;2;200;200;200m [0;0m ⏺ Updating fingerprint showcases/wireless/fragmentation -f parameterstudy.ini -c OnlyPacketSizeHCFfragblockack for 10s [1;31mERROR[0;0m None Unknown sequence number: 4095 (Calculated fingerprint not found)
[38;2;200;200;200m[678/914][0;0m [38;2;200;200;200m [0;0m ⏺ Updating fingerprint showcases/wireless/fragmentation -f parameterstudy.ini -c PacketSizeHCFfrag for 1s [1;33mINSERT[0;0m 33d0-18b7/~tND
[38;2;200;200;200m[679/914][0;0m [38;2;200;200;200m [0;0m ⏺ Updating fingerprint showcases/wireless/handover for 250s [1;33mUPDATE[0;0m cb98-3d8e/~tND
[38;2;200;200;200m[680/914][0;0m [38;2;200;200;200m [0;0m ⏺ Updating fingerprint showcases/wireless/fragmentation -f parameterstudy.ini -c PacketSizeHCFfragblockack for 1s [1;33mINSERT[0;0m f964-62a2/~tND
[38;2;200;200;200m[681/914][0;0m [38;2;200;200;200m [0;0m ⏺ Updating fingerprint showcases/wireless/hiddennode -c WallOffRtsOff for 5s [1;33mUPDATE[0;0m 1108-e14b/~tND
[38;2;200;200;200m[682/914][0;0m [38;2;200;200;200m [0;0m ⏺ Updating fingerprint showcases/wireless/fragmentation -f parameterstudy.ini -c OnlyPacketSizeDCFnofrag for 10s [1;33mINSERT[0;0m 1816-fc87/~tND
[38;2;200;200;200m[683/914][0;0m [38;2;200;200;200m [0;0m ⏺ Updating fingerprint showcases/wireless/fragmentation -f parameterstudy.ini -c TxPowerDCFfrag for 10s [1;33mINSERT[0;0m fe4f-3a47/~tND
[38;2;200;200;200m[684/914][0;0m [38;2;200;200;200m [0;0m ⏺ Updating fingerprint showcases/wireless/fragmentation -f parameterstudy.ini -c TxPowerDCFnofrag for 10s [1;33mINSERT[0;0m c0f8-9715/~tND
[38;2;200;200;200m[685/914][0;0m [38;2;200;200;200m [0;0m ⏺ Updating fingerprint showcases/wireless/pathloss for 9.14ms [1;33mINSERT[0;0m 4a10-5a32/~tND
[38;2;200;200;200m[686/914][0;0m [38;2;200;200;200m [0;0m ⏺ Updating fingerprint showcases/wireless/hiddennode -c WallOnRtsOff for 5s [1;33mUPDATE[0;0m c50d-d4a0/~tND
[38;2;200;200;200m[687/914][0;0m [38;2;200;200;200m [0;0m ⏺ Updating fingerprint showcases/wireless/fragmentation -c HCFfrag for 10s [1;33mINSERT[0;0m 5897-27e4/~tND
[38;2;200;200;200m[688/914][0;0m [38;2;200;200;200m [0;0m ⏺ Updating fingerprint showcases/wireless/hiddennode -c WallOffRtsOn for 5s [1;33mUPDATE[0;0m 177c-6138/~tND
[38;2;200;200;200m[689/914][0;0m [38;2;200;200;200m [0;0m ⏺ Updating fingerprint showcases/wireless/multiradio for 100s [1;33mUPDATE[0;0m 42b1-ee0e/~tND
[38;2;200;200;200m[690/914][0;0m [38;2;200;200;200m [0;0m ⏺ Updating fingerprint showcases/wireless/hiddennode -c WallOnRtsOn for 5s [1;33mUPDATE[0;0m f471-d1d7/~tND
[38;2;200;200;200m[691/914][0;0m [38;2;200;200;200m [0;0m ⏺ Updating fingerprint showcases/wireless/fragmentation -f parameterstudy.ini -c TxPowerHCFfrag for 10s [1;33mINSERT[0;0m 6545-a16c/~tND
[38;2;200;200;200m[692/914][0;0m [38;2;200;200;200m [0;0m ⏺ Updating fingerprint showcases/wireless/ieee802154 -c Ieee802154Power for 100s [1;33mINSERT[0;0m 4afe-c6e0/~tND
[1;33mSTDERR [0;36mopp_run_release [0;0m<!> Error: ApskPhyHeader length = 8 smaller than required 64 bits -- at t=0.107663179658s, event #46
[38;2;200;200;200m[693/914][0;0m [38;2;200;200;200m [0;0m ⏺ Updating fingerprint showcases/wireless/sensornetwork -c BMac for 25s [1;31mERROR[0;0m None ApskPhyHeader length = 8 smaller than required 64 bits -- at t=0.107663179658s, event #46 (Calculated fingerprint not found)
[1;33mSTDERR [0;36mopp_run_release [0;0m<!> Error: ApskPhyHeader length = 8 smaller than required 64 bits -- at t=0.050796129224s, event #17
[38;2;200;200;200m[694/914][0;0m [38;2;200;200;200m [0;0m ⏺ Updating fingerprint showcases/wireless/aggregation -c NoAggregation for 10s [1;33mINSERT[0;0m 41c6-e198/~tND
[38;2;200;200;200m[695/914][0;0m [38;2;200;200;200m [0;0m ⏺ Updating fingerprint showcases/wireless/sensornetwork -c LMac for 25s [1;31mERROR[0;0m None ApskPhyHeader length = 8 smaller than required 64 bits -- at t=0.050796129224s, event #17 (Calculated fingerprint not found)
[1;33mSTDERR [0;36mopp_run_release [0;0m<!> Error: ApskPhyHeader length = 8 smaller than required 64 bits -- at t=0.107663196267s, event #66
[38;2;200;200;200m[696/914][0;0m [38;2;200;200;200m [0;0m ⏺ Updating fingerprint showcases/wireless/sensornetwork -c StatisticBMac for 25s [1;31mERROR[0;0m None ApskPhyHeader length = 8 smaller than required 64 bits -- at t=0.107663196267s, event #66 (Calculated fingerprint not found)
[38;2;200;200;200m[697/914][0;0m [38;2;200;200;200m [0;0m ⏺ Updating fingerprint showcases/wireless/fragmentation -f parameterstudy.ini -c OnlyPacketSizeHCFfrag for 10s [1;33mINSERT[0;0m 1c84-208f/~tND
[38;2;200;200;200m[698/914][0;0m [38;2;200;200;200m [0;0m ⏺ Updating fingerprint showcases/wireless/fragmentation -f parameterstudy.ini -c TxPowerHCFfragblockack for 10s [1;33mINSERT[0;0m aa1d-5be1/~tND
[1;33mSTDERR [0;36mopp_run_release [0;0m<!> Error: ApskPhyHeader length = 8 smaller than required 64 bits -- at t=0.010796150986s, event #17
[38;2;200;200;200m[699/914][0;0m [38;2;200;200;200m [0;0m ⏺ Updating fingerprint showcases/wireless/sensornetwork -c StatisticLMac for 25s [1;31mERROR[0;0m None ApskPhyHeader length = 8 smaller than required 64 bits -- at t=0.010796150986s, event #17 (Calculated fingerprint not found)
[1;33mSTDERR [0;36mopp_run_release [0;0m<!> Error: ApskPhyHeader length = 8 smaller than required 64 bits -- at t=0.084222421294s, event #41
[1;33mSTDERR [0;36mopp_run_release [0;0m<!> Error: ApskPhyHeader length = 8 smaller than required 64 bits -- at t=0.091312548107s, event #23
[38;2;200;200;200m[700/914][0;0m [38;2;200;200;200m [0;0m ⏺ Updating fingerprint showcases/wireless/sensornetwork -c StatisticXMac for 25s [1;31mERROR[0;0m None ApskPhyHeader length = 8 smaller than required 64 bits -- at t=0.084222421294s, event #41 (Calculated fingerprint not found)
[38;2;200;200;200m[701/914][0;0m [38;2;200;200;200m [0;0m ⏺ Updating fingerprint showcases/wireless/sensornetwork -c XMac for 25s [1;31mERROR[0;0m None ApskPhyHeader length = 8 smaller than required 64 bits -- at t=0.091312548107s, event #23 (Calculated fingerprint not found)
[1;33mSTDERR [0;36mopp_run_release [0;0m<!> Error: vector::_M_range_check: __n (which is 0) >= this->size() (which is 0)
[38;2;200;200;200m[702/914][0;0m [38;2;200;200;200m [0;0m ⏺ Updating fingerprint showcases/wireless/txop for 5s [1;31mERROR[0;0m None vector::_M_range_check: __n (which is 0) >= this->size() (which is 0) (Calculated fingerprint not found)
[38;2;200;200;200m[703/914][0;0m [38;2;200;200;200m [0;0m ⏺ Updating fingerprint examples/ospfv2/areatests -c mininet-B for 1000s [1;33mINSERT[0;0m 7640-e74f/~tND
[38;2;200;200;200m[704/914][0;0m [38;2;200;200;200m [0;0m ⏺ Updating fingerprint tests/fingerprint -f ethernet-nonstandardspeed.ini for 5s [1;33mINSERT[0;0m e64c-c38d/~tND
[38;2;200;200;200m[705/914][0;0m [38;2;200;200;200m [0;0m ⏺ Updating fingerprint tests/fingerprint -f ethernet-hub.ini for 100s [1;33mUPDATE[0;0m ceab-2509/~tND
[38;2;200;200;200m[706/914][0;0m [38;2;200;200;200m [0;0m ⏺ Updating fingerprint examples/ospfv2/areatests -c mininet-A for 1000s [1;33mINSERT[0;0m c196-3df6/~tND
[38;2;200;200;200m[707/914][0;0m [38;2;200;200;200m [0;0m ⏺ Updating fingerprint tests/fingerprint -f ethernet-switch.ini for 10s [1;33mUPDATE[0;0m 39f9-120d/~tND
[38;2;200;200;200m[708/914][0;0m [38;2;200;200;200m [0;0m ⏺ Updating fingerprint showcases/wireless/throughput for 1s [1;33mUPDATE[0;0m 2b34-5338/~tND
[38;2;200;200;200m[709/914][0;0m [38;2;200;200;200m [0;0m ⏺ Updating fingerprint tests/fingerprint -f ethernet-hub-reconnect.ini for 5.2s [1;33mUPDATE[0;0m c82a-ee43/~tND
[38;2;200;200;200m[710/914][0;0m [38;2;200;200;200m [0;0m ⏺ Updating fingerprint tests/fingerprint -f ethernet-bus-reconnect.ini for 5.2s [1;33mUPDATE[0;0m 963b-238f/~tND
[38;2;200;200;200m[711/914][0;0m [38;2;200;200;200m [0;0m ⏺ Updating fingerprint tests/fingerprint -f ethernet-twohosts.ini for 1000s [1;33mINSERT[0;0m 46b8-5ecc/~tND
[38;2;200;200;200m[712/914][0;0m [38;2;200;200;200m [0;0m ⏺ Updating fingerprint showcases/wireless/fragmentation -f parameterstudy.ini -c ThresholdDCFfrag for 10s [1;33mINSERT[0;0m 163c-4569/~tND
[38;2;200;200;200m[713/914][0;0m [38;2;200;200;200m [0;0m ⏺ Updating fingerprint tutorials/bgp -c Step1 for 1000s [1;33mINSERT[0;0m 216a-f7ad/~tND
[38;2;200;200;200m[714/914][0;0m [38;2;200;200;200m [0;0m ⏺ Updating fingerprint tutorials/bgp -c Step10 for 1000s [1;33mINSERT[0;0m 2716-ceed/~tND
[38;2;200;200;200m[715/914][0;0m [38;2;200;200;200m [0;0m ⏺ Updating fingerprint showcases/measurement/flow -c AnyLocation for 5s [1;33mINSERT[0;0m 0d50-0915/~tND
[38;2;200;200;200m[716/914][0;0m [38;2;200;200;200m [0;0m ⏺ Updating fingerprint tutorials/bgp -c Step11 for 1000s [1;33mINSERT[0;0m 4074-838c/~tND
[38;2;200;200;200m[717/914][0;0m [38;2;200;200;200m [0;0m ⏺ Updating fingerprint tests/validation/tsn/framereplication for 0.1s [1;33mINSERT[0;0m 12f8-d7dc/~tND
[38;2;200;200;200m[718/914][0;0m [38;2;200;200;200m [0;0m ⏺ Updating fingerprint tests/validation/tsn/trafficshaping/asynchronousshaper/icct for 0.1s [1;33mINSERT[0;0m 53b5-6cbf/~tND
[38;2;200;200;200m[719/914][0;0m [38;2;200;200;200m [0;0m ⏺ Updating fingerprint tutorials/bgp -c Step4 for 1000s [1;33mINSERT[0;0m 0214-3d52/~tND
[38;2;200;200;200m[720/914][0;0m [38;2;200;200;200m [0;0m ⏺ Updating fingerprint showcases/wireless/fragmentation -c HCFfragblockack for 10s [1;33mINSERT[0;0m 0d1e-7be6/~tND
[38;2;200;200;200m[721/914][0;0m [38;2;200;200;200m [0;0m ⏺ Updating fingerprint tutorials/bgp -c Step3 for 1000s [1;33mINSERT[0;0m 6f9d-f04f/~tND
[38;2;200;200;200m[722/914][0;0m [38;2;200;200;200m [0;0m ⏺ Updating fingerprint showcases/wireless/aggregation -c Aggregation for 10s [1;33mINSERT[0;0m 8a7f-9617/~tND
[38;2;200;200;200m[723/914][0;0m [38;2;200;200;200m [0;0m ⏺ Updating fingerprint tutorials/bgp -c Step5 for 1000s [1;33mINSERT[0;0m b7fe-2ebb/~tND
[38;2;200;200;200m[724/914][0;0m [38;2;200;200;200m [0;0m ⏺ Updating fingerprint showcases/wireless/power for 100s [1;33mUPDATE[0;0m 6345-1175/~tND
[38;2;200;200;200m[725/914][0;0m [38;2;200;200;200m [0;0m ⏺ Updating fingerprint tutorials/bgp -c Step2 for 1000s [1;33mINSERT[0;0m 1ded-597f/~tND
[38;2;200;200;200m[726/914][0;0m [38;2;200;200;200m [0;0m ⏺ Updating fingerprint showcases/wireless/qos -c NonQos for 10s [1;33mUPDATE[0;0m 4edf-1f21/~tND
[38;2;200;200;200m[727/914][0;0m [38;2;200;200;200m [0;0m ⏺ Updating fingerprint examples/ospfv2/areatests -c backboneandtwostubs for 1000s [1;33mINSERT[0;0m ae60-0fa1/~tND
[38;2;200;200;200m[728/914][0;0m [38;2;200;200;200m [0;0m ⏺ Updating fingerprint tutorials/configurator -c Step10A for 100s [0;32mKEEP[0;0m 0000-0000/~tND
[38;2;200;200;200m[729/914][0;0m [38;2;200;200;200m [0;0m ⏺ Updating fingerprint tutorials/configurator -c Step10B for 100s [0;32mKEEP[0;0m 0000-0000/~tND
[38;2;200;200;200m[730/914][0;0m [38;2;200;200;200m [0;0m ⏺ Updating fingerprint tutorials/configurator -c Step1 for 500s [0;32mKEEP[0;0m 0000-0000/~tND
[38;2;200;200;200m[731/914][0;0m [38;2;200;200;200m [0;0m ⏺ Updating fingerprint tutorials/bgp -c Step4a for 1000s [1;33mINSERT[0;0m b631-cb9f/~tND
[38;2;200;200;200m[732/914][0;0m [38;2;200;200;200m [0;0m ⏺ Updating fingerprint tutorials/configurator -c Step11A for 500s [0;32mKEEP[0;0m 0000-0000/~tND
[38;2;200;200;200m[733/914][0;0m [38;2;200;200;200m [0;0m ⏺ Updating fingerprint showcases/wireless/fragmentation -f parameterstudy.ini -c ThresholdHCFfrag for 10s [1;33mINSERT[0;0m 4bd3-0ab6/~tND
[38;2;200;200;200m[734/914][0;0m [38;2;200;200;200m [0;0m ⏺ Updating fingerprint tutorials/configurator -c Step10C for 100s [1;33mUPDATE[0;0m 6470-36a9/~tND
[38;2;200;200;200m[735/914][0;0m [38;2;200;200;200m [0;0m ⏺ Updating fingerprint tutorials/configurator -c Step3 for 500s [0;32mKEEP[0;0m 0000-0000/~tND
[38;2;200;200;200m[736/914][0;0m [38;2;200;200;200m [0;0m ⏺ Updating fingerprint tutorials/configurator -c Step2 for 500s [0;32mKEEP[0;0m 0000-0000/~tND
[38;2;200;200;200m[737/914][0;0m [38;2;200;200;200m [0;0m ⏺ Updating fingerprint tutorials/bgp -c Step5a for 1000s [1;33mINSERT[0;0m dfb4-b716/~tND
[38;2;200;200;200m[738/914][0;0m [38;2;200;200;200m [0;0m ⏺ Updating fingerprint tutorials/bgp -c Step9 for 1000s [1;33mINSERT[0;0m b08a-84a8/~tND
[38;2;200;200;200m[739/914][0;0m [38;2;200;200;200m [0;0m ⏺ Updating fingerprint tutorials/configurator -c Step12 for 100s [1;33mUPDATE[0;0m 8af8-5a65/~tND
[38;2;200;200;200m[740/914][0;0m [38;2;200;200;200m [0;0m ⏺ Updating fingerprint tutorials/configurator -c Step4 for 500s [1;33mUPDATE[0;0m 18d4-5a18/~tND
[38;2;200;200;200m[741/914][0;0m [38;2;200;200;200m [0;0m ⏺ Updating fingerprint tutorials/bgp -c Step5b for 1000s [1;33mINSERT[0;0m 4b0d-21c0/~tND
[38;2;200;200;200m[742/914][0;0m [38;2;200;200;200m [0;0m ⏺ Updating fingerprint tutorials/configurator -c Step5A for 500s [1;33mUPDATE[0;0m f2d8-b4e8/~tND
[38;2;200;200;200m[743/914][0;0m [38;2;200;200;200m [0;0m ⏺ Updating fingerprint tutorials/configurator -c Step11B for 500s [1;33mUPDATE[0;0m 06a1-d791/~tND
[38;2;200;200;200m[744/914][0;0m [38;2;200;200;200m [0;0m ⏺ Updating fingerprint tutorials/configurator -c Step6A for 500s [1;33mUPDATE[0;0m a46b-3d3e/~tND
[38;2;200;200;200m[745/914][0;0m [38;2;200;200;200m [0;0m ⏺ Updating fingerprint tutorials/configurator -c Step5B for 500s [1;33mUPDATE[0;0m 8f53-3024/~tND
[38;2;200;200;200m[746/914][0;0m [38;2;200;200;200m [0;0m ⏺ Updating fingerprint showcases/wireless/qos -c Qos for 10s [1;33mUPDATE[0;0m af33-01cb/~tND
[38;2;200;200;200m[747/914][0;0m [38;2;200;200;200m [0;0m ⏺ Updating fingerprint tutorials/configurator -c Step7A for 500s [0;32mKEEP[0;0m 0000-0000/~tND
[38;2;200;200;200m[748/914][0;0m [38;2;200;200;200m [0;0m ⏺ Updating fingerprint tutorials/bgp -c Step6 for 1000s [1;33mINSERT[0;0m 1460-e9cf/~tND
[38;2;200;200;200m[749/914][0;0m [38;2;200;200;200m [0;0m ⏺ Updating fingerprint tutorials/configurator -c Step6B for 500s [1;33mUPDATE[0;0m a46b-3d3e/~tND
[1;33mSTDERR [0;36mopp_run_release [0;0m<!> Error: vector::_M_range_check: __n (which is 0) >= this->size() (which is 0)
[38;2;200;200;200m[750/914][0;0m [38;2;200;200;200m [0;0m ⏺ Updating fingerprint tutorials/fingerprint -c Wifi for 5s [1;31mERROR[0;0m None vector::_M_range_check: __n (which is 0) >= this->size() (which is 0) (Calculated fingerprint not found)
[38;2;200;200;200m[751/914][0;0m [38;2;200;200;200m [0;0m ⏺ Updating fingerprint tutorials/configurator -c Step7B for 500s [0;32mKEEP[0;0m 0000-0000/~tND
[38;2;200;200;200m[752/914][0;0m [38;2;200;200;200m [0;0m ⏺ Updating fingerprint tutorials/bgp -c Step7 for 1000s [1;33mINSERT[0;0m 254c-eaf3/~tND
[38;2;200;200;200m[753/914][0;0m [38;2;200;200;200m [0;0m ⏺ Updating fingerprint tutorials/configurator -c Step7C for 500s [0;32mKEEP[0;0m 0000-0000/~tND
[1;33mSTDERR [0;36mopp_run_release [0;0m<!> Error: vector::_M_range_check: __n (which is 0) >= this->size() (which is 0)
[38;2;200;200;200m[754/914][0;0m [38;2;200;200;200m [0;0m ⏺ Updating fingerprint tutorials/fingerprint -c WifiShortPacket for 5s [1;31mERROR[0;0m None vector::_M_range_check: __n (which is 0) >= this->size() (which is 0) (Calculated fingerprint not found)
[38;2;200;200;200m[755/914][0;0m [38;2;200;200;200m [0;0m ⏺ Updating fingerprint tutorials/bgp -c Step8 for 1000s [1;33mINSERT[0;0m 36a1-c636/~tND
[38;2;200;200;200m[756/914][0;0m [38;2;200;200;200m [0;0m ⏺ Updating fingerprint tutorials/configurator -c Step8B for 100s [1;33mUPDATE[0;0m 068b-f723/~tND
[38;2;200;200;200m[757/914][0;0m [38;2;200;200;200m [0;0m ⏺ Updating fingerprint showcases/tsn/streamfiltering/statistical -c NoStreamFiltering for 1s [1;33mINSERT[0;0m f26c-fbcc/~tND
[38;2;200;200;200m[758/914][0;0m [38;2;200;200;200m [0;0m ⏺ Updating fingerprint tutorials/fingerprint -c Ethernet for 0.2s [1;33mINSERT[0;0m e990-37ce/~tND
[38;2;200;200;200m[759/914][0;0m [38;2;200;200;200m [0;0m ⏺ Updating fingerprint tutorials/configurator -c Step8A for 100s [1;33mUPDATE[0;0m 2855-0e33/~tND
[38;2;200;200;200m[760/914][0;0m [38;2;200;200;200m [0;0m ⏺ Updating fingerprint tutorials/configurator -c Step9 for 100s [1;33mUPDATE[0;0m 4498-69eb/~tND
[38;2;200;200;200m[761/914][0;0m [38;2;200;200;200m [0;0m ⏺ Updating fingerprint tutorials/fingerprint -c EthernetShortPacket for 0.2s [1;33mINSERT[0;0m 7b6f-b702/~tND
[38;2;200;200;200m[762/914][0;0m [38;2;200;200;200m [0;0m ⏺ Updating fingerprint tutorials/ospf -c Step10 for 1000s [1;33mINSERT[0;0m 59a9-c163/~tND
[38;2;200;200;200m[763/914][0;0m [38;2;200;200;200m [0;0m ⏺ Updating fingerprint tutorials/ospf -c Step11 for 1000s [1;33mINSERT[0;0m 1872-fe66/~tND
[38;2;200;200;200m[764/914][0;0m [38;2;200;200;200m [0;0m ⏺ Updating fingerprint tutorials/ospf -c Step10d for 1000s [1;33mINSERT[0;0m c67a-55f7/~tND
[38;2;200;200;200m[765/914][0;0m [38;2;200;200;200m [0;0m ⏺ Updating fingerprint tutorials/ospf -c Step10b for 1000s [1;33mINSERT[0;0m 200c-4719/~tND
[38;2;200;200;200m[766/914][0;0m [38;2;200;200;200m [0;0m ⏺ Updating fingerprint tutorials/ospf -c Step13 for 1000s [1;33mINSERT[0;0m 34eb-e07b/~tND
[38;2;200;200;200m[767/914][0;0m [38;2;200;200;200m [0;0m ⏺ Updating fingerprint tutorials/ospf -c Step10a for 1000s [1;33mINSERT[0;0m f385-a3a5/~tND
[38;2;200;200;200m[768/914][0;0m [38;2;200;200;200m [0;0m ⏺ Updating fingerprint tutorials/ospf -c Step12 for 1000s [1;33mINSERT[0;0m b338-71aa/~tND
[38;2;200;200;200m[769/914][0;0m [38;2;200;200;200m [0;0m ⏺ Updating fingerprint tutorials/ospf -c Step14 for 1000s [1;33mINSERT[0;0m 05c1-9109/~tND
[38;2;200;200;200m[770/914][0;0m [38;2;200;200;200m [0;0m ⏺ Updating fingerprint tutorials/ospf -c Step15 for 1000s [1;33mINSERT[0;0m 1a88-ca69/~tND
[38;2;200;200;200m[771/914][0;0m [38;2;200;200;200m [0;0m ⏺ Updating fingerprint tutorials/ospf -c Step1 for 1000s [1;33mINSERT[0;0m 9be8-1b65/~tND
[38;2;200;200;200m[772/914][0;0m [38;2;200;200;200m [0;0m ⏺ Updating fingerprint tutorials/ospf -c Step18a for 1000s [1;33mINSERT[0;0m 2a79-82bc/~tND
[38;2;200;200;200m[773/914][0;0m [38;2;200;200;200m [0;0m ⏺ Updating fingerprint tutorials/ospf -c Step18b for 1000s [1;33mINSERT[0;0m a983-ed2d/~tND
[38;2;200;200;200m[774/914][0;0m [38;2;200;200;200m [0;0m ⏺ Updating fingerprint tutorials/ospf -c Step18 for 1000s [1;33mINSERT[0;0m 9a44-85d7/~tND
[38;2;200;200;200m[775/914][0;0m [38;2;200;200;200m [0;0m ⏺ Updating fingerprint tutorials/ospf -c Step17 for 1000s [1;33mINSERT[0;0m 544f-fe09/~tND
[38;2;200;200;200m[776/914][0;0m [38;2;200;200;200m [0;0m ⏺ Updating fingerprint tutorials/ospf -c Step18c for 1000s [1;33mINSERT[0;0m 8845-d58e/~tND
[38;2;200;200;200m[777/914][0;0m [38;2;200;200;200m [0;0m ⏺ Updating fingerprint tutorials/ospf -c Step17a for 1000s [1;33mINSERT[0;0m 35ff-504b/~tND
[38;2;200;200;200m[778/914][0;0m [38;2;200;200;200m [0;0m ⏺ Updating fingerprint tutorials/ospf -c Step18d for 1000s [1;33mINSERT[0;0m 5137-b4fc/~tND
[38;2;200;200;200m[779/914][0;0m [38;2;200;200;200m [0;0m ⏺ Updating fingerprint tutorials/ospf -c Step17b for 1000s [1;33mINSERT[0;0m 8160-6146/~tND
[38;2;200;200;200m[780/914][0;0m [38;2;200;200;200m [0;0m ⏺ Updating fingerprint tutorials/ospf -c Step23 for 1000s [1;33mINSERT[0;0m a9dc-3482/~tND
[38;2;200;200;200m[781/914][0;0m [38;2;200;200;200m [0;0m ⏺ Updating fingerprint tutorials/ospf -c Step16 for 1000s [1;33mINSERT[0;0m 182f-881d/~tND
[38;2;200;200;200m[782/914][0;0m [38;2;200;200;200m [0;0m ⏺ Updating fingerprint tutorials/ospf -c Step22 for 1000s [1;33mINSERT[0;0m 0a63-7417/~tND
[38;2;200;200;200m[783/914][0;0m [38;2;200;200;200m [0;0m ⏺ Updating fingerprint tutorials/ospf -c Step21 for 1000s [1;33mINSERT[0;0m 16a3-d8e3/~tND
[38;2;200;200;200m[784/914][0;0m [38;2;200;200;200m [0;0m ⏺ Updating fingerprint tutorials/ospf -c Step20 for 1000s [1;33mINSERT[0;0m 2da4-55f0/~tND
[38;2;200;200;200m[785/914][0;0m [38;2;200;200;200m [0;0m ⏺ Updating fingerprint tutorials/protocol -f Network90.ini [1;31mERROR[0;0m[1;33m (unexpected)[0;0m (Exception during task execution) AttributeError("'NoneType' object has no attribute 'stdout'")
[38;2;200;200;200m[786/914][0;0m [38;2;200;200;200m [0;0m ⏺ Updating fingerprint tutorials/protocol -f Network91.ini [1;31mERROR[0;0m[1;33m (unexpected)[0;0m (Exception during task execution) AttributeError("'NoneType' object has no attribute 'stdout'")
[38;2;200;200;200m[787/914][0;0m [38;2;200;200;200m [0;0m ⏺ Updating fingerprint tutorials/protocol -c Network1 [1;31mERROR[0;0m[1;33m (unexpected)[0;0m (Exception during task execution) AttributeError("'NoneType' object has no attribute 'stdout'")
[38;2;200;200;200m[788/914][0;0m [38;2;200;200;200m [0;0m ⏺ Updating fingerprint tutorials/protocol -c Network2 [1;31mERROR[0;0m[1;33m (unexpected)[0;0m (Exception during task execution) AttributeError("'NoneType' object has no attribute 'stdout'")
[38;2;200;200;200m[789/914][0;0m [38;2;200;200;200m [0;0m ⏺ Updating fingerprint tutorials/protocol -c Network3 [1;31mERROR[0;0m[1;33m (unexpected)[0;0m (Exception during task execution) AttributeError("'NoneType' object has no attribute 'stdout'")
[38;2;200;200;200m[790/914][0;0m [38;2;200;200;200m [0;0m ⏺ Updating fingerprint tutorials/protocol -c Network4 [1;31mERROR[0;0m[1;33m (unexpected)[0;0m (Exception during task execution) AttributeError("'NoneType' object has no attribute 'stdout'")
[38;2;200;200;200m[791/914][0;0m [38;2;200;200;200m [0;0m ⏺ Updating fingerprint tutorials/protocol -c Network5 [1;31mERROR[0;0m[1;33m (unexpected)[0;0m (Exception during task execution) AttributeError("'NoneType' object has no attribute 'stdout'")
[38;2;200;200;200m[792/914][0;0m [38;2;200;200;200m [0;0m ⏺ Updating fingerprint tutorials/protocol -c Network6 [1;31mERROR[0;0m[1;33m (unexpected)[0;0m (Exception during task execution) AttributeError("'NoneType' object has no attribute 'stdout'")
[38;2;200;200;200m[793/914][0;0m [38;2;200;200;200m [0;0m ⏺ Updating fingerprint tutorials/protocol -c Network7 [1;31mERROR[0;0m[1;33m (unexpected)[0;0m (Exception during task execution) AttributeError("'NoneType' object has no attribute 'stdout'")
[38;2;200;200;200m[794/914][0;0m [38;2;200;200;200m [0;0m ⏺ Updating fingerprint tutorials/ospf -c Step19 for 1000s [1;33mINSERT[0;0m e963-4b50/~tND
[38;2;200;200;200m[795/914][0;0m [38;2;200;200;200m [0;0m ⏺ Updating fingerprint tutorials/ospf -c Step18e for 1000s [1;33mINSERT[0;0m a8b9-57ba/~tND
[38;2;200;200;200m[796/914][0;0m [38;2;200;200;200m [0;0m ⏺ Updating fingerprint showcases/wireless/fragmentation -f parameterstudy.ini -c ThresholdHCFfragblockack for 10s [1;33mINSERT[0;0m ab7d-dade/~tND
[38;2;200;200;200m[797/914][0;0m [38;2;200;200;200m [0;0m ⏺ Updating fingerprint tutorials/queueing -c ActiveSourcePassiveSink for 10s [0;32mKEEP[0;0m 0000-0000/~tND
[38;2;200;200;200m[798/914][0;0m [38;2;200;200;200m [0;0m ⏺ Updating fingerprint tutorials/queueing -c Buffer for 10s [0;32mKEEP[0;0m 0000-0000/~tND
[38;2;200;200;200m[799/914][0;0m [38;2;200;200;200m [0;0m ⏺ Updating fingerprint tutorials/ospf -c Step2 for 1000s [1;33mINSERT[0;0m cc4e-9340/~tND
[38;2;200;200;200m[800/914][0;0m [38;2;200;200;200m [0;0m ⏺ Updating fingerprint tutorials/ospf -c Step3 for 1000s [1;33mINSERT[0;0m 7356-6747/~tND
[38;2;200;200;200m[801/914][0;0m [38;2;200;200;200m [0;0m ⏺ Updating fingerprint tutorials/queueing -c Cloner for 10s [0;32mKEEP[0;0m 0000-0000/~tND
[38;2;200;200;200m[802/914][0;0m [38;2;200;200;200m [0;0m ⏺ Updating fingerprint tutorials/queueing -c Comparator for 10s [0;32mKEEP[0;0m 0000-0000/~tND
[38;2;200;200;200m[803/914][0;0m [38;2;200;200;200m [0;0m ⏺ Updating fingerprint tutorials/queueing -c ContentBasedScheduler for 10s [0;32mKEEP[0;0m 0000-0000/~tND
[38;2;200;200;200m[804/914][0;0m [38;2;200;200;200m [0;0m ⏺ Updating fingerprint showcases/measurement/flow -c Basic for 5s [1;33mINSERT[0;0m fffe-c9d9/~tND
[38;2;200;200;200m[805/914][0;0m [38;2;200;200;200m [0;0m ⏺ Updating fingerprint tutorials/queueing -c ContentBasedClassifier for 10s [0;32mKEEP[0;0m 0000-0000/~tND
[38;2;200;200;200m[806/914][0;0m [38;2;200;200;200m [0;0m ⏺ Updating fingerprint tutorials/queueing -c ContentBasedTagger for 10s [0;32mKEEP[0;0m 0000-0000/~tND
[38;2;200;200;200m[807/914][0;0m [38;2;200;200;200m [0;0m ⏺ Updating fingerprint tutorials/queueing -c CompoundQueue for 10s [0;32mKEEP[0;0m 0000-0000/~tND
[38;2;200;200;200m[808/914][0;0m [38;2;200;200;200m [0;0m ⏺ Updating fingerprint tutorials/queueing -c Delayer for 10s [0;32mKEEP[0;0m 0000-0000/~tND
[38;2;200;200;200m[809/914][0;0m [38;2;200;200;200m [0;0m ⏺ Updating fingerprint tutorials/ospf -c Step2a for 1000s [1;33mINSERT[0;0m c96b-8614/~tND
[38;2;200;200;200m[810/914][0;0m [38;2;200;200;200m [0;0m ⏺ Updating fingerprint tutorials/ospf -c Step5 for 1000s [1;33mINSERT[0;0m 28ba-7d42/~tND
[38;2;200;200;200m[811/914][0;0m [38;2;200;200;200m [0;0m ⏺ Updating fingerprint tutorials/ospf -c Step24 for 1000s [1;33mINSERT[0;0m 537f-a218/~tND
[38;2;200;200;200m[812/914][0;0m [38;2;200;200;200m [0;0m ⏺ Updating fingerprint tutorials/ospf -c Step4a for 1000s [1;33mINSERT[0;0m 0fc4-46f9/~tND
[38;2;200;200;200m[813/914][0;0m [38;2;200;200;200m [0;0m ⏺ Updating fingerprint examples/inet/hierarchical -c Hosts1280 for 1s [1;33mUPDATE[0;0m 09a4-a919/~tND
[38;2;200;200;200m[814/914][0;0m [38;2;200;200;200m [0;0m ⏺ Updating fingerprint tutorials/ospf -c Step25 for 1000s [1;33mINSERT[0;0m 9be8-1b65/~tND
[38;2;200;200;200m[815/914][0;0m [38;2;200;200;200m [0;0m ⏺ Updating fingerprint examples/inet/tcpthroughput -c Experiment for 240s [1;33mINSERT[0;0m 4b84-0a77/~tND
[38;2;200;200;200m[816/914][0;0m [38;2;200;200;200m [0;0m ⏺ Updating fingerprint tutorials/queueing -c Demultiplexer for 10s [0;32mKEEP[0;0m 0000-0000/~tND
[38;2;200;200;200m[817/914][0;0m [38;2;200;200;200m [0;0m ⏺ Updating fingerprint tutorials/queueing -c Duplicator for 10s [0;32mKEEP[0;0m 0000-0000/~tND
[38;2;200;200;200m[818/914][0;0m [38;2;200;200;200m [0;0m ⏺ Updating fingerprint tutorials/queueing -c DropTailQueue for 10s [0;32mKEEP[0;0m 0000-0000/~tND
[38;2;200;200;200m[819/914][0;0m [38;2;200;200;200m [0;0m ⏺ Updating fingerprint tutorials/queueing -c Gate2 for 10s [0;32mKEEP[0;0m 0000-0000/~tND
[38;2;200;200;200m[820/914][0;0m [38;2;200;200;200m [0;0m ⏺ Updating fingerprint tutorials/ospf -c Step5a for 1000s [1;33mINSERT[0;0m 159c-9302/~tND
[38;2;200;200;200m[821/914][0;0m [38;2;200;200;200m [0;0m ⏺ Updating fingerprint tutorials/queueing -c Filter1 for 10s [0;32mKEEP[0;0m 0000-0000/~tND
[38;2;200;200;200m[822/914][0;0m [38;2;200;200;200m [0;0m ⏺ Updating fingerprint tutorials/queueing -c Filter2 for 10s [0;32mKEEP[0;0m 0000-0000/~tND
[38;2;200;200;200m[823/914][0;0m [38;2;200;200;200m [0;0m ⏺ Updating fingerprint tutorials/queueing -c ExampleNetwork for 10s [0;32mKEEP[0;0m 0000-0000/~tND
[38;2;200;200;200m[824/914][0;0m [38;2;200;200;200m [0;0m ⏺ Updating fingerprint tests/validation/tsn/trafficshaping/creditbasedshaper for 1s [1;33mINSERT[0;0m 1b46-3ad9/~tND
[38;2;200;200;200m[825/914][0;0m [38;2;200;200;200m [0;0m ⏺ Updating fingerprint tests/validation/tsn/trafficshaping/asynchronousshaper/core4inet for 1s [1;33mINSERT[0;0m 05cb-091c/~tND
[38;2;200;200;200m[826/914][0;0m [38;2;200;200;200m [0;0m ⏺ Updating fingerprint showcases/tsn/trafficshaping/creditbasedshaper for 10s [1;33mINSERT[0;0m d92e-d48e/~tND
[38;2;200;200;200m[827/914][0;0m [38;2;200;200;200m [0;0m ⏺ Updating fingerprint tutorials/queueing -c GenericScheduler for 10s [0;32mKEEP[0;0m 0000-0000/~tND
[38;2;200;200;200m[828/914][0;0m [38;2;200;200;200m [0;0m ⏺ Updating fingerprint tutorials/queueing -c GenericClassifier for 10s [0;32mKEEP[0;0m 0000-0000/~tND
[38;2;200;200;200m[829/914][0;0m [38;2;200;200;200m [0;0m ⏺ Updating fingerprint tutorials/queueing -c Gate1 for 10s [0;32mKEEP[0;0m 0000-0000/~tND
[38;2;200;200;200m[830/914][0;0m [38;2;200;200;200m [0;0m ⏺ Updating fingerprint tutorials/queueing -c Labeler for 10s [0;32mKEEP[0;0m 0000-0000/~tND
[38;2;200;200;200m[831/914][0;0m [38;2;200;200;200m [0;0m ⏺ Updating fingerprint tutorials/queueing -c LeakyBucket for 10s [0;32mKEEP[0;0m 0000-0000/~tND
[38;2;200;200;200m[832/914][0;0m [38;2;200;200;200m [0;0m ⏺ Updating fingerprint tutorials/ospf -c Step4 for 1000s [1;33mINSERT[0;0m 5401-b7f8/~tND
[38;2;200;200;200m[833/914][0;0m [38;2;200;200;200m [0;0m ⏺ Updating fingerprint tutorials/queueing -c MarkovScheduler for 100s [0;32mKEEP[0;0m 0000-0000/~tND
[38;2;200;200;200m[834/914][0;0m [38;2;200;200;200m [0;0m ⏺ Updating fingerprint tutorials/queueing -c MarkovClassifier for 100s [0;32mKEEP[0;0m 0000-0000/~tND
[38;2;200;200;200m[835/914][0;0m [38;2;200;200;200m [0;0m ⏺ Updating fingerprint tutorials/queueing -c InputQueueSwitching for 1000s [1;33mINSERT[0;0m 0000-0000/~tND
[38;2;200;200;200m[836/914][0;0m [38;2;200;200;200m [0;0m ⏺ Updating fingerprint tutorials/queueing -c Multiplexer for 10s [0;32mKEEP[0;0m 0000-0000/~tND
[38;2;200;200;200m[837/914][0;0m [38;2;200;200;200m [0;0m ⏺ Updating fingerprint tutorials/queueing -c OrdinalBasedDuplicator for 10s [0;32mKEEP[0;0m 0000-0000/~tND
[38;2;200;200;200m[838/914][0;0m [38;2;200;200;200m [0;0m ⏺ Updating fingerprint tutorials/queueing -c Meter for 100s [0;32mKEEP[0;0m 0000-0000/~tND
[38;2;200;200;200m[839/914][0;0m [38;2;200;200;200m [0;0m ⏺ Updating fingerprint tutorials/queueing -c OrdinalBasedDropper for 10s [0;32mKEEP[0;0m 0000-0000/~tND
[38;2;200;200;200m[840/914][0;0m [38;2;200;200;200m [0;0m ⏺ Updating fingerprint tutorials/queueing -c PacketBasedTokenGenerator for 10s [0;32mKEEP[0;0m 0000-0000/~tND
[38;2;200;200;200m[841/914][0;0m [38;2;200;200;200m [0;0m ⏺ Updating fingerprint tutorials/queueing -c OutputQueueSwitching for 1000s [1;33mINSERT[0;0m 0000-0000/~tND
[38;2;200;200;200m[842/914][0;0m [38;2;200;200;200m [0;0m ⏺ Updating fingerprint tutorials/queueing -c PriorityQueue for 10s [0;32mKEEP[0;0m 0000-0000/~tND
[38;2;200;200;200m[843/914][0;0m [38;2;200;200;200m [0;0m ⏺ Updating fingerprint tutorials/queueing -c PacketQueue for 10s [0;32mKEEP[0;0m 0000-0000/~tND
[38;2;200;200;200m[844/914][0;0m [38;2;200;200;200m [0;0m ⏺ Updating fingerprint tutorials/queueing -c PriorityBuffer for 10s [0;32mKEEP[0;0m 0000-0000/~tND
[38;2;200;200;200m[845/914][0;0m [38;2;200;200;200m [0;0m ⏺ Updating fingerprint tutorials/queueing -c PriorityClassifier for 10s [0;32mKEEP[0;0m 0000-0000/~tND
[38;2;200;200;200m[846/914][0;0m [38;2;200;200;200m [0;0m ⏺ Updating fingerprint tutorials/queueing -c PassiveSourceActiveSink for 10s [0;32mKEEP[0;0m 0000-0000/~tND
[38;2;200;200;200m[847/914][0;0m [38;2;200;200;200m [0;0m ⏺ Updating fingerprint tutorials/ospf -c Step8 for 1000s [1;33mINSERT[0;0m 7713-8369/~tND
[38;2;200;200;200m[848/914][0;0m [38;2;200;200;200m [0;0m ⏺ Updating fingerprint tutorials/queueing -c PriorityScheduler for 10s [0;32mKEEP[0;0m 0000-0000/~tND
[38;2;200;200;200m[849/914][0;0m [38;2;200;200;200m [0;0m ⏺ Updating fingerprint tutorials/queueing -c QueueBasedTokenGenerator for 10s [0;32mKEEP[0;0m 0000-0000/~tND
[38;2;200;200;200m[850/914][0;0m [38;2;200;200;200m [0;0m ⏺ Updating fingerprint tutorials/queueing -c QueueFiller for 10s [0;32mKEEP[0;0m 0000-0000/~tND
[38;2;200;200;200m[851/914][0;0m [38;2;200;200;200m [0;0m ⏺ Updating fingerprint tutorials/queueing -c RedDropper for 100s [0;32mKEEP[0;0m 0000-0000/~tND
[38;2;200;200;200m[852/914][0;0m [38;2;200;200;200m [0;0m ⏺ Updating fingerprint tutorials/queueing -c Server for 10s [0;32mKEEP[0;0m 0000-0000/~tND
[38;2;200;200;200m[853/914][0;0m [38;2;200;200;200m [0;0m ⏺ Updating fingerprint tutorials/queueing -c RequestResponse for 100s [0;32mKEEP[0;0m 0000-0000/~tND
[38;2;200;200;200m[854/914][0;0m [38;2;200;200;200m [0;0m ⏺ Updating fingerprint tutorials/queueing -c SignalBasedTokenGenerator for 10s [0;32mKEEP[0;0m 0000-0000/~tND
[38;2;200;200;200m[855/914][0;0m [38;2;200;200;200m [0;0m ⏺ Updating fingerprint tutorials/queueing -c Tagger for 10s [0;32mKEEP[0;0m 0000-0000/~tND
[38;2;200;200;200m[856/914][0;0m [38;2;200;200;200m [0;0m ⏺ Updating fingerprint tutorials/queueing -c TokenBasedServer for 10s [0;32mKEEP[0;0m 0000-0000/~tND
[38;2;200;200;200m[857/914][0;0m [38;2;200;200;200m [0;0m ⏺ Updating fingerprint tutorials/queueing -c TokenBucket for 10s [0;32mKEEP[0;0m 0000-0000/~tND
[38;2;200;200;200m[858/914][0;0m [38;2;200;200;200m [0;0m ⏺ Updating fingerprint tutorials/queueing -c Telnet for 100s [0;32mKEEP[0;0m 0000-0000/~tND
[38;2;200;200;200m[859/914][0;0m [38;2;200;200;200m [0;0m ⏺ Updating fingerprint tutorials/queueing -c TimeBasedTokenGenerator for 10s [0;32mKEEP[0;0m 0000-0000/~tND
[38;2;200;200;200m[860/914][0;0m [38;2;200;200;200m [0;0m ⏺ Updating fingerprint tutorials/queueing -c WrrClassifier for 100s [0;32mKEEP[0;0m 0000-0000/~tND
[38;2;200;200;200m[861/914][0;0m [38;2;200;200;200m [0;0m ⏺ Updating fingerprint tutorials/ospf -c Step6 for 1000s [1;33mINSERT[0;0m da9d-d3ce/~tND
[38;2;200;200;200m[862/914][0;0m [38;2;200;200;200m [0;0m ⏺ Updating fingerprint tutorials/queueing -c WrrScheduler for 100s [0;32mKEEP[0;0m 0000-0000/~tND
[38;2;200;200;200m[863/914][0;0m [38;2;200;200;200m [0;0m ⏺ Updating fingerprint tutorials/ospf -c Step7 for 1000s [1;33mINSERT[0;0m 85a8-7872/~tND
[38;2;200;200;200m[864/914][0;0m [38;2;200;200;200m [0;0m ⏺ Updating fingerprint tutorials/rip -c Step3 for 200s [1;33mINSERT[0;0m 352e-7f06/~tND
[38;2;200;200;200m[865/914][0;0m [38;2;200;200;200m [0;0m ⏺ Updating fingerprint tutorials/ospf -c Step9 for 1000s [1;33mINSERT[0;0m 8416-ebca/~tND
[38;2;200;200;200m[866/914][0;0m [38;2;200;200;200m [0;0m ⏺ Updating fingerprint tutorials/rip -c Step1 for 100s [1;33mINSERT[0;0m b1dd-ab25/~tND
[38;2;200;200;200m[867/914][0;0m [38;2;200;200;200m [0;0m ⏺ Updating fingerprint tutorials/rip -c Step6 for 500s [1;33mINSERT[0;0m a40e-99d1/~tND
[38;2;200;200;200m[868/914][0;0m [38;2;200;200;200m [0;0m ⏺ Updating fingerprint tutorials/rip -c Step6DifferentTimings for 200s [1;33mINSERT[0;0m 6208-5a9a/~tND
[38;2;200;200;200m[869/914][0;0m [38;2;200;200;200m [0;0m ⏺ Updating fingerprint tutorials/rip -c Step6Solution1 for 200s [1;33mINSERT[0;0m c173-e8f2/~tND
[38;2;200;200;200m[870/914][0;0m [38;2;200;200;200m [0;0m ⏺ Updating fingerprint tutorials/rip -c Step6Solution2 for 200s [1;33mINSERT[0;0m af5f-634a/~tND
[38;2;200;200;200m[871/914][0;0m [38;2;200;200;200m [0;0m ⏺ Updating fingerprint tutorials/rip -c Step5 for 200s [1;33mINSERT[0;0m 6ab1-7741/~tND
[38;2;200;200;200m[872/914][0;0m [38;2;200;200;200m [0;0m ⏺ Updating fingerprint tutorials/rip -c Step10 for 100s [1;33mINSERT[0;0m 531b-2e44/~tND
[38;2;200;200;200m[873/914][0;0m [38;2;200;200;200m [0;0m ⏺ Updating fingerprint tutorials/rip -c Step2 for 100s [1;33mINSERT[0;0m 4702-d30e/~tND
[38;2;200;200;200m[874/914][0;0m [38;2;200;200;200m [0;0m ⏺ Updating fingerprint tutorials/rip -c Step4A for 1000s [1;33mINSERT[0;0m f93b-39c6/~tND
[38;2;200;200;200m[875/914][0;0m [38;2;200;200;200m [0;0m ⏺ Updating fingerprint tutorials/rip -c Step7 for 500s [1;33mINSERT[0;0m 3ba2-5870/~tND
[38;2;200;200;200m[876/914][0;0m [38;2;200;200;200m [0;0m ⏺ Updating fingerprint tutorials/rip -c Step7SplitHorizon for 500s [1;33mINSERT[0;0m ba92-12ac/~tND
[38;2;200;200;200m[877/914][0;0m [38;2;200;200;200m [0;0m ⏺ Updating fingerprint tutorials/rip -c Step7TriggeredUpdates for 200s [1;33mINSERT[0;0m d6a1-5e0c/~tND
[38;2;200;200;200m[878/914][0;0m [38;2;200;200;200m [0;0m ⏺ Updating fingerprint tutorials/stp -c Step1 for 20s [1;33mINSERT[0;0m b155-c53d/~tND
[38;2;200;200;200m[879/914][0;0m [38;2;200;200;200m [0;0m ⏺ Updating fingerprint tutorials/rip -c Step8 for 500s [1;33mINSERT[0;0m 2778-c71a/~tND
[38;2;200;200;200m[880/914][0;0m [38;2;200;200;200m [0;0m ⏺ Updating fingerprint tutorials/rip -c Step4C for 1000s [1;33mINSERT[0;0m ef9c-8ff2/~tND
[38;2;200;200;200m[881/914][0;0m [38;2;200;200;200m [0;0m ⏺ Updating fingerprint tutorials/wireless -c Wireless01 for 20s [1;33mINSERT[0;0m 4d7e-102e/~tND
[38;2;200;200;200m[882/914][0;0m [38;2;200;200;200m [0;0m ⏺ Updating fingerprint tutorials/wireless -c Wireless02 for 20s [1;33mINSERT[0;0m 4d7e-102e/~tND
[38;2;200;200;200m[883/914][0;0m [38;2;200;200;200m [0;0m ⏺ Updating fingerprint tutorials/wireless -c Wireless03 for 20s [1;33mINSERT[0;0m 3b6b-bf85/~tND
[38;2;200;200;200m[884/914][0;0m [38;2;200;200;200m [0;0m ⏺ Updating fingerprint tutorials/stp -c Step2 for 100s [1;33mINSERT[0;0m cb59-7051/~tND
[38;2;200;200;200m[885/914][0;0m [38;2;200;200;200m [0;0m ⏺ Updating fingerprint tutorials/stp -c Step3 for 100s [1;33mINSERT[0;0m 0193-bc4d/~tND
[38;2;200;200;200m[886/914][0;0m [38;2;200;200;200m [0;0m ⏺ Updating fingerprint tutorials/rip -c Step4B for 1000s [1;33mINSERT[0;0m 914c-9e63/~tND
[38;2;200;200;200m[887/914][0;0m [38;2;200;200;200m [0;0m ⏺ Updating fingerprint tutorials/wireless -c Wireless06 for 20s [1;33mINSERT[0;0m 1e9d-db88/~tND
[38;2;200;200;200m[888/914][0;0m [38;2;200;200;200m [0;0m ⏺ Updating fingerprint tutorials/wireless -c Wireless05 for 20s [1;33mINSERT[0;0m 2a00-8e0d/~tND
[38;2;200;200;200m[889/914][0;0m [38;2;200;200;200m [0;0m ⏺ Updating fingerprint tutorials/rip -c Step9NoNetmaskRoutes for 1500s [1;33mINSERT[0;0m 26b8-a44f/~tND
[38;2;200;200;200m[890/914][0;0m [38;2;200;200;200m [0;0m ⏺ Updating fingerprint tutorials/wireless -c Wireless04 for 20s [1;33mINSERT[0;0m 2a00-8e0d/~tND
[38;2;200;200;200m[891/914][0;0m [38;2;200;200;200m [0;0m ⏺ Updating fingerprint tutorials/stp -c Step6 for 30s [1;33mINSERT[0;0m 1006-6ca8/~tND
[38;2;200;200;200m[892/914][0;0m [38;2;200;200;200m [0;0m ⏺ Updating fingerprint showcases/tsn/trafficshaping/cbsandtas for 10s [1;33mINSERT[0;0m 5d7a-80a1/~tND
[38;2;200;200;200m[893/914][0;0m [38;2;200;200;200m [0;0m ⏺ Updating fingerprint tutorials/wireless -c Wireless09 for 20s [1;33mINSERT[0;0m dabc-1aff/~tND
[38;2;200;200;200m[894/914][0;0m [38;2;200;200;200m [0;0m ⏺ Updating fingerprint tutorials/wireless -c Wireless07 for 20s [1;33mINSERT[0;0m b29e-34c6/~tND
[38;2;200;200;200m[895/914][0;0m [38;2;200;200;200m [0;0m ⏺ Updating fingerprint tutorials/stp -c Step4 for 200s [1;33mINSERT[0;0m 5cd6-24fa/~tND
[38;2;200;200;200m[896/914][0;0m [38;2;200;200;200m [0;0m ⏺ Updating fingerprint tutorials/wireless -c Wireless08 for 20s [1;33mINSERT[0;0m b29e-34c6/~tND
[38;2;200;200;200m[897/914][0;0m [38;2;200;200;200m [0;0m ⏺ Updating fingerprint tutorials/wireless -c Wireless12 for 20s [1;33mINSERT[0;0m ea57-04b1/~tND
[38;2;200;200;200m[898/914][0;0m [38;2;200;200;200m [0;0m ⏺ Updating fingerprint tutorials/wireless -c Wireless11 for 20s [1;33mINSERT[0;0m 99f2-a86f/~tND
[38;2;200;200;200m[899/914][0;0m [38;2;200;200;200m [0;0m ⏺ Updating fingerprint tutorials/rip -c Step9 for 1500s [1;33mINSERT[0;0m beeb-ce36/~tND
[38;2;200;200;200m[900/914][0;0m [38;2;200;200;200m [0;0m ⏺ Updating fingerprint tutorials/wireless -c Wireless10 for 20s [1;33mINSERT[0;0m 0fb7-37d4/~tND
[38;2;200;200;200m[901/914][0;0m [38;2;200;200;200m [0;0m ⏺ Updating fingerprint tutorials/wireless -c Wireless13 for 20s [1;33mINSERT[0;0m 16fc-3dfd/~tND
[38;2;200;200;200m[902/914][0;0m [38;2;200;200;200m [0;0m ⏺ Updating fingerprint tutorials/wireless -c Wireless14 for 20s [1;33mINSERT[0;0m 9bf9-143d/~tND
[38;2;200;200;200m[903/914][0;0m [38;2;200;200;200m [0;0m ⏺ Updating fingerprint examples/ospfv2/areatests -c backboneandonestub for 1000s [1;33mINSERT[0;0m 15e0-e441/~tND
[38;2;200;200;200m[904/914][0;0m [38;2;200;200;200m [0;0m ⏺ Updating fingerprint showcases/tsn/streamfiltering/statistical -c StreamFiltering for 1s [1;33mINSERT[0;0m 9ad2-edce/~tND
[38;2;200;200;200m[905/914][0;0m [38;2;200;200;200m [0;0m ⏺ Updating fingerprint showcases/wireless/ratecontrol -c NoRateControl for 25s [1;33mINSERT[0;0m 14a7-2bc7/~tND
[38;2;200;200;200m[906/914][0;0m [38;2;200;200;200m [0;0m ⏺ Updating fingerprint showcases/tsn/trafficshaping/cbsandats for 10s [1;33mINSERT[0;0m 2968-256e/~tND
[38;2;200;200;200m[907/914][0;0m [38;2;200;200;200m [0;0m ⏺ Updating fingerprint showcases/tsn/trafficshaping/asynchronousshaper for 10s [1;33mINSERT[0;0m 43aa-3658/~tND
[38;2;200;200;200m[908/914][0;0m [38;2;200;200;200m [0;0m ⏺ Updating fingerprint showcases/wireless/aggregation -c VoicePriorityAggregation for 10s [1;33mINSERT[0;0m f9aa-74cd/~tND
[38;2;200;200;200m[909/914][0;0m [38;2;200;200;200m [0;0m ⏺ Updating fingerprint showcases/wireless/ratecontrol -c AarfRateControl for 25s [1;33mINSERT[0;0m 61a4-169f/~tND
[38;2;200;200;200m[910/914][0;0m [38;2;200;200;200m [0;0m ⏺ Updating fingerprint tutorials/stp -c Step5 for 1000s [1;33mINSERT[0;0m 1439-59c7/~tND
[38;2;200;200;200m[911/914][0;0m [38;2;200;200;200m [0;0m ⏺ Updating fingerprint tutorials/stp -c Step7 for 1000s [1;33mINSERT[0;0m 3044-57a6/~tND
[38;2;200;200;200m[912/914][0;0m [38;2;200;200;200m [0;0m ⏺ Updating fingerprint tutorials/stp -c Step8 for 1000s [1;33mINSERT[0;0m 48ca-70f3/~tND
[38;2;200;200;200m[913/914][0;0m [38;2;200;200;200m [0;0m ⏺ Updating fingerprint examples/ospfv2/fulltest for 1000s [1;33mINSERT[0;0m 46ce-e37d/~tND
[38;2;200;200;200m[914/914][0;0m ◉ Updated update fingerprint (912 concurrent): 912 TOTAL, [0;32m86 KEEP[0;0m, [1;33m356 INSERT[1;33m (unexpected)[0;0m[0;0m, [1;33m317 UPDATE[1;33m (unexpected)[0;0m[0;0m, [1;31m153 ERROR[1;33m (unexpected)[0;0m[0;0m in 1:29.242
  examples/adhoc/hostautoconf for 60min [1;33mINSERT[0;0m 2e62-2bf2/~tND
  examples/adhoc/qos -c Fragmentation for 5s [1;33mINSERT[0;0m 504e-cd92/~tND
  examples/adhoc/qos -c MacNonQos for 5s [1;33mINSERT[0;0m 70cd-2e7a/~tND
  examples/adhoc/qos -c MacQos for 5s [1;33mINSERT[0;0m 2391-06f7/~tND
  examples/adhoc/qos -c MsduAggregation for 5s [1;33mINSERT[0;0m a054-6a65/~tND
  examples/aodv -c StaticExternal for 50s [1;33mINSERT[0;0m 4ef6-38ef/~tND
  examples/bgpv4/Bgp2RoutersInAS for 60s [1;33mINSERT[0;0m 40e2-9d93/~tND
  examples/bgpv4/Bgp3Routers for 100s [1;33mINSERT[0;0m a02f-43ed/~tND
  examples/bgpv4/BgpAndOspf for 60s [1;33mINSERT[0;0m db4e-8071/~tND
  examples/bgpv4/BgpAndOspfSimple for 40s [1;33mINSERT[0;0m d518-0e96/~tND
  examples/bgpv4/BgpAndOspfv3 for 100s [1;33mINSERT[0;0m 1543-1914/~tND
  examples/bgpv4/BgpAndOspfv3 -c OspfOnly for 100s [1;33mINSERT[0;0m bfdb-52fc/~tND
  examples/bgpv4/BgpCompleteTest for 200s [1;33mINSERT[0;0m b860-4b24/~tND
  examples/bgpv4/BgpDiamondFailover for 160s [1;33mINSERT[0;0m 536e-4dcd/~tND
  examples/bgpv4/BgpDiamondFailover6 for 160s [1;33mINSERT[0;0m 7f8f-44e9/~tND
  examples/bgpv4/BgpIpv6Basic for 30s [1;33mINSERT[0;0m 290d-24b1/~tND
  examples/bgpv4/BgpLifecycle for 900s [1;33mINSERT[0;0m d128-ce2e/~tND
  examples/bgpv4/BgpWithdrawal for 100s [1;33mINSERT[0;0m 8d1b-62e2/~tND
  examples/bgpv4/BgpWithdrawal -c Restart for 160s [1;33mINSERT[0;0m 25c9-147a/~tND
  examples/bgpv4/BgpWithdrawal6 for 100s [1;33mINSERT[0;0m 8833-3257/~tND
  examples/bgpv4/BgpWithdrawal6 -c Restart for 160s [1;33mINSERT[0;0m a484-980a/~tND
  examples/ethernet/TenBaseT1S -f bestcase.ini -c BestCase for 1ms [1;33mINSERT[0;0m 1983-cc7d/~tND
  examples/ethernet/TenBaseT1S -f latency.ini -c Latency for 100ms [1;33mINSERT[0;0m acc0-0094/~tND
  examples/ethernet/TenBaseT1S -f mixed.ini -c Mixed for 1ms [1;33mINSERT[0;0m 6d8b-7698/~tND
  examples/ethernet/TenBaseT1S -f multidrop.ini -c Multidrop for 1ms [1;33mINSERT[0;0m 35ef-6bee/~tND
  examples/ethernet/TenBaseT1S -f notraffic.ini -c NoTraffic for 100us [1;33mINSERT[0;0m 0000-0000/~tND
  examples/ethernet/TenBaseT1S -f paper.ini -c Paper for 1s [1;33mINSERT[0;0m 8489-3121/~tND
  examples/ethernet/TenBaseT1S -f smoke.ini -c Smoke for 100ms [1;33mINSERT[0;0m 88b9-e805/~tND
  examples/ethernet/TenBaseT1S -f throughput.ini -c Throughput for 1s [1;33mINSERT[0;0m 1c8e-e2ce/~tND
  examples/ethernet/TenBaseT1S -f validation.ini -c CSMACD for 100ms [1;33mINSERT[0;0m f5cc-a0f2/~tND
  examples/ethernet/TenBaseT1S -f validation.ini -c HalfDuplex for 100ms [1;33mINSERT[0;0m f5cc-a0f2/~tND
  examples/ethernet/TenBaseT1S -f validation.ini -c PLCA for 100ms [1;33mINSERT[0;0m eeb7-5929/~tND
  examples/ethernet/TenBaseT1S -f worstcase.ini -c WorstCase for 1ms [1;33mINSERT[0;0m 6b54-bfbc/~tND
  examples/ethernet/lans -f hub.ini -c Hub1 for 10s [1;33mINSERT[0;0m 5b1f-f81b/~tND
  examples/ethernet/lans -f hub.ini -c Hub3 for 10s [1;33mINSERT[0;0m b8b9-f25e/~tND
  examples/ethernet/simple for 10s [1;33mINSERT[0;0m a801-2386/~tND
  examples/gptp -c nosync1 for 10s [1;33mINSERT[0;0m cd49-7671/~tND
  examples/gptp -c nosync2 for 10s [1;33mINSERT[0;0m c0da-4790/~tND
  examples/gptp -c nosync3 for 10s [1;33mINSERT[0;0m 56a3-172c/~tND
  examples/gptp -c nosync4 for 10s [1;33mINSERT[0;0m f019-ea02/~tND
  examples/gptp -c sync1 for 10s [1;33mINSERT[0;0m 6775-d56e/~tND
  examples/gptp -c sync2 for 10s [1;33mINSERT[0;0m f636-d9f0/~tND
  examples/gptp -c sync3 for 10s [1;33mINSERT[0;0m d1fa-9406/~tND
  examples/gptp -c sync4 for 10s [1;33mINSERT[0;0m 61da-4ba7/~tND
  examples/ieee8021d -c RSTP-LargeNet for 200s [1;33mINSERT[0;0m df93-ceb8/~tND
  examples/ieee8021d -c RSTP-LinkReconnect for 200s [1;33mINSERT[0;0m 25f5-9ab4/~tND
  examples/ieee8021d -c RSTP-Switch1RootByMAC for 200s [1;33mINSERT[0;0m 2794-f60a/~tND
  examples/ieee8021d -c RSTP-Switch3RootByPriority for 200s [1;33mINSERT[0;0m 1ab6-4a04/~tND
  examples/ieee8021d -c RSTP-Switch7to4BySrcPriority for 200s [1;33mINSERT[0;0m 02ce-2d08/~tND
  examples/ieee8021d -c STP-LargeNet for 200s [1;33mINSERT[0;0m 92f4-b4d4/~tND
  examples/ieee8021d -c STP-LinkReconnect for 200s [1;33mINSERT[0;0m e330-d0cc/~tND
  examples/ieee8021d -c STP-Switch1RootByMAC for 200s [1;33mINSERT[0;0m ea92-f273/~tND
  examples/ieee8021d -c STP-Switch3RootByPriority for 200s [1;33mINSERT[0;0m ccb3-e150/~tND
  examples/ieee8021d -c STP-Switch7to4BySrcPriority for 200s [1;33mINSERT[0;0m d3d4-451f/~tND
  examples/inet/ber -c ber-flavour-experiment for 60.0s [1;33mINSERT[0;0m e67e-cf10/~tND
  examples/inet/ber -c ber-sack-experiment for 60.0s [1;33mINSERT[0;0m df87-7da8/~tND
  examples/inet/ipsec -f ipv6.ini -c Multicast6 for 200s [1;33mINSERT[0;0m b28d-c683/~tND
  examples/inet/ipsec -c Multicast for 200s [1;33mINSERT[0;0m 011c-9990/~tND
  examples/inet/ipv4largenet -c IPv4LargeNet for 120s [1;33mINSERT[0;0m 5098-0696/~tND
  examples/inet/nclients -f basicHTTP.ini for 1d [1;33mINSERT[0;0m 77b4-cebc/~tND
  examples/inet/nclients -f nclients2.ini for 50s [1;33mINSERT[0;0m 5d44-1897/~tND
  examples/inet/nclients -f omnetpp-ping.ini -c Ping for 10s [1;33mINSERT[0;0m 286c-8768/~tND
  examples/inet/nclients for 3000s [1;33mINSERT[0;0m c802-979b/~tND
  examples/inet/nclients -c inet__inet for 3000s [1;33mINSERT[0;0m c802-979b/~tND
  examples/inet/netperfmeter -c TraceFile-Sctp for 3600s 1ms [1;33mINSERT[0;0m 7f25-76eb/~tND
  examples/inet/netperfmeter -c TraceFile-Tcp for 3600s 1ms [1;33mINSERT[0;0m a8da-4dca/~tND
  examples/inet/netperfmeter -c TraceFile-Udp for 3600s 1ms [1;33mINSERT[0;0m 4ab0-1760/~tND
  examples/inet/shutdownrestart -c TCP for 100s [1;33mINSERT[0;0m 9d3e-aa3e/~tND
  examples/inet/tcp_pmtud -c PmtudDisabled for 300s [1;33mINSERT[0;0m 9494-e8fd/~tND
  examples/inet/tcp_pmtud -c PmtudEnabled for 300s [1;33mINSERT[0;0m ffcf-2eb2/~tND
  examples/inet/tcp_pmtud -c PmtudProbe for 300s [1;33mINSERT[0;0m d0c5-950a/~tND
  examples/inet/tcpthroughput -c Delay-01us for 100s [1;33mINSERT[0;0m 730d-3fe2/~tND
  examples/inet/tcpthroughput -c Delay-100ms for 100s [1;33mINSERT[0;0m 1868-49dd/~tND
  examples/inet/tcpthroughput -c Delay-100ms-advWin64K for 100s [1;33mINSERT[0;0m 37a5-3a8a/~tND
  examples/inet/tcpthroughput -c Experiment for 240s [1;33mINSERT[0;0m 4b84-0a77/~tND
  examples/inet/tcpwindowscale -c WS_disabled for 600.0s [1;33mINSERT[0;0m 48e1-8550/~tND
  examples/inet/tcpwindowscale -c WS_enabled for 600.0s [1;33mINSERT[0;0m b68d-6aec/~tND
  examples/ipv6/ipv6configurator -c CustomRA for 120s [1;33mINSERT[0;0m 0104-5e02/~tND
  examples/ipv6/ipv6configurator -c Default for 60s [1;33mINSERT[0;0m aaf7-dc15/~tND
  examples/ipv6/ipv6configurator -c Hierarchical for 60s [1;33mINSERT[0;0m 6a95-ee5e/~tND
  examples/ipv6/ipv6configurator -c ManualRouters for 120s [1;33mINSERT[0;0m 6f5d-8f38/~tND
  examples/ipv6/mipv6 -c Handover for 70s [1;33mINSERT[0;0m 75d2-3220/~tND
  examples/ipv6/mipv6 -c RouteOptimizationTwoCNs for 60s [1;33mINSERT[0;0m 9417-4e09/~tND
  examples/ipv6/mipv6roaming -c Roaming for 70s [1;33mINSERT[0;0m 858b-6428/~tND
  examples/ipv6/mld for 30s [1;33mINSERT[0;0m bf5b-0ef0/~tND
  examples/ipv6/mld -c MldDemo for 30s [1;33mINSERT[0;0m 5093-b56c/~tND
  examples/ipv6/mld -c MldV2Ssm for 30s [1;33mINSERT[0;0m 70f4-bcd5/~tND
  examples/ipv6/nclients -c ETH for 1000s [1;33mINSERT[0;0m b9e3-363f/~tND
  examples/ipv6/nclients -c PPP for 1000s [1;33mINSERT[0;0m dbf9-e1fd/~tND
  examples/ipv6/pmipv6 for 60s [1;33mINSERT[0;0m cd93-bb53/~tND
  examples/mobility -c AnsimMobility for 1000s [1;33mINSERT[0;0m 0000-0000/~tND
  examples/mobility -c AttachedMobility for 1000s [1;33mINSERT[0;0m 0000-0000/~tND
  examples/mobility -c BonnMotionMobility1 for 1000s [1;33mINSERT[0;0m 0000-0000/~tND
  examples/mobility -c BonnMotionMobility2 for 1000s [1;33mINSERT[0;0m 0000-0000/~tND
  examples/mobility -c ChiangMobility for 1000s [1;33mINSERT[0;0m 0000-0000/~tND
  examples/mobility -c CircleMobility1 for 1000s [1;33mINSERT[0;0m 0000-0000/~tND
  examples/mobility -c CircleMobility2 for 1000s [1;33mINSERT[0;0m 0000-0000/~tND
  examples/mobility -c GaussMarkovMobility for 1000s [1;33mINSERT[0;0m 0000-0000/~tND
  examples/mobility -c LinearMobility01 for 1000s [1;33mINSERT[0;0m 0000-0000/~tND
  examples/mobility -c LinearMobility1 for 1000s [1;33mINSERT[0;0m 0000-0000/~tND
  examples/mobility -c LinearMobility10 for 1000s [1;33mINSERT[0;0m 0000-0000/~tND
  examples/mobility -c LinearMobility100 for 1000s [1;33mINSERT[0;0m 0000-0000/~tND
  examples/mobility -c LinearMobility1000 for 1000s [1;33mINSERT[0;0m 0000-0000/~tND
  examples/mobility -c MassMobility for 1000s [1;33mINSERT[0;0m 0000-0000/~tND
  examples/mobility -c MassMobilityWithScenario for 1000s [1;33mINSERT[0;0m 0000-0000/~tND
  examples/mobility -c MoBANMobility1 for 1000s [1;33mINSERT[0;0m 0000-0000/~tND
  examples/mobility -c MoBANMobility2 for 1000s [1;33mINSERT[0;0m 0000-0000/~tND
  examples/mobility -c RandomWaypointMobility1 for 1000s [1;33mINSERT[0;0m 0000-0000/~tND
  examples/mobility -c RandomWaypointMobility2 for 1000s [1;33mINSERT[0;0m 0000-0000/~tND
  examples/mobility -c RectangleMobility for 1000s [1;33mINSERT[0;0m 0000-0000/~tND
  examples/mobility -c SatelliteMobility for 48h [1;33mINSERT[0;0m 0000-0000/~tND
  examples/mobility -c StaticGridMobility for 1000s [1;33mINSERT[0;0m 0000-0000/~tND
  examples/mobility -c StationaryMobility for 1000s [1;33mINSERT[0;0m 0000-0000/~tND
  examples/mobility -c SuperpositioningMobility for 1000s [1;33mINSERT[0;0m 0000-0000/~tND
  examples/mobility -c TractorMobility for 1000s [1;33mINSERT[0;0m 0000-0000/~tND
  examples/mobility -c TurtleMobility1 for 1000s [1;33mINSERT[0;0m 0000-0000/~tND
  examples/mobility -c TurtleMobility2 for 1000s [1;33mINSERT[0;0m 0000-0000/~tND
  examples/mobility -c TurtleMobility3 for 1000s [1;33mINSERT[0;0m 0000-0000/~tND
  examples/mobility -c TurtleMobility4 for 1000s [1;33mINSERT[0;0m 0000-0000/~tND
  examples/mobility -c TurtleMobility5 for 1000s [1;33mINSERT[0;0m 0000-0000/~tND
  examples/mobility -c TurtleMobility6 for 1000s [1;33mINSERT[0;0m 0000-0000/~tND
  examples/mobility -c VehicleMobility for 1000s [1;33mINSERT[0;0m 0000-0000/~tND
  examples/mrp -c MediumNetworkBase for 3s [1;33mINSERT[0;0m 3628-8c0a/~tND
  examples/mrp -c MediumNetworkBaseWithTraffic for 3s [1;33mINSERT[0;0m e257-089c/~tND
  examples/mrp -c MediumNetworkRCWithTraffic for 3s [1;33mINSERT[0;0m e257-089c/~tND
  examples/mrp -c SmallNetworkBase for 3s [1;33mINSERT[0;0m 0000-0000/~tND
  examples/mrp -c SmallNetworkBaseWithTraffic for 3s [1;33mINSERT[0;0m 141d-9eef/~tND
  examples/objectcache -c BvhObjectCache for 5s [1;33mINSERT[0;0m 9fca-76ae/~tND
  examples/objectcache -c GridObjectCache for 5s [1;33mINSERT[0;0m 9fca-76ae/~tND
  examples/objectcache -c WithoutCache for 5s [1;33mINSERT[0;0m 9fca-76ae/~tND
  examples/ospfv2/areatests -c backbone for 1000s [1;33mINSERT[0;0m 3a27-1372/~tND
  examples/ospfv2/areatests -c backboneandonestub for 1000s [1;33mINSERT[0;0m 15e0-e441/~tND
  examples/ospfv2/areatests -c backboneandtwostubs for 1000s [1;33mINSERT[0;0m ae60-0fa1/~tND
  examples/ospfv2/areatests -c mininet-A for 1000s [1;33mINSERT[0;0m c196-3df6/~tND
  examples/ospfv2/areatests -c mininet-B for 1000s [1;33mINSERT[0;0m 7640-e74f/~tND
  examples/ospfv2/dynamictest -c dynamic1 for 600s [1;33mINSERT[0;0m 4e8f-aff0/~tND
  examples/ospfv2/dynamictest -c dynamic2 for 600s [1;33mINSERT[0;0m 3e6c-74b4/~tND
  examples/ospfv2/dynamictest -c static for 600s [1;33mINSERT[0;0m df0f-115d/~tND
  examples/ospfv2/fulltest for 1000s [1;33mINSERT[0;0m 46ce-e37d/~tND
  examples/ospfv3/multiple_areas_FINAL for 500s [1;33mINSERT[0;0m f47b-f1ef/~tND
  examples/ospfv3/multiple_areas_FINAL -c LinkDown for 500s [1;33mINSERT[0;0m 801e-cfe6/~tND
  examples/ospfv3/multiple_areas_FINAL -c LinkDownLinkUp for 500s [1;33mINSERT[0;0m 4419-a5c4/~tND
  examples/ospfv3/small for 200s [1;33mINSERT[0;0m 030d-7885/~tND
  examples/ospfv3/v3_2_routers for 400s [1;33mINSERT[0;0m 66d2-23d3/~tND
  examples/ospfv3/v3_2_routers -c LinkDownAndUp for 400s [1;33mINSERT[0;0m 5ae6-3afc/~tND
  examples/ospfv3/v3_3_areas for 3000s [1;33mINSERT[0;0m b60d-74ef/~tND
  examples/ospfv3/v3_4_routers_2_areas for 300s [1;33mINSERT[0;0m 8166-9cee/~tND
  examples/ospfv3/v3_mesh for 500s [1;33mINSERT[0;0m 1086-ba82/~tND
  examples/ospfv3/v3_square_2_areas for 200s [1;33mINSERT[0;0m 32ef-6479/~tND
  examples/pim/dm for 300s [1;33mINSERT[0;0m ae58-b3e3/~tND
  examples/pim/dm_ipv6 for 120s [1;33mINSERT[0;0m e81b-8743/~tND
  examples/pim/sm -c Scenario1 for 100s [1;33mINSERT[0;0m cf7a-faac/~tND
  examples/pim/sm -c Scenario2 for 150s [1;33mINSERT[0;0m 02fa-697c/~tND
  examples/pim/sm -c Scenario3 for 300s [1;33mINSERT[0;0m 78e4-bf8c/~tND
  examples/pim/sm -c Scenario4 for 100s [1;33mINSERT[0;0m f02a-809f/~tND
  examples/pim/sm_ipv6 for 120s [1;33mINSERT[0;0m 8a4d-1a6d/~tND
  examples/pim/ssm_ipv6 for 60s [1;33mINSERT[0;0m 02a2-f3e5/~tND
  examples/rip/dynamictest -c dynamic1 for 600s [1;33mINSERT[0;0m bdb6-77de/~tND
  examples/rip/dynamictest -c dynamic2 for 600s [1;33mINSERT[0;0m 226c-e8ac/~tND
  examples/rip/dynamictest -c stable for 600s [1;33mINSERT[0;0m fc16-ec5e/~tND
  examples/rip/infinitycount for 80s [1;33mINSERT[0;0m e6ef-e88e/~tND
  examples/rip/mixednetwork -c disconnect for 150s [1;33mINSERT[0;0m 23ff-5432/~tND
  examples/rip/mixednetwork -c shutdown-restart for 280s [1;33mINSERT[0;0m fa57-6b6d/~tND
  examples/rip/mixednetwork -c stable for 60s [1;33mINSERT[0;0m 0e59-0a30/~tND
  examples/rip/simpletest -c IPv4 for 600s [1;33mINSERT[0;0m 8c98-4419/~tND
  examples/rip/simpletest -c MultiIPv4 for 600s [1;33mINSERT[0;0m 1990-c92e/~tND
  examples/wireless/antenna -c OrbitX for 1h [1;33mINSERT[0;0m 6008-63f6/~tND
  examples/wireless/antenna -c OrbitY for 1h [1;33mINSERT[0;0m b164-483e/~tND
  examples/wireless/antenna -c OrbitZ for 1h [1;33mINSERT[0;0m f827-8f65/~tND
  examples/wireless/antenna -c RotationX for 1h [1;33mINSERT[0;0m ef0b-7aba/~tND
  examples/wireless/antenna -c RotationY for 1h [1;33mINSERT[0;0m ef0b-7aba/~tND
  examples/wireless/antenna -c RotationZ for 1h [1;33mINSERT[0;0m ef0b-7aba/~tND
  examples/wireless/combo -c ApskRadioWithDimensionalAnalogModel for 90s [1;33mINSERT[0;0m b005-38cd/~tND
  examples/wireless/combo -c ApskRadioWithScalarAnalogModel for 90s [1;33mINSERT[0;0m b005-38cd/~tND
  examples/wireless/combo -c ApskRadioWithUnitDiskAnalogModel for 90s [1;33mINSERT[0;0m b005-38cd/~tND
  examples/wireless/combo -c GenericRadioWithDimensionalAnalogModel for 90s [1;33mINSERT[0;0m ef3a-7c10/~tND
  examples/wireless/combo -c GenericRadioWithScalarAnalogModel for 90s [1;33mINSERT[0;0m ef3a-7c10/~tND
  examples/wireless/combo -c GenericRadioWithUnitDiskAnalogModel for 90s [1;33mINSERT[0;0m ef3a-7c10/~tND
  examples/wireless/combo -c Ieee80211RadioWithDimensionalAnalogModel for 90s [1;33mINSERT[0;0m 2fb1-32ca/~tND
  examples/wireless/combo -c Ieee80211RadioWithScalarAnalogModel for 90s [1;33mINSERT[0;0m 2fb1-32ca/~tND
  examples/wireless/combo -c Ieee80211RadioWithUnitDiskAnalogModel for 90s [1;33mINSERT[0;0m 257d-91ca/~tND
  examples/wireless/crosstalk for 0.1s [1;33mINSERT[0;0m dd1c-eb42/~tND
  examples/wireless/errorrate for 10s [1;33mINSERT[0;0m 15de-fcee/~tND
  examples/wireless/ieee80211levelofdetail -c Default for 1000s [1;33mINSERT[0;0m 3581-e245/~tND
  examples/wireless/ieee80211levelofdetail -c Layered for 1000s [1;33mINSERT[0;0m eceb-0759/~tND
  examples/wireless/layered80211 -c LayeredCompliant80211Ping for 5s [1;33mINSERT[0;0m 4904-cd9f/~tND
  examples/wireless/layered80211 -c LayeredNonCompliant80211Ping for 5s [1;33mINSERT[0;0m 4f7c-a216/~tND
  examples/wireless/scaling -c ScalarRadioMedium for 0.1s [1;33mINSERT[0;0m e280-93ae/~tND
  examples/wireless/scaling -c UnitDiskRadioMedium for 0.1s [1;33mINSERT[0;0m 75be-3426/~tND
  examples/wireless/wiredandwirelesshostswithap for 400s [1;33mINSERT[0;0m c905-10a7/~tND
  showcases/general/diffserv -c WithPolicing for 50s [1;33mINSERT[0;0m 3c5f-fd67/~tND
  showcases/general/diffserv -c WithQueueing for 50s [1;33mINSERT[0;0m 699d-1d6b/~tND
  showcases/general/diffserv -c WithoutQoS for 50s [1;33mINSERT[0;0m 699d-1d6b/~tND
  showcases/measurement/flow -c AnyLocation for 5s [1;33mINSERT[0;0m 0d50-0915/~tND
  showcases/measurement/flow -c Basic for 5s [1;33mINSERT[0;0m fffe-c9d9/~tND
  showcases/measurement/jitter for 5s [1;33mINSERT[0;0m 92ef-96bc/~tND
  showcases/measurement/queueingtime for 5s [1;33mINSERT[0;0m 3296-b865/~tND
  showcases/measurement/relationships for 1s [1;33mINSERT[0;0m 0000-0000/~tND
  showcases/mobility/combining -c AntennaOrientation for 10000s [1;33mINSERT[0;0m 0000-0000/~tND
  showcases/routing/aodvexternal for 50s [1;33mINSERT[0;0m 59c9-8480/~tND
  showcases/tsn/combiningfeatures/frerandcs for 0.1s [1;33mINSERT[0;0m dc87-c9b9/~tND
  showcases/tsn/combiningfeatures/frerandtas for 5s [1;33mINSERT[0;0m 1c00-bd44/~tND
  showcases/tsn/combiningfeatures/gptpandtas -f extras.ini -c Recovery for 4s [1;33mINSERT[0;0m eedb-dabe/~tND
  showcases/tsn/combiningfeatures/gptpandtas -c Failover for 4s [1;33mINSERT[0;0m 09f4-dacf/~tND
  showcases/tsn/combiningfeatures/gptpandtas -c LinkFailure for 4s [1;33mINSERT[0;0m 4a4d-81aa/~tND
  showcases/tsn/combiningfeatures/gptpandtas -c NormalOperation for 4s [1;33mINSERT[0;0m e0d6-810d/~tND
  showcases/tsn/combiningfeatures/invehicle -c AutomaticTsn for 10ms [1;33mINSERT[0;0m eace-8373/~tND
  showcases/tsn/combiningfeatures/invehicle -c ManualTsn for 10ms [1;33mINSERT[0;0m d5bc-7f3d/~tND
  showcases/tsn/framereplication/automaticfailureprotection -c FrameReplication for 0.1s [1;33mINSERT[0;0m 94d6-2068/~tND
  showcases/tsn/framereplication/automaticfailureprotection -c NoFrameReplication for 0.1s [1;33mINSERT[0;0m 7d7d-381b/~tND
  showcases/tsn/framereplication/multicastfailureprotection for 10ms [1;33mINSERT[0;0m fb1c-7135/~tND
  showcases/tsn/streamfiltering/statistical -c NoStreamFiltering for 1s [1;33mINSERT[0;0m f26c-fbcc/~tND
  showcases/tsn/streamfiltering/statistical -c StreamFiltering for 1s [1;33mINSERT[0;0m 9ad2-edce/~tND
  showcases/tsn/streamfiltering/tokenbucket -c NoStreamFiltering for 1s [1;33mINSERT[0;0m fb94-55bc/~tND
  showcases/tsn/streamfiltering/tokenbucket -c StreamFiltering for 1s [1;33mINSERT[0;0m c6f7-20d8/~tND
  showcases/tsn/trafficshaping/asynchronousshaper for 10s [1;33mINSERT[0;0m 43aa-3658/~tND
  showcases/tsn/trafficshaping/cbsandats for 10s [1;33mINSERT[0;0m 2968-256e/~tND
  showcases/tsn/trafficshaping/cbsandtas for 10s [1;33mINSERT[0;0m 5d7a-80a1/~tND
  showcases/tsn/trafficshaping/creditbasedshaper for 10s [1;33mINSERT[0;0m d92e-d48e/~tND
  showcases/tsn/trafficshaping/timeawareshaper -c NoTrafficShaping for 1s [1;33mINSERT[0;0m f82a-880b/~tND
  showcases/tsn/trafficshaping/timeawareshaper -c TimeAwareShaping for 1s [1;33mINSERT[0;0m 7621-d697/~tND
  showcases/tsn/trafficshaping/underthehood for 10s [1;33mINSERT[0;0m 0000-0000/~tND
  showcases/visualizer/canvas/radiomediumactivity -c DisplayingSignalsTransmissionsReceptions for 1000s [1;33mINSERT[0;0m eaef-cd46/~tND
  showcases/visualizer/canvas/radiomediumactivity -c InterferingSignals for 1000s [1;33mINSERT[0;0m de3e-aacf/~tND
  showcases/visualizer/canvas/radiomediumactivity -c MultipleNodes for 1000s [1;33mINSERT[0;0m 50f9-f9d7/~tND
  showcases/wireless/aggregation -c Aggregation for 10s [1;33mINSERT[0;0m 8a7f-9617/~tND
  showcases/wireless/aggregation -c NoAggregation for 10s [1;33mINSERT[0;0m 41c6-e198/~tND
  showcases/wireless/aggregation -c VoicePriorityAggregation for 10s [1;33mINSERT[0;0m f9aa-74cd/~tND
  showcases/wireless/blockack for 1s [1;33mINSERT[0;0m 3304-a096/~tND
  showcases/wireless/coexistence -c Coexistence for 5s [1;33mINSERT[0;0m 4c36-7c03/~tND
  showcases/wireless/coexistence -c WpanHosts for 5s [1;33mINSERT[0;0m 8fe6-fbdd/~tND
  showcases/wireless/errorrate for 500s [1;33mINSERT[0;0m 846d-82a2/~tND
  showcases/wireless/fragmentation -c DCFfrag for 10s [1;33mINSERT[0;0m 7cd7-3cf6/~tND
  showcases/wireless/fragmentation -c DCFnofrag for 10s [1;33mINSERT[0;0m 577b-d89c/~tND
  showcases/wireless/fragmentation -c HCFfrag for 10s [1;33mINSERT[0;0m 5897-27e4/~tND
  showcases/wireless/fragmentation -c HCFfragblockack for 10s [1;33mINSERT[0;0m 0d1e-7be6/~tND
  showcases/wireless/fragmentation -f parameterstudy.ini -c OnlyPacketSizeDCFfrag for 10s [1;33mINSERT[0;0m 1816-fc87/~tND
  showcases/wireless/fragmentation -f parameterstudy.ini -c OnlyPacketSizeDCFnofrag for 10s [1;33mINSERT[0;0m 1816-fc87/~tND
  showcases/wireless/fragmentation -f parameterstudy.ini -c OnlyPacketSizeHCFfrag for 10s [1;33mINSERT[0;0m 1c84-208f/~tND
  showcases/wireless/fragmentation -f parameterstudy.ini -c PacketSizeDCFfrag for 1s [1;33mINSERT[0;0m 7c84-7db1/~tND
  showcases/wireless/fragmentation -f parameterstudy.ini -c PacketSizeDCFnofrag for 1s [1;33mINSERT[0;0m 0782-5ab0/~tND
  showcases/wireless/fragmentation -f parameterstudy.ini -c PacketSizeHCFfrag for 1s [1;33mINSERT[0;0m 33d0-18b7/~tND
  showcases/wireless/fragmentation -f parameterstudy.ini -c PacketSizeHCFfragblockack for 1s [1;33mINSERT[0;0m f964-62a2/~tND
  showcases/wireless/fragmentation -f parameterstudy.ini -c ThresholdDCFfrag for 10s [1;33mINSERT[0;0m 163c-4569/~tND
  showcases/wireless/fragmentation -f parameterstudy.ini -c ThresholdHCFfrag for 10s [1;33mINSERT[0;0m 4bd3-0ab6/~tND
  showcases/wireless/fragmentation -f parameterstudy.ini -c ThresholdHCFfragblockack for 10s [1;33mINSERT[0;0m ab7d-dade/~tND
  showcases/wireless/fragmentation -f parameterstudy.ini -c TxPowerDCFfrag for 10s [1;33mINSERT[0;0m fe4f-3a47/~tND
  showcases/wireless/fragmentation -f parameterstudy.ini -c TxPowerDCFnofrag for 10s [1;33mINSERT[0;0m c0f8-9715/~tND
  showcases/wireless/fragmentation -f parameterstudy.ini -c TxPowerHCFfrag for 10s [1;33mINSERT[0;0m 6545-a16c/~tND
  showcases/wireless/fragmentation -f parameterstudy.ini -c TxPowerHCFfragblockack for 10s [1;33mINSERT[0;0m aa1d-5be1/~tND
  showcases/wireless/ieee802154 -c Ieee802154Power for 100s [1;33mINSERT[0;0m 4afe-c6e0/~tND
  showcases/wireless/pathloss for 9.14ms [1;33mINSERT[0;0m 4a10-5a32/~tND
  showcases/wireless/ratecontrol -c AarfRateControl for 25s [1;33mINSERT[0;0m 61a4-169f/~tND
  showcases/wireless/ratecontrol -c NoRateControl for 25s [1;33mINSERT[0;0m 14a7-2bc7/~tND
  tests/fingerprint -f ethernet-nonstandardspeed.ini for 5s [1;33mINSERT[0;0m e64c-c38d/~tND
  tests/fingerprint -f ethernet-twohosts.ini for 1000s [1;33mINSERT[0;0m 46b8-5ecc/~tND
  tests/validation/tsn/framereplication for 0.1s [1;33mINSERT[0;0m 12f8-d7dc/~tND
  tests/validation/tsn/trafficshaping/asynchronousshaper/core4inet for 1s [1;33mINSERT[0;0m 05cb-091c/~tND
  tests/validation/tsn/trafficshaping/asynchronousshaper/icct for 0.1s [1;33mINSERT[0;0m 53b5-6cbf/~tND
  tests/validation/tsn/trafficshaping/creditbasedshaper for 1s [1;33mINSERT[0;0m 1b46-3ad9/~tND
  tutorials/bgp -c Step1 for 1000s [1;33mINSERT[0;0m 216a-f7ad/~tND
  tutorials/bgp -c Step10 for 1000s [1;33mINSERT[0;0m 2716-ceed/~tND
  tutorials/bgp -c Step11 for 1000s [1;33mINSERT[0;0m 4074-838c/~tND
  tutorials/bgp -c Step2 for 1000s [1;33mINSERT[0;0m 1ded-597f/~tND
  tutorials/bgp -c Step3 for 1000s [1;33mINSERT[0;0m 6f9d-f04f/~tND
  tutorials/bgp -c Step4 for 1000s [1;33mINSERT[0;0m 0214-3d52/~tND
  tutorials/bgp -c Step4a for 1000s [1;33mINSERT[0;0m b631-cb9f/~tND
  tutorials/bgp -c Step5 for 1000s [1;33mINSERT[0;0m b7fe-2ebb/~tND
  tutorials/bgp -c Step5a for 1000s [1;33mINSERT[0;0m dfb4-b716/~tND
  tutorials/bgp -c Step5b for 1000s [1;33mINSERT[0;0m 4b0d-21c0/~tND
  tutorials/bgp -c Step6 for 1000s [1;33mINSERT[0;0m 1460-e9cf/~tND
  tutorials/bgp -c Step7 for 1000s [1;33mINSERT[0;0m 254c-eaf3/~tND
  tutorials/bgp -c Step8 for 1000s [1;33mINSERT[0;0m 36a1-c636/~tND
  tutorials/bgp -c Step9 for 1000s [1;33mINSERT[0;0m b08a-84a8/~tND
  tutorials/fingerprint -c Ethernet for 0.2s [1;33mINSERT[0;0m e990-37ce/~tND
  tutorials/fingerprint -c EthernetShortPacket for 0.2s [1;33mINSERT[0;0m 7b6f-b702/~tND
  tutorials/ospf -c Step1 for 1000s [1;33mINSERT[0;0m 9be8-1b65/~tND
  tutorials/ospf -c Step10 for 1000s [1;33mINSERT[0;0m 59a9-c163/~tND
  tutorials/ospf -c Step10a for 1000s [1;33mINSERT[0;0m f385-a3a5/~tND
  tutorials/ospf -c Step10b for 1000s [1;33mINSERT[0;0m 200c-4719/~tND
  tutorials/ospf -c Step10d for 1000s [1;33mINSERT[0;0m c67a-55f7/~tND
  tutorials/ospf -c Step11 for 1000s [1;33mINSERT[0;0m 1872-fe66/~tND
  tutorials/ospf -c Step12 for 1000s [1;33mINSERT[0;0m b338-71aa/~tND
  tutorials/ospf -c Step13 for 1000s [1;33mINSERT[0;0m 34eb-e07b/~tND
  tutorials/ospf -c Step14 for 1000s [1;33mINSERT[0;0m 05c1-9109/~tND
  tutorials/ospf -c Step15 for 1000s [1;33mINSERT[0;0m 1a88-ca69/~tND
  tutorials/ospf -c Step16 for 1000s [1;33mINSERT[0;0m 182f-881d/~tND
  tutorials/ospf -c Step17 for 1000s [1;33mINSERT[0;0m 544f-fe09/~tND
  tutorials/ospf -c Step17a for 1000s [1;33mINSERT[0;0m 35ff-504b/~tND
  tutorials/ospf -c Step17b for 1000s [1;33mINSERT[0;0m 8160-6146/~tND
  tutorials/ospf -c Step18 for 1000s [1;33mINSERT[0;0m 9a44-85d7/~tND
  tutorials/ospf -c Step18a for 1000s [1;33mINSERT[0;0m 2a79-82bc/~tND
  tutorials/ospf -c Step18b for 1000s [1;33mINSERT[0;0m a983-ed2d/~tND
  tutorials/ospf -c Step18c for 1000s [1;33mINSERT[0;0m 8845-d58e/~tND
  tutorials/ospf -c Step18d for 1000s [1;33mINSERT[0;0m 5137-b4fc/~tND
  tutorials/ospf -c Step18e for 1000s [1;33mINSERT[0;0m a8b9-57ba/~tND
  tutorials/ospf -c Step19 for 1000s [1;33mINSERT[0;0m e963-4b50/~tND
  tutorials/ospf -c Step2 for 1000s [1;33mINSERT[0;0m cc4e-9340/~tND
  tutorials/ospf -c Step20 for 1000s [1;33mINSERT[0;0m 2da4-55f0/~tND
  tutorials/ospf -c Step21 for 1000s [1;33mINSERT[0;0m 16a3-d8e3/~tND
  tutorials/ospf -c Step22 for 1000s [1;33mINSERT[0;0m 0a63-7417/~tND
  tutorials/ospf -c Step23 for 1000s [1;33mINSERT[0;0m a9dc-3482/~tND
  tutorials/ospf -c Step24 for 1000s [1;33mINSERT[0;0m 537f-a218/~tND
  tutorials/ospf -c Step25 for 1000s [1;33mINSERT[0;0m 9be8-1b65/~tND
  tutorials/ospf -c Step2a for 1000s [1;33mINSERT[0;0m c96b-8614/~tND
  tutorials/ospf -c Step3 for 1000s [1;33mINSERT[0;0m 7356-6747/~tND
  tutorials/ospf -c Step4 for 1000s [1;33mINSERT[0;0m 5401-b7f8/~tND
  tutorials/ospf -c Step4a for 1000s [1;33mINSERT[0;0m 0fc4-46f9/~tND
  tutorials/ospf -c Step5 for 1000s [1;33mINSERT[0;0m 28ba-7d42/~tND
  tutorials/ospf -c Step5a for 1000s [1;33mINSERT[0;0m 159c-9302/~tND
  tutorials/ospf -c Step6 for 1000s [1;33mINSERT[0;0m da9d-d3ce/~tND
  tutorials/ospf -c Step7 for 1000s [1;33mINSERT[0;0m 85a8-7872/~tND
  tutorials/ospf -c Step8 for 1000s [1;33mINSERT[0;0m 7713-8369/~tND
  tutorials/ospf -c Step9 for 1000s [1;33mINSERT[0;0m 8416-ebca/~tND
  tutorials/queueing -c InputQueueSwitching for 1000s [1;33mINSERT[0;0m 0000-0000/~tND
  tutorials/queueing -c OutputQueueSwitching for 1000s [1;33mINSERT[0;0m 0000-0000/~tND
  tutorials/rip -c Step1 for 100s [1;33mINSERT[0;0m b1dd-ab25/~tND
  tutorials/rip -c Step10 for 100s [1;33mINSERT[0;0m 531b-2e44/~tND
  tutorials/rip -c Step2 for 100s [1;33mINSERT[0;0m 4702-d30e/~tND
  tutorials/rip -c Step3 for 200s [1;33mINSERT[0;0m 352e-7f06/~tND
  tutorials/rip -c Step4A for 1000s [1;33mINSERT[0;0m f93b-39c6/~tND
  tutorials/rip -c Step4B for 1000s [1;33mINSERT[0;0m 914c-9e63/~tND
  tutorials/rip -c Step4C for 1000s [1;33mINSERT[0;0m ef9c-8ff2/~tND
  tutorials/rip -c Step5 for 200s [1;33mINSERT[0;0m 6ab1-7741/~tND
  tutorials/rip -c Step6 for 500s [1;33mINSERT[0;0m a40e-99d1/~tND
  tutorials/rip -c Step6DifferentTimings for 200s [1;33mINSERT[0;0m 6208-5a9a/~tND
  tutorials/rip -c Step6Solution1 for 200s [1;33mINSERT[0;0m c173-e8f2/~tND
  tutorials/rip -c Step6Solution2 for 200s [1;33mINSERT[0;0m af5f-634a/~tND
  tutorials/rip -c Step7 for 500s [1;33mINSERT[0;0m 3ba2-5870/~tND
  tutorials/rip -c Step7SplitHorizon for 500s [1;33mINSERT[0;0m ba92-12ac/~tND
  tutorials/rip -c Step7TriggeredUpdates for 200s [1;33mINSERT[0;0m d6a1-5e0c/~tND
  tutorials/rip -c Step8 for 500s [1;33mINSERT[0;0m 2778-c71a/~tND
  tutorials/rip -c Step9 for 1500s [1;33mINSERT[0;0m beeb-ce36/~tND
  tutorials/rip -c Step9NoNetmaskRoutes for 1500s [1;33mINSERT[0;0m 26b8-a44f/~tND
  tutorials/stp -c Step1 for 20s [1;33mINSERT[0;0m b155-c53d/~tND
  tutorials/stp -c Step2 for 100s [1;33mINSERT[0;0m cb59-7051/~tND
  tutorials/stp -c Step3 for 100s [1;33mINSERT[0;0m 0193-bc4d/~tND
  tutorials/stp -c Step4 for 200s [1;33mINSERT[0;0m 5cd6-24fa/~tND
  tutorials/stp -c Step5 for 1000s [1;33mINSERT[0;0m 1439-59c7/~tND
  tutorials/stp -c Step6 for 30s [1;33mINSERT[0;0m 1006-6ca8/~tND
  tutorials/stp -c Step7 for 1000s [1;33mINSERT[0;0m 3044-57a6/~tND
  tutorials/stp -c Step8 for 1000s [1;33mINSERT[0;0m 48ca-70f3/~tND
  tutorials/wireless -c Wireless01 for 20s [1;33mINSERT[0;0m 4d7e-102e/~tND
  tutorials/wireless -c Wireless02 for 20s [1;33mINSERT[0;0m 4d7e-102e/~tND
  tutorials/wireless -c Wireless03 for 20s [1;33mINSERT[0;0m 3b6b-bf85/~tND
  tutorials/wireless -c Wireless04 for 20s [1;33mINSERT[0;0m 2a00-8e0d/~tND
  tutorials/wireless -c Wireless05 for 20s [1;33mINSERT[0;0m 2a00-8e0d/~tND
  tutorials/wireless -c Wireless06 for 20s [1;33mINSERT[0;0m 1e9d-db88/~tND
  tutorials/wireless -c Wireless07 for 20s [1;33mINSERT[0;0m b29e-34c6/~tND
  tutorials/wireless -c Wireless08 for 20s [1;33mINSERT[0;0m b29e-34c6/~tND
  tutorials/wireless -c Wireless09 for 20s [1;33mINSERT[0;0m dabc-1aff/~tND
  tutorials/wireless -c Wireless10 for 20s [1;33mINSERT[0;0m 0fb7-37d4/~tND
  tutorials/wireless -c Wireless11 for 20s [1;33mINSERT[0;0m 99f2-a86f/~tND
  tutorials/wireless -c Wireless12 for 20s [1;33mINSERT[0;0m ea57-04b1/~tND
  tutorials/wireless -c Wireless13 for 20s [1;33mINSERT[0;0m 16fc-3dfd/~tND
  tutorials/wireless -c Wireless14 for 20s [1;33mINSERT[0;0m 9bf9-143d/~tND
  examples/adhoc/idealwireless -c Ping1 for 100s [1;33mUPDATE[0;0m 9f72-b8ef/~tND
  examples/adhoc/ieee80211 -c Ping1 for 1000s [1;33mUPDATE[0;0m d61a-f6bf/~tND
  examples/aodv -c Dynamic for 60s [1;33mUPDATE[0;0m 7ede-877f/~tND
  examples/aodv -c IPv4FastMobility for 50s [1;33mUPDATE[0;0m 1536-ce34/~tND
  examples/aodv -c IPv4ModerateFastMobility for 50s [1;33mUPDATE[0;0m dbd9-86b9/~tND
  examples/aodv -c IPv4SlowMobility for 50s [1;33mUPDATE[0;0m e995-ea72/~tND
  examples/aodv -c MoreDynamic for 100s [1;33mUPDATE[0;0m f6b4-db8f/~tND
  examples/aodv -c ShortestPath for 100s [1;33mUPDATE[0;0m 565c-809e/~tND
  examples/aodv -c SimpleLifecycle for 100s [1;33mUPDATE[0;0m 63c8-c1fc/~tND
  examples/aodv -c SimpleRREQ for 100s [1;33mUPDATE[0;0m ff68-274b/~tND
  examples/aodv -c SimpleRREQ2 for 100s [1;33mUPDATE[0;0m ccff-fdf5/~tND
  examples/aodv -c Static for 50s [1;33mUPDATE[0;0m 1804-3433/~tND
  examples/bgpv4/BgpOpen for 62s [1;33mUPDATE[0;0m 5be1-9bb7/~tND
  examples/bgpv4/BgpUpdate for 30s [1;33mUPDATE[0;0m 4141-23b8/~tND
  examples/communicationcache -c MapCommunicationCache for 10s [1;33mUPDATE[0;0m d362-d01d/~tND
  examples/communicationcache -c ReferenceCommunicationCache for 10s [1;33mUPDATE[0;0m d362-d01d/~tND
  examples/communicationcache -c VectorCommunicationCache for 10s [1;33mUPDATE[0;0m d362-d01d/~tND
  examples/dhcp -c RebootingDHCP for 500s [1;33mUPDATE[0;0m 3b58-1e2d/~tND
  examples/dhcp -c WiredDHCP for 5000s [1;33mUPDATE[0;0m 0b9e-123b/~tND
  examples/dhcp -c Wireless2DHCP for 500s [1;33mUPDATE[0;0m 6d80-a388/~tND
  examples/dhcp -c WirelessDHCP for 500s [1;33mUPDATE[0;0m 03a1-d0f0/~tND
  examples/diffserv/onedomain -c Exp11 for 10s [1;33mUPDATE[0;0m ace2-9f07/~tND
  examples/diffserv/onedomain -c Exp12 for 10s [1;33mUPDATE[0;0m f70e-48e6/~tND
  examples/diffserv/onedomain -c Exp13 for 10s [1;33mUPDATE[0;0m 1ef9-5276/~tND
  examples/diffserv/onedomain -c Exp14 for 10s [1;33mUPDATE[0;0m 1826-0036/~tND
  examples/diffserv/onedomain -c Exp15 for 10s [1;33mUPDATE[0;0m 360a-4325/~tND
  examples/diffserv/onedomain -c Exp16 for 10s [1;33mUPDATE[0;0m 6ede-59d3/~tND
  examples/diffserv/onedomain -c Exp17 for 10s [1;33mUPDATE[0;0m dded-3880/~tND
  examples/diffserv/onedomain -c Exp21 for 10s [1;33mUPDATE[0;0m 8bcf-2182/~tND
  examples/diffserv/onedomain -c Exp22 for 10s [1;33mUPDATE[0;0m 6f72-1ef3/~tND
  examples/diffserv/onedomain -c Exp23 for 10s [1;33mUPDATE[0;0m 9e7c-a6c3/~tND
  examples/diffserv/onedomain -c Exp24 for 10s [1;33mUPDATE[0;0m 910c-6160/~tND
  examples/diffserv/onedomain -c Exp31 for 10s [1;33mUPDATE[0;0m e077-7cc3/~tND
  examples/diffserv/onedomain -c Exp32 for 10s [1;33mUPDATE[0;0m a665-ed17/~tND
  examples/diffserv/onedomain -c Exp33 for 10s [1;33mUPDATE[0;0m a665-ed17/~tND
  examples/diffserv/onedomain -c Exp51 for 10s [1;33mUPDATE[0;0m ee91-d2c9/~tND
  examples/diffserv/onedomain -c Exp52 for 10s [1;33mUPDATE[0;0m c036-302a/~tND
  examples/ethernet/arptest -c ARPTest for 500s [1;33mUPDATE[0;0m cffd-821b/~tND
  examples/ethernet/arptest2 -c ARPTest for 500s [1;33mUPDATE[0;0m 4f55-fc1f/~tND
  examples/ethernet/vlan -c Asymmetric for 10ms [1;33mUPDATE[0;0m 8a45-d498/~tND
  examples/ethernet/vlan -c BetweenHosts for 10ms [1;33mUPDATE[0;0m 9974-3f71/~tND
  examples/ethernet/vlan -c BetweenSwitches for 10ms [1;33mUPDATE[0;0m dcd1-aa9e/~tND
  examples/ethernet/vlan -c DoubleTagged for 10ms [1;33mUPDATE[0;0m 2722-5543/~tND
  examples/ethernet/vlan -c NoVlan for 10ms [1;33mUPDATE[0;0m 03dc-607b/~tND
  examples/ethernet/vlan -c VirtualInterface for 10ms [1;33mUPDATE[0;0m fedf-c53a/~tND
  examples/geometry for 100s [1;33mUPDATE[0;0m 0d95-aaea/~tND
  examples/ieee8021as -c Network for 200s [1;33mUPDATE[0;0m a59c-3c19/~tND
  examples/ieee8021as -c Network_daisy_chain for 200s [1;33mUPDATE[0;0m a651-8c82/~tND
  examples/ieee8021as -c Network_with_cross_traffic for 200s [1;33mUPDATE[0;0m dc89-cc8f/~tND
  examples/inet/broadcast for 20s [1;33mUPDATE[0;0m abb4-e024/~tND
  examples/inet/bulktransfer -c inet__inet for 50s [1;33mUPDATE[0;0m bcb7-108d/~tND
  examples/inet/bulktransfer -c inet_inet_2a for 50s [1;33mUPDATE[0;0m 05c5-0064/~tND
  examples/inet/bulktransfer -c inet_inet_2b for 50s [1;33mUPDATE[0;0m 7d82-2729/~tND
  examples/inet/configurator -c Default for 10s [1;33mUPDATE[0;0m 60f4-5f0e/~tND
  examples/inet/configurator -c DisableDestinationInterfaces for 10s [1;33mUPDATE[0;0m b9c7-25f9/~tND
  examples/inet/configurator -c DisableLink for 10s [1;33mUPDATE[0;0m a3e6-a477/~tND
  examples/inet/configurator -c DisableNode for 10s [1;33mUPDATE[0;0m 3b09-8a48/~tND
  examples/inet/configurator -c DisableSourceHost for 10s [1;33mUPDATE[0;0m b3c2-c072/~tND
  examples/inet/dctcp -c DcTcpIncast for 100s [1;33mUPDATE[0;0m c710-0970/~tND
  examples/inet/dctcp -c TcpRenoIncast for 100s [1;33mUPDATE[0;0m 3feb-bc7a/~tND
  examples/inet/flatnet for 200s [1;33mUPDATE[0;0m a50b-f1f1/~tND
  examples/inet/hierarchical -c Hosts1 for 10000s [1;33mUPDATE[0;0m bebb-e854/~tND
  examples/inet/hierarchical -c Hosts1280 for 1s [1;33mUPDATE[0;0m 09a4-a919/~tND
  examples/inet/hierarchical -c Hosts16 for 10000s [1;33mUPDATE[0;0m 62ce-e645/~tND
  examples/inet/hierarchical -c Hosts256 for 20s [1;33mUPDATE[0;0m 35cd-ddc3/~tND
  examples/inet/hierarchical99 -f networklayer.ini -c IPv4 for 10000s [1;33mUPDATE[0;0m 3251-b0d1/~tND
  examples/inet/hierarchical99 -f networklayer.ini -c IPv6 for 10000s [1;33mUPDATE[0;0m bcc6-86fd/~tND
  examples/inet/igmp -c IGMPv2 for 200s [1;33mUPDATE[0;0m 5df8-d8c6/~tND
  examples/inet/igmp -c IGMPv3 for 200s [1;33mUPDATE[0;0m 6d7d-e60d/~tND
  examples/inet/kidsnw1 for 1000s [1;33mUPDATE[0;0m 3ae7-c270/~tND
  examples/inet/multicast for 2000s [1;33mUPDATE[0;0m 57b6-5563/~tND
  examples/inet/nclients -f filetransfer.ini -c Filetransfer for 50s [1;33mUPDATE[0;0m 3631-4bf7/~tND
  examples/inet/nclients -f video.ini -c Video for 50s [1;33mUPDATE[0;0m 6004-176f/~tND
  examples/inet/netperfmeter -c SCTP-with-OLIA for 30s [1;33mUPDATE[0;0m 8259-004a/~tND
  examples/inet/pcaprecorder for 5000s [1;33mUPDATE[0;0m 1a93-23c7/~tND
  examples/inet/redmarker -c TcpSender1 for 100s [1;33mUPDATE[0;0m 8c2b-09f5/~tND
  examples/inet/routerperf for 100s [1;33mUPDATE[0;0m d507-0f72/~tND
  examples/inet/shutdownrestart -c Ping for 100s [1;33mUPDATE[0;0m df4a-8252/~tND
  examples/inet/shutdownrestart -c UDP_Basic_Echo for 100s [1;33mUPDATE[0;0m a447-3c9e/~tND
  examples/inet/shutdownrestart -c UDP_Burst_Sink for 100s [1;33mUPDATE[0;0m 802e-7c05/~tND
  examples/inet/shutdownrestart -c UDP_VideoStream for 100s [1;33mUPDATE[0;0m 7649-1b67/~tND
  examples/inet/tcp_eth_reconnect -c with_EtherMACFullDuplex for 10s [1;33mUPDATE[0;0m 46a8-6414/~tND
  examples/inet/tcp_eth_reconnect -c with_EtherMAC_fullduplex for 10s [1;33mUPDATE[0;0m 0b79-d821/~tND
  examples/inet/tcp_eth_reconnect -c with_EtherMAC_halfduplex for 10s [1;33mUPDATE[0;0m 4617-e867/~tND
  examples/inet/tcp_ppp_reconnect for 10s [1;33mUPDATE[0;0m 8fb2-3f81/~tND
  examples/inet/tcpapp -c BurstyTraffic for 100s [1;33mUPDATE[0;0m 46f9-d53a/~tND
  examples/inet/tcpapp -c RequestResponseTraffic for 100s [1;33mUPDATE[0;0m 9230-2ba7/~tND
  examples/inet/tcpclientserver -c default_tcp for 100s [1;33mUPDATE[0;0m e978-650b/~tND
  examples/inet/tcpclientserver -c inet-dumb for 500s [1;33mUPDATE[0;0m 0167-610e/~tND
  examples/inet/tcpclientserver -c inet-newreno for 500s [1;33mUPDATE[0;0m d01f-7a7c/~tND
  examples/inet/tcpclientserver -c inet-nocongestioncontrol for 500s [1;33mUPDATE[0;0m 01ea-7099/~tND
  examples/inet/tcpclientserver -c inet-reno for 500s [1;33mUPDATE[0;0m af1d-0c3b/~tND
  examples/inet/tcpclientserver -c inet-tahoe for 500s [1;33mUPDATE[0;0m af1d-0c3b/~tND
  examples/inet/tcpclientserver -c inet-vegas for 500s [1;33mUPDATE[0;0m 8945-5ad9/~tND
  examples/inet/tcpclientserver -c inet-westwood for 500s [1;33mUPDATE[0;0m f7b0-c24b/~tND
  examples/inet/tcpclientserver -c inet__inet for 100s [1;33mUPDATE[0;0m e978-650b/~tND
  examples/inet/tcpclientserver -c inet__inet_msg for 100s [1;33mUPDATE[0;0m e402-a80b/~tND
  examples/inet/tcpclientserver -c inet__inet_stream for 100s [1;33mUPDATE[0;0m a223-dea4/~tND
  examples/inet/tunnel -c TcpApp for 10s [1;33mUPDATE[0;0m 83a8-6a55/~tND
  examples/inet/tunnel -c UDPApp for 10s [1;33mUPDATE[0;0m cc35-b74e/~tND
  examples/inet/udpapp -c BurstyTraffic for 100s [1;33mUPDATE[0;0m 9081-8cb9/~tND
  examples/inet/udpapp -c RequestResponseTraffic for 100s [1;33mUPDATE[0;0m e703-90f6/~tND
  examples/inet/udpburst for 1000s [1;33mUPDATE[0;0m fb52-e71d/~tND
  examples/inet/udpclientserver -c udp_Fragment_ipv4 for 10s [1;33mUPDATE[0;0m 7da8-1bd3/~tND
  examples/inet/udpclientserver -c udp_Host_Unav_ipv6 for 10s [1;33mUPDATE[0;0m d59b-2091/~tND
  examples/inet/udpclientserver -c udp_OK_ipv4 for 10s [1;33mUPDATE[0;0m fa96-4320/~tND
  examples/inet/udpclientserver -c udp_OK_ipv4_clock for 10s [1;33mUPDATE[0;0m fa96-4320/~tND
  examples/inet/udpclientserver -c udp_OK_ipv4_clock_adjust for 10s [1;33mUPDATE[0;0m fef0-dbaf/~tND
  examples/inet/udpclientserver -c udp_OK_ipv4_clock_drift for 10s [1;33mUPDATE[0;0m fef0-dbaf/~tND
  examples/inet/udpclientserver -c udp_OK_ipv6 for 10s [1;33mUPDATE[0;0m acbb-4748/~tND
  examples/inet/udpclientserver -c udp_Port_Unav_ipv4 for 10s [1;33mUPDATE[0;0m f493-5b1b/~tND
  examples/inet/udpclientserver -c udp_Port_Unav_ipv6 for 10s [1;33mUPDATE[0;0m d2e8-14c4/~tND
  examples/internetcloud/cloudandhosts -c simple for 100s [1;33mUPDATE[0;0m 888a-2a1c/~tND
  examples/internetcloud/cloudandhosts -c ten_senders for 100s [1;33mUPDATE[0;0m 8c26-9b41/~tND
  examples/internetcloud/cloudandhosts -c two_senders for 100s [1;33mUPDATE[0;0m da16-33e4/~tND
  examples/internetcloud/cloudandrouters -c simple for 100s [1;33mUPDATE[0;0m b34c-9394/~tND
  examples/internetcloud/cloudandrouters -c ten_senders for 100s [1;33mUPDATE[0;0m 4c99-2158/~tND
  examples/internetcloud/cloudandrouters -c two_senders for 100s [1;33mUPDATE[0;0m 7ecd-545a/~tND
  examples/internetcloud/earthcloud for 100s [1;33mUPDATE[0;0m 40ee-6010/~tND
  examples/ipv6/nclients -c PPP_SCTP for 100s [1;33mUPDATE[0;0m f202-4c02/~tND
  examples/manetrouting/dsdv -c DynamicIPv4 for 22s [1;33mUPDATE[0;0m 27a8-dc93/~tND
  examples/manetrouting/dsdv -c IPv4 for 10s [1;33mUPDATE[0;0m 2de9-a5ae/~tND
  examples/manetrouting/dsdv -c MultiIPv4 for 10s [1;33mUPDATE[0;0m ce13-623a/~tND
  examples/mrp -c LargeNetwork for 3s [1;33mUPDATE[0;0m 7d4b-99c3/~tND
  examples/mrp -c LargeNetworkWithTraffic for 3s [1;33mUPDATE[0;0m b8e3-7645/~tND
  examples/mrp -c MediumNetworkLC for 3s [1;33mUPDATE[0;0m f431-e44e/~tND
  examples/mrp -c MediumNetworkLCWithTraffic for 3s [1;33mUPDATE[0;0m b145-bee2/~tND
  examples/mrp -c MediumNetworkRC for 3s [1;33mUPDATE[0;0m 3628-8c0a/~tND
  examples/mrp -c SmallNetwork for 3s [1;33mUPDATE[0;0m 87d7-b8ae/~tND
  examples/mrp -c SmallNetworkMRA for 3s [1;33mUPDATE[0;0m d430-51f7/~tND
  examples/mrp -c SmallNetworkMRAWithTraffic for 3s [1;33mUPDATE[0;0m 8048-fc9a/~tND
  examples/mrp -c SmallNetworkWithTraffic for 3s [1;33mUPDATE[0;0m ad77-7baf/~tND
  examples/neighborcache -c GridNeighborCache for 100s [1;33mUPDATE[0;0m b4f1-4d49/~tND
  examples/neighborcache -c NeighborListNeighborCache for 100s [1;33mUPDATE[0;0m b4f1-4d49/~tND
  examples/neighborcache -c QuadTreeNeighborCache for 100s [1;33mUPDATE[0;0m b4f1-4d49/~tND
  examples/neighborcache -c WithoutNeighborCache for 100s [1;33mUPDATE[0;0m f49c-92b1/~tND
  examples/ospfv2/areas for 500s [1;33mUPDATE[0;0m 706d-ad1f/~tND
  examples/ospfv2/backbone for 100s [1;33mUPDATE[0;0m 8b16-459b/~tND
  examples/ospfv2/simpletest -c AlwaysUp for 500s [1;33mUPDATE[0;0m 8cdf-6f9e/~tND
  examples/ospfv2/simpletest -c CrashAndReboot for 500s [1;33mUPDATE[0;0m 4fbe-6ccd/~tND
  examples/ospfv2/simpletest -c ShutdownAndRestart for 500s [1;33mUPDATE[0;0m 4fbe-6ccd/~tND
  examples/pim/iptv -c PIM_DM for 35s [1;33mUPDATE[0;0m a71f-f49d/~tND
  examples/pim/iptv -c PIM_SM for 35s [1;33mUPDATE[0;0m 86a9-434d/~tND
  examples/rtp/multicast1 for 500s [1;33mUPDATE[0;0m 4582-d861/~tND
  examples/rtp/unicast for 1500s [1;33mUPDATE[0;0m fdd4-eed8/~tND
  examples/rtp/unicast1 for 1000s [1;33mUPDATE[0;0m c703-dbc5/~tND
  examples/rtp/unicast2 for 500s [1;33mUPDATE[0;0m bddc-d6f5/~tND
  examples/sctp/cmttest for 100s [1;33mUPDATE[0;0m f47a-a757/~tND
  examples/sctp/multihomed for 500s [1;33mUPDATE[0;0m 77d0-1cc2/~tND
  examples/sctp/nclients for 500s [1;33mUPDATE[0;0m ad33-987a/~tND
  examples/timing for 0.1s [1;33mUPDATE[0;0m 698b-108d/~tND
  examples/wireless/configurator for 100s [1;33mUPDATE[0;0m 449b-04df/~tND
  examples/wireless/corruptionmode -c BitCorruptionMode for 10s [1;33mUPDATE[0;0m 8de0-1761/~tND
  examples/wireless/corruptionmode -c ByteCorruptionMode for 10s [1;33mUPDATE[0;0m b114-c8da/~tND
  examples/wireless/corruptionmode -c ChunkCorruptionMode for 10s [1;33mUPDATE[0;0m d4a2-22a5/~tND
  examples/wireless/corruptionmode -c PacketCorruptionMode for 10s [1;33mUPDATE[0;0m bbb7-4f22/~tND
  examples/wireless/dynamic for 100s [1;33mUPDATE[0;0m 5a62-8531/~tND
  examples/wireless/filtering -c CommunicationRangeFilter for 100s [1;33mUPDATE[0;0m 4b61-2f43/~tND
  examples/wireless/filtering -c ListeningFilter for 100s [1;33mUPDATE[0;0m a8b3-734c/~tND
  examples/wireless/filtering -c MacAddressFilter for 100s [1;33mUPDATE[0;0m 4288-e9b2/~tND
  examples/wireless/filtering -c RadioModeFilter for 100s [1;33mUPDATE[0;0m a8b3-734c/~tND
  examples/wireless/handover for 1500s [1;33mUPDATE[0;0m a102-f906/~tND
  examples/wireless/hiddennode for 5s [1;33mUPDATE[0;0m babb-9596/~tND
  examples/wireless/hosttohost -c Throughput1 for 5s [1;33mUPDATE[0;0m 6164-55d2/~tND
  examples/wireless/lan80211 -f omnetpp-ftp.ini -c TwoHosts for 100s [1;33mUPDATE[0;0m 605b-2013/~tND
  examples/wireless/lan80211 -f omnetpp-streaming.ini -c Streaming1 for 50s [1;33mUPDATE[0;0m 65fd-eccc/~tND
  examples/wireless/lan80211 -c Ping1 for 25s [1;33mUPDATE[0;0m 0a54-41bf/~tND
  examples/wireless/layeredapsk for 100s [1;33mUPDATE[0;0m c674-ae8c/~tND
  examples/wireless/mactest -c MacDcf for 100s [1;33mUPDATE[0;0m 361b-87fc/~tND
  examples/wireless/mactest -c MacEdca for 100s [1;33mUPDATE[0;0m fcf7-ff2f/~tND
  examples/wireless/multiradio -c IndependentWlans for 100s [1;33mUPDATE[0;0m b786-4ff7/~tND
  examples/wireless/multiradio -c RoutedWlans for 100s [1;33mUPDATE[0;0m e191-b8ff/~tND
  examples/wireless/multiradio -c SwitchedWlans for 100s [1;33mUPDATE[0;0m a783-ea6d/~tND
  examples/wireless/nic -c AckingMacWithApskDimensionalRadio for 100s [1;33mUPDATE[0;0m 583a-5add/~tND
  examples/wireless/nic -c AckingMacWithApskScalarRadio for 100s [1;33mUPDATE[0;0m 583a-5add/~tND
  examples/wireless/nic -c AckingMacWithUnitDiskRadio for 100s [1;33mUPDATE[0;0m 5886-88cc/~tND
  examples/wireless/nic -c CSMAWithApskDimensionalRadio for 100s [1;33mUPDATE[0;0m 1df8-b580/~tND
  examples/wireless/nic -c CSMAWithApskScalarRadio for 100s [1;33mUPDATE[0;0m 1df8-b580/~tND
  examples/wireless/nic -c CSMAWithUnitDiskRadio for 100s [1;33mUPDATE[0;0m 89ba-0f15/~tND
  examples/wireless/nic -c CsmaCaWithApskDimensionalRadio for 100s [1;33mUPDATE[0;0m 6215-41b8/~tND
  examples/wireless/nic -c CsmaCaWithApskScalarRadio for 100s [1;33mUPDATE[0;0m 6215-41b8/~tND
  examples/wireless/nic -c CsmaCaWithUnitDiskRadio for 100s [1;33mUPDATE[0;0m 731f-e2be/~tND
  examples/wireless/nic -c Ieee80211MacV2X for 1s [1;33mUPDATE[0;0m 0f1d-1d6e/~tND
  examples/wireless/nic -c Ieee80211MacWithIeee80211DimensionalRadio for 100s [1;33mUPDATE[0;0m 9f49-e5cc/~tND
  examples/wireless/nic -c Ieee80211MacWithIeee80211ScalarRadio for 100s [1;33mUPDATE[0;0m 4627-ec7c/~tND
  examples/wireless/nic -c Ieee80211MacWithUnitDiskRadio for 100s [1;33mUPDATE[0;0m 3ede-29ed/~tND
  examples/wireless/nic -c XMacWithApskDimensionalRadio for 100s [1;33mUPDATE[0;0m 8695-6abb/~tND
  examples/wireless/nic -c XMacWithApskScalarRadio for 100s [1;33mUPDATE[0;0m 8695-6abb/~tND
  examples/wireless/nic -c XMacWithUnitDiskRadio for 100s [1;33mUPDATE[0;0m d17f-b59c/~tND
  examples/wireless/obstacle -c Indoor for 100s [1;33mUPDATE[0;0m c126-d1b0/~tND
  examples/wireless/obstacle -c Orbit for 100s [1;33mUPDATE[0;0m e802-8edf/~tND
  examples/wireless/obstacle -c Outdoor for 100s [1;33mUPDATE[0;0m ac34-04e0/~tND
  examples/wireless/power for 100s [1;33mUPDATE[0;0m 588f-024f/~tND
  examples/wireless/qos -c MacNonQos for 10s [1;33mUPDATE[0;0m e11d-3ec8/~tND
  examples/wireless/qos -c MacQos for 10s [1;33mUPDATE[0;0m 2961-bdd0/~tND
  examples/wireless/qos -c MacQosWithBlockAck for 10s [1;33mUPDATE[0;0m 1e07-e20d/~tND
  examples/wireless/qos -c MacQosWithRtsCts for 10s [1;33mUPDATE[0;0m 0c3e-3270/~tND
  examples/wireless/qos -c MacQosWithoutAggregation for 10s [1;33mUPDATE[0;0m c56b-aa68/~tND
  examples/wireless/ratecontrol -c Mac for 100s [1;33mUPDATE[0;0m c8cc-b02b/~tND
  examples/wireless/scaling -c DimensionalRadioMedium for 0.1s [1;33mUPDATE[0;0m e280-93ae/~tND
  examples/wireless/shortcut -c ShortcutMac for 1000s [1;33mUPDATE[0;0m 7a34-1313/~tND
  examples/wireless/shortcut -c ShortcutRadio for 1000s [1;33mUPDATE[0;0m d6d0-48ed/~tND
  examples/wireless/synchronized -c NonSynchronized for 2s [1;33mUPDATE[0;0m 96de-d290/~tND
  examples/wireless/synchronized -c Synchronized for 2s [1;33mUPDATE[0;0m 58c0-d2fe/~tND
  examples/wireless/testnewmac -c Mac for 10s [1;33mUPDATE[0;0m a6c0-b33f/~tND
  examples/wireless/throughput -c Throughput1 for 20s [1;33mUPDATE[0;0m 5889-58f9/~tND
  examples/wireless/throughput -c Throughput2 for 10s [1;33mUPDATE[0;0m 9a9b-55fe/~tND
  showcases/general/pcaprecording -c PcapRecording for 10s [1;33mUPDATE[0;0m 3645-ea42/~tND
  showcases/measurement/datarate for 1s [1;33mUPDATE[0;0m 35d7-06ea/~tND
  showcases/measurement/endtoenddelay for 1s [1;33mUPDATE[0;0m 93d6-33c2/~tND
  showcases/measurement/propagationtime for 1s [1;33mUPDATE[0;0m 75a5-9c83/~tND
  showcases/measurement/residencetime for 1s [1;33mUPDATE[0;0m d154-c988/~tND
  showcases/measurement/throughput for 1s [1;33mUPDATE[0;0m a1fd-8893/~tND
  showcases/measurement/transmissiontime for 1s [1;33mUPDATE[0;0m 11b1-be3d/~tND
  showcases/measurement/utilization for 1s [1;33mUPDATE[0;0m 2347-d4c1/~tND
  showcases/routing/manet -c Aodv for 100s [1;33mUPDATE[0;0m 625c-4a50/~tND
  showcases/routing/manet -c Dsdv for 100s [1;33mUPDATE[0;0m 60ee-f9f8/~tND
  showcases/tsn/combiningfeatures/fpandtas for 10ms [1;33mUPDATE[0;0m ebf9-8e44/~tND
  showcases/tsn/combiningfeatures/invehicle -c StandardEthernet for 10ms [1;33mUPDATE[0;0m 4341-a844/~tND
  showcases/tsn/cutthroughswitching -c CutthroughSwitching for 1s [1;33mUPDATE[0;0m 8898-1c6b/~tND
  showcases/tsn/cutthroughswitching -c StoreAndForward for 1s [1;33mUPDATE[0;0m 9683-98e4/~tND
  showcases/tsn/framepreemption -c FifoQueueing for 1s [1;33mUPDATE[0;0m a388-6b51/~tND
  showcases/tsn/framepreemption -c FramePreemption for 1s [1;33mUPDATE[0;0m 5003-8b27/~tND
  showcases/tsn/framepreemption -c PriorityQueueing for 1s [1;33mUPDATE[0;0m 9b75-ce5f/~tND
  showcases/tsn/framepreemption -c RealisticFifoQueueing for 1s [1;33mUPDATE[0;0m 5da4-78c7/~tND
  showcases/tsn/framepreemption -c RealisticFramePreemption for 1s [1;33mUPDATE[0;0m aa45-550c/~tND
  showcases/tsn/framepreemption -c RealisticPriorityQueueing for 1s [1;33mUPDATE[0;0m 1163-3cf0/~tND
  showcases/tsn/framereplication/automaticmultipathconfiguration for 0.1s [1;33mUPDATE[0;0m 5b3d-b6c7/~tND
  showcases/tsn/framereplication/manualconfiguration for 0.1s [1;33mUPDATE[0;0m 0b7d-a43c/~tND
  showcases/tsn/gatescheduling/eager -c Eager for 0.2s [1;33mUPDATE[0;0m 96ba-c2e3/~tND
  showcases/tsn/timesynchronization/clockdrift -c ConstantClockDrift for 0.1s [1;33mUPDATE[0;0m 9ea4-f918/~tND
  showcases/tsn/timesynchronization/clockdrift -c ConstantClockDriftOutOfBandSync for 0.1s [1;33mUPDATE[0;0m 0eee-653f/~tND
  showcases/tsn/timesynchronization/clockdrift -c NoClockDrift for 0.1s [1;33mUPDATE[0;0m 9678-ff2f/~tND
  showcases/tsn/timesynchronization/clockdrift -c RandomClockDrift for 0.1s [1;33mUPDATE[0;0m aa90-7803/~tND
  showcases/tsn/timesynchronization/clockdrift -c RandomClockDriftGptpSync for 0.1s [1;33mUPDATE[0;0m 7146-68bc/~tND
  showcases/tsn/timesynchronization/clockdrift -c RandomClockDriftOutOfBandSync for 0.1s [1;33mUPDATE[0;0m b65f-04f9/~tND
  showcases/tsn/timesynchronization/gptp -c OneMasterClock for 1s [1;33mUPDATE[0;0m e579-df00/~tND
  showcases/tsn/timesynchronization/gptp -c PrimaryAndHotStandbyMasterClocks for 1s [1;33mUPDATE[0;0m 8f24-f113/~tND
  showcases/tsn/timesynchronization/gptp -c TwoMasterClocksExploitingNetworkRedundancy for 1s [1;33mUPDATE[0;0m b4e6-c39e/~tND
  showcases/visualizer/canvas/datalinkactivity -c ActivityLevel for 100s [1;33mUPDATE[0;0m 988c-1692/~tND
  showcases/visualizer/canvas/datalinkactivity -c Dynamic for 500s [1;33mUPDATE[0;0m 6b90-a2c5/~tND
  showcases/visualizer/canvas/datalinkactivity -c EnablingVisualizationWired for 500s [1;33mUPDATE[0;0m 96e2-da90/~tND
  showcases/visualizer/canvas/datalinkactivity -c EnablingVisualizationWireless for 500s [1;33mUPDATE[0;0m 04bf-c119/~tND
  showcases/visualizer/canvas/datalinkactivity -c Filtering for 500s [1;33mUPDATE[0;0m 8f64-6a8f/~tND
  showcases/visualizer/canvas/ieee80211 -c MultipleNetworks for 5s [1;33mUPDATE[0;0m c0fd-9eda/~tND
  showcases/visualizer/canvas/ieee80211 -c OneNetwork for 5s [1;33mUPDATE[0;0m 798c-1ac8/~tND
  showcases/visualizer/canvas/ieee80211 -c SignalLevels for 100s [1;33mUPDATE[0;0m 8e30-3fc5/~tND
  showcases/visualizer/canvas/ieee80211 -c VisualizingHandover for 250s [1;33mUPDATE[0;0m 46be-1494/~tND
  showcases/visualizer/canvas/instrumentfigures for 3s [1;33mUPDATE[0;0m 39fb-8d9c/~tND
  showcases/visualizer/canvas/interfacetable -c AdvancedFeatures for 5s [1;33mUPDATE[0;0m 90b1-6b80/~tND
  showcases/visualizer/canvas/networkpathactivity -c ChangingPaths for 250s [1;33mUPDATE[0;0m bbae-c4bc/~tND
  showcases/visualizer/canvas/networkpathactivity -c EnablingVisualization for 500s [1;33mUPDATE[0;0m 44ed-a389/~tND
  showcases/visualizer/canvas/networkpathactivity -c Mobile for 500s [1;33mUPDATE[0;0m f450-09e8/~tND
  showcases/visualizer/canvas/networkpathactivity -c StaticNetworkPaths for 500s [1;33mUPDATE[0;0m 52a6-d331/~tND
  showcases/visualizer/canvas/packetdrop -c MACRetryLimitReached for 500s [1;33mUPDATE[0;0m f19b-acd2/~tND
  showcases/visualizer/canvas/packetdrop -c QueueOverflow for 2002ms [1;33mUPDATE[0;0m 96e5-fb03/~tND
  showcases/visualizer/canvas/physicallinkactivity -c EnablingVisualization for 500s [1;33mUPDATE[0;0m 2e5a-5cd1/~tND
  showcases/visualizer/canvas/physicallinkactivity -c Filtering for 250s [1;33mUPDATE[0;0m 8eb7-09ed/~tND
  showcases/visualizer/canvas/physicallinkactivity -c Mobile for 500s [1;33mUPDATE[0;0m c61a-877c/~tND
  showcases/visualizer/canvas/routingtable -c Dynamic for 500s [1;33mUPDATE[0;0m ee53-6b85/~tND
  showcases/visualizer/canvas/spectrum -c PowerDensityMap for 1s [1;33mUPDATE[0;0m d2f5-5e42/~tND
  showcases/visualizer/canvas/spectrum -c Spectrogram for 1s [1;33mUPDATE[0;0m ac53-12c2/~tND
  showcases/visualizer/canvas/spectrum -c SpectrumFigure for 1s [1;33mUPDATE[0;0m ac53-12c2/~tND
  showcases/visualizer/canvas/statistic -c PacketErrorRate for 25s [1;33mUPDATE[0;0m 847d-2336/~tND
  showcases/visualizer/canvas/statistic -c PingRtt for 500s [1;33mUPDATE[0;0m 204a-8d8d/~tND
  showcases/visualizer/canvas/styling -c Annotation for 25s [1;33mUPDATE[0;0m 7e72-b50e/~tND
  showcases/visualizer/canvas/styling -c Font for 25s [1;33mUPDATE[0;0m f27b-467e/~tND
  showcases/visualizer/canvas/styling -c Icon for 25s [1;33mUPDATE[0;0m 648c-793f/~tND
  showcases/visualizer/canvas/styling -c Line for 25s [1;33mUPDATE[0;0m f27b-467e/~tND
  showcases/visualizer/canvas/submoduleinfo -c MACStates for 5s [1;33mUPDATE[0;0m 2568-35d7/~tND
  showcases/visualizer/canvas/submoduleinfo -c PacketCounts for 5s [1;33mUPDATE[0;0m 2568-35d7/~tND
  showcases/visualizer/canvas/transportconnection -c EnablingVisualization for 2s [1;33mUPDATE[0;0m 4318-5224/~tND
  showcases/visualizer/canvas/transportconnection -c MultipleConnections for 2s [1;33mUPDATE[0;0m eb80-6ff2/~tND
  showcases/visualizer/canvas/transportpathactivity -c EnablingPathVisualizationWired for 500s [1;33mUPDATE[0;0m 2d91-9777/~tND
  showcases/visualizer/canvas/transportpathactivity -c EnablingPathVisualizationWireless for 500s [1;33mUPDATE[0;0m d2ee-6dcd/~tND
  showcases/visualizer/canvas/transportpathactivity -c Filtering for 100s [1;33mUPDATE[0;0m 0321-1464/~tND
  showcases/wireless/analogmodel -c Distance for 2.5s [1;33mUPDATE[0;0m 4517-ac4e/~tND
  showcases/wireless/analogmodel -c Noise for 0.1s [1;33mUPDATE[0;0m 8bf6-1e12/~tND
  showcases/wireless/analogmodel -c Routing for 5s [1;33mUPDATE[0;0m 4ef8-225c/~tND
  showcases/wireless/blockack -c Fragmentation for 1s [1;33mUPDATE[0;0m a1e5-5aeb/~tND
  showcases/wireless/blockack -c MixedTraffic for 1s [1;33mUPDATE[0;0m 3120-de77/~tND
  showcases/wireless/blockack -c NoFragmentation for 1s [1;33mUPDATE[0;0m 3304-a096/~tND
  showcases/wireless/coexistence -c WifiHosts for 5s [1;33mUPDATE[0;0m 241f-c08e/~tND
  showcases/wireless/crosstalk -c CompletelyOverlappingFrequencyBands for 1s [1;33mUPDATE[0;0m 372c-125f/~tND
  showcases/wireless/crosstalk -c IndependentFrequencyBandsOneRadioMediumModule for 1s [1;33mUPDATE[0;0m 02e3-fdef/~tND
  showcases/wireless/crosstalk -c IndependentFrequencyBandsTwoRadioMediumModules for 1s [1;33mUPDATE[0;0m ea0d-97d4/~tND
  showcases/wireless/crosstalk -c PartiallyOverlappingFrequencyBands for 1s [1;33mUPDATE[0;0m 372c-125f/~tND
  showcases/wireless/directionalantennas -c AxiallySymmetricAntenna for 360s [1;33mUPDATE[0;0m 2cef-71ee/~tND
  showcases/wireless/directionalantennas -c CosineAntenna for 360s [1;33mUPDATE[0;0m 373b-78f3/~tND
  showcases/wireless/directionalantennas -c DipoleAntenna for 360s [1;33mUPDATE[0;0m 0b1f-68c1/~tND
  showcases/wireless/directionalantennas -c IsotropicAntenna for 360s [1;33mUPDATE[0;0m cf73-f025/~tND
  showcases/wireless/directionalantennas -c ParabolicAntenna for 360s [1;33mUPDATE[0;0m 1a5c-9351/~tND
  showcases/wireless/handover for 250s [1;33mUPDATE[0;0m cb98-3d8e/~tND
  showcases/wireless/hiddennode -c WallOffRtsOff for 5s [1;33mUPDATE[0;0m 1108-e14b/~tND
  showcases/wireless/hiddennode -c WallOffRtsOn for 5s [1;33mUPDATE[0;0m 177c-6138/~tND
  showcases/wireless/hiddennode -c WallOnRtsOff for 5s [1;33mUPDATE[0;0m c50d-d4a0/~tND
  showcases/wireless/hiddennode -c WallOnRtsOn for 5s [1;33mUPDATE[0;0m f471-d1d7/~tND
  showcases/wireless/multiradio for 100s [1;33mUPDATE[0;0m 42b1-ee0e/~tND
  showcases/wireless/power for 100s [1;33mUPDATE[0;0m 6345-1175/~tND
  showcases/wireless/qos -c NonQos for 10s [1;33mUPDATE[0;0m 4edf-1f21/~tND
  showcases/wireless/qos -c Qos for 10s [1;33mUPDATE[0;0m af33-01cb/~tND
  showcases/wireless/throughput for 1s [1;33mUPDATE[0;0m 2b34-5338/~tND
  tests/fingerprint -f ethernet-bus-reconnect.ini for 5.2s [1;33mUPDATE[0;0m 963b-238f/~tND
  tests/fingerprint -f ethernet-hub-reconnect.ini for 5.2s [1;33mUPDATE[0;0m c82a-ee43/~tND
  tests/fingerprint -f ethernet-hub.ini for 100s [1;33mUPDATE[0;0m ceab-2509/~tND
  tests/fingerprint -f ethernet-switch.ini for 10s [1;33mUPDATE[0;0m 39f9-120d/~tND
  tutorials/configurator -c Step10C for 100s [1;33mUPDATE[0;0m 6470-36a9/~tND
  tutorials/configurator -c Step11B for 500s [1;33mUPDATE[0;0m 06a1-d791/~tND
  tutorials/configurator -c Step12 for 100s [1;33mUPDATE[0;0m 8af8-5a65/~tND
  tutorials/configurator -c Step4 for 500s [1;33mUPDATE[0;0m 18d4-5a18/~tND
  tutorials/configurator -c Step5A for 500s [1;33mUPDATE[0;0m f2d8-b4e8/~tND
  tutorials/configurator -c Step5B for 500s [1;33mUPDATE[0;0m 8f53-3024/~tND
  tutorials/configurator -c Step6A for 500s [1;33mUPDATE[0;0m a46b-3d3e/~tND
  tutorials/configurator -c Step6B for 500s [1;33mUPDATE[0;0m a46b-3d3e/~tND
  tutorials/configurator -c Step8A for 100s [1;33mUPDATE[0;0m 2855-0e33/~tND
  tutorials/configurator -c Step8B for 100s [1;33mUPDATE[0;0m 068b-f723/~tND
  tutorials/configurator -c Step9 for 100s [1;33mUPDATE[0;0m 4498-69eb/~tND
  examples/adhoc/idealwireless -c Ping2 for 100s [1;31mERROR[0;0m None (Calculated fingerprint not found)
  examples/adhoc/ieee80211 -c Ping2 for 1000s [1;31mERROR[0;0m None (Calculated fingerprint not found)
  examples/diffserv/simple_ -c VoIP_WithPolicing for 50s [1;31mERROR[0;0m None Submodule app: No module type named 'VoipStreamSender' found that implements module interface inet.applications.contract.IApp (not in the loaded NED files?), at /home/levy/workspace/inet-fp-master/src/inet/node/base/ApplicationLayerNodeBase.ned:32 -- in module (inet::NodeBase) DiffservNetwork.client[0] (id=3), during network setup (Calculated fingerprint not found)
  examples/diffserv/simple_ -c VoIP_WithPolicingAndQueueing for 50s [1;31mERROR[0;0m None Submodule app: No module type named 'VoipStreamSender' found that implements module interface inet.applications.contract.IApp (not in the loaded NED files?), at /home/levy/workspace/inet-fp-master/src/inet/node/base/ApplicationLayerNodeBase.ned:32 -- in module (inet::NodeBase) DiffservNetwork.client[0] (id=3), during network setup (Calculated fingerprint not found)
  examples/diffserv/simple_ -c VoIP_WithoutQoS for 50s [1;31mERROR[0;0m None Submodule app: No module type named 'VoipStreamSender' found that implements module interface inet.applications.contract.IApp (not in the loaded NED files?), at /home/levy/workspace/inet-fp-master/src/inet/node/base/ApplicationLayerNodeBase.ned:32 -- in module (inet::NodeBase) DiffservNetwork.client[0] (id=3), during network setup (Calculated fingerprint not found)
  examples/eigrp/basic -c EIGRP_no_load_balanc for 3min [1;31mERROR[0;0m None Cannot find serializer for inet::EigrpIpv4Hello -- in module (inet::EthernetEncapsulation) EigrpTestNetwork.R2.ethernet (Calculated fingerprint not found)
  examples/eigrp/basic -c EIGRP_no_split_horizon for 3min [1;31mERROR[0;0m None Cannot find serializer for inet::EigrpIpv4Hello -- in module (inet::EthernetEncapsulation) EigrpTestNetwork.R2.ethernet (Calculated fingerprint not found)
  examples/eigrp/basic -c EIGRP_passive_interface for 3min [1;31mERROR[0;0m None Cannot find serializer for inet::EigrpIpv4Hello -- in module (inet::EthernetEncapsulation) EigrpTestNetwork.R4.ethernet (Calculated fingerprint not found)
  examples/eigrp/basic -c EIGRP_unequal_cost_lb for 3min [1;31mERROR[0;0m None Cannot find serializer for inet::EigrpIpv4Hello -- in module (inet::EthernetEncapsulation) EigrpTestNetwork.R2.ethernet (Calculated fingerprint not found)
  examples/eigrp/basic -c Scenario1 for 3min [1;31mERROR[0;0m None Cannot find serializer for inet::EigrpIpv4Hello -- in module (inet::EthernetEncapsulation) EigrpTestNetwork.R2.ethernet (Calculated fingerprint not found)
  examples/eigrp/basic -c Scenario2 for 3min [1;31mERROR[0;0m None Cannot find serializer for inet::EigrpIpv4Hello -- in module (inet::EthernetEncapsulation) EigrpTestNetwork.R2.ethernet (Calculated fingerprint not found)
  examples/eigrp/snake for 3min [1;31mERROR[0;0m None Cannot find serializer for inet::EigrpIpv4Hello -- in module (inet::EthernetEncapsulation) EigrpTestNetwork.R2.ethernet (Calculated fingerprint not found)
  examples/eigrp/square_stub for 3min [1;31mERROR[0;0m None Cannot find serializer for inet::EigrpIpv4Hello -- in module (inet::EthernetEncapsulation) EigrpTestNetwork.R2.ethernet (Calculated fingerprint not found)
  examples/eigrp/square_stub_mesh for 3min [1;31mERROR[0;0m None Cannot find serializer for inet::EigrpIpv4Hello -- in module (inet::EthernetEncapsulation) EigrpTestNetwork.R2.ethernet (Calculated fingerprint not found)
  examples/eigrp/testing_scenario for 3min [1;31mERROR[0;0m None Cannot find serializer for inet::EigrpIpv4Hello -- in module (inet::EthernetEncapsulation) EigrpTestNetwork.R2.ethernet (Calculated fingerprint not found)
  examples/eigrp/testing_scenario6 -c EIGRP-IPv6_exp1_bandwidth-change for 3min [1;31mERROR[0;0m None Cannot find serializer for inet::EigrpIpv6Hello -- in module (inet::EthernetEncapsulation) EigrpTestNetwork.R2.ethernet (Calculated fingerprint not found)
  examples/eigrp/testing_scenario6 -c EIGRP-IPv6_exp1_bandwidth-change_global-addr for 3min [1;31mERROR[0;0m None Cannot find serializer for inet::EigrpIpv6Hello -- in module (inet::EthernetEncapsulation) EigrpTestNetwork.R2.ethernet (Calculated fingerprint not found)
  examples/eigrp/testing_scenario6 -c EIGRP-IPv6_exp2_interface-down for 3min [1;31mERROR[0;0m None Cannot find serializer for inet::EigrpIpv6Hello -- in module (inet::EthernetEncapsulation) EigrpTestNetwork.R2.ethernet (Calculated fingerprint not found)
  examples/eigrp/testing_scenario6 -c EIGRP-IPv6_exp2_interface-down_global-addr for 3min [1;31mERROR[0;0m None Cannot find serializer for inet::EigrpIpv6Hello -- in module (inet::EthernetEncapsulation) EigrpTestNetwork.R2.ethernet (Calculated fingerprint not found)
  examples/eigrp/testing_scenario_ds -c EIGRP-IPv6_exp1_datarate-change for 3min [1;31mERROR[0;0m None Cannot find serializer for inet::EigrpIpv6Hello -- in module (inet::EthernetEncapsulation) EigrpTestNetwork.R1.ethernet (Calculated fingerprint not found)
  examples/eigrp/testing_scenario_ds -c EIGRP-IPv6_exp1_datarate-change_global-addr for 3min [1;31mERROR[0;0m None Cannot find serializer for inet::EigrpIpv6Hello -- in module (inet::EthernetEncapsulation) EigrpTestNetwork.R1.ethernet (Calculated fingerprint not found)
  examples/eigrp/testing_scenario_ds -c EIGRP-IPv6_exp2_interface-down for 3min [1;31mERROR[0;0m None Cannot find serializer for inet::EigrpIpv6Hello -- in module (inet::EthernetEncapsulation) EigrpTestNetwork.R1.ethernet (Calculated fingerprint not found)
  examples/eigrp/testing_scenario_ds -c EIGRP-IPv6_exp2_interface-down_global-addr for 3min [1;31mERROR[0;0m None Cannot find serializer for inet::EigrpIpv6Hello -- in module (inet::EthernetEncapsulation) EigrpTestNetwork.R1.ethernet (Calculated fingerprint not found)
  examples/eigrp/two_node for 3min [1;31mERROR[0;0m None Cannot find serializer for inet::EigrpIpv4Hello -- in module (inet::EthernetEncapsulation) EigrpTestNetwork.R1.ethernet (Calculated fingerprint not found)
  examples/eigrp/two_node6 for 3min [1;31mERROR[0;0m None Cannot find serializer for inet::EigrpIpv6Hello -- in module (inet::EthernetEncapsulation) EigrpTestNetwork.R1.ethernet (Calculated fingerprint not found)
  examples/empty [1;31mERROR[0;0m[1;33m (unexpected)[0;0m (Exception during task execution) AttributeError("'NoneType' object has no attribute 'stdout'")
  examples/ethernet/lans -f bus.ini -c BusLAN for 120s [1;31mERROR[0;0m None EtherAppResp length = 1 smaller than required 12 bytes -- in module (inet::EthernetEncapsulation) BusLAN.hostA.encap (Calculated fingerprint not found)
  examples/ethernet/lans -f duplexswitch.ini -c SwitchedDuplexLAN for 120s [1;31mERROR[0;0m None EtherAppResp length = 1 smaller than required 12 bytes -- in module (inet::EthernetEncapsulation) SwitchedDuplexLAN.hostA.encap (Calculated fingerprint not found)
  examples/ethernet/lans -f hub.ini -c Hub2 for 10s [1;31mERROR[0;0m None EtherAppResp length = 1 smaller than required 12 bytes -- in module (inet::EthernetEncapsulation) HubLAN.hostA.encap (Calculated fingerprint not found)
  examples/ethernet/lans -f largeNet.ini -c LargeNet for 5s [1;31mERROR[0;0m None EtherAppResp length = 3 smaller than required 12 bytes -- in module (inet::EthernetEncapsulation) LargeNet.serverB.encap (Calculated fingerprint not found)
  examples/ethernet/lans -f mixed.ini -c MixedLAN for 120s [1;31mERROR[0;0m None EtherAppResp length = 1 smaller than required 12 bytes -- in module (inet::EthernetEncapsulation) MixedLAN.switchHostA.encap (Calculated fingerprint not found)
  examples/ethernet/lans -c MixedLAN1 for 1200s [1;31mERROR[0;0m None EtherAppResp length = 1 smaller than required 12 bytes -- in module (inet::EthernetEncapsulation) MixedLAN.switchHostA.encap (Calculated fingerprint not found)
  examples/ethernet/lans -f switch.ini -c SwitchedLAN1 for 1000s [1;31mERROR[0;0m None EtherAppResp length = 1 smaller than required 12 bytes -- in module (inet::EthernetEncapsulation) SwitchedLAN.hostA.encap (Calculated fingerprint not found)
  examples/ethernet/lans -f switch.ini -c SwitchedLanPreconf for 1000s [1;31mERROR[0;0m None EtherAppResp length = 1 smaller than required 12 bytes -- in module (inet::EthernetEncapsulation) SwitchedLAN.hostA.encap (Calculated fingerprint not found)
  examples/ethernet/lans -f twoHosts.ini -c TwoHosts1 for 120s [1;31mERROR[0;0m None EtherAppResp length = 1 smaller than required 12 bytes -- in module (inet::EthernetEncapsulation) TwoHosts.hostB.encap (Calculated fingerprint not found)
  examples/inet/bulktransfer -c inet__lwip for 50s [1;31mERROR[0;0m None Submodule tcp: No module type named 'TcpLwip' found that implements module interface inet.transportlayer.contract.ITcp (not in the loaded NED files?), at /home/levy/workspace/inet-fp-master/src/inet/node/base/TransportLayerNodeBase.ned:39 -- in module (inet::NodeBase) BulkTransfer.client1 (id=2), during network setup (Calculated fingerprint not found)
  examples/inet/bulktransfer -c lwip__inet for 50s [1;31mERROR[0;0m None Submodule tcp: No module type named 'TcpLwip' found that implements module interface inet.transportlayer.contract.ITcp (not in the loaded NED files?), at /home/levy/workspace/inet-fp-master/src/inet/node/base/TransportLayerNodeBase.ned:39 -- in module (inet::NodeBase) BulkTransfer.server (id=5), during network setup (Calculated fingerprint not found)
  examples/inet/bulktransfer -c lwip__lwip for 50s [1;31mERROR[0;0m None Submodule tcp: No module type named 'TcpLwip' found that implements module interface inet.transportlayer.contract.ITcp (not in the loaded NED files?), at /home/levy/workspace/inet-fp-master/src/inet/node/base/TransportLayerNodeBase.ned:39 -- in module (inet::NodeBase) BulkTransfer.client1 (id=2), during network setup (Calculated fingerprint not found)
  examples/inet/hierarchical99 -f networklayer.ini -c AdaptiveProbabilisticBroadcast for 10000s [1;31mERROR[0;0m None Cannot find serializer for inet::ProbabilisticBroadcastHeader -- in module (inet::EthernetEncapsulation) Hierarchical99.area11.lan1.host1.ethernet (Calculated fingerprint not found)
  examples/inet/hierarchical99 -f networklayer.ini -c Flooding for 10000s [1;31mERROR[0;0m None Cannot find serializer for inet::FloodingHeader -- in module (inet::EthernetEncapsulation) Hierarchical99.area11.lan1.host1.ethernet (Calculated fingerprint not found)
  examples/inet/hierarchical99 -f networklayer.ini -c Generic for 10000s [1;31mERROR[0;0m None Cannot find serializer for inet::NextHopForwardingHeader -- in module (inet::EthernetEncapsulation) Hierarchical99.area11.lan1.host1.ethernet (Calculated fingerprint not found)
  examples/inet/hierarchical99 -f networklayer.ini -c ProbabilisticBroadcast for 10000s [1;31mERROR[0;0m None Cannot find serializer for inet::ProbabilisticBroadcastHeader -- in module (inet::EthernetEncapsulation) Hierarchical99.area11.lan1.host1.ethernet (Calculated fingerprint not found)
  examples/inet/hierarchical99 -f networklayer.ini -c WiseRoute for 10000s [1;31mERROR[0;0m None Cannot find serializer for inet::WiseRouteHeader -- in module (inet::EthernetEncapsulation) Hierarchical99.area11.lan1.host1.ethernet (Calculated fingerprint not found)
  examples/inet/hierarchical99 [1;31mERROR[0;0m[1;33m (unexpected)[0;0m (Exception during task execution) AttributeError("'NoneType' object has no attribute 'stdout'")
  examples/inet/ipsec -f ipv6.ini -c TCPTraffic6 for 200s [1;31mERROR[0;0m None Cannot find serializer for inet::ipsec::IPsecEspHeader -- at t=0.2001393s, event #30 (Calculated fingerprint not found)
  examples/inet/ipsec -f ipv6.ini -c UDPTraffic6 for 200s [1;31mERROR[0;0m None Cannot find serializer for inet::ipsec::IPsecEspHeader -- at t=1.0019441s, event #42 (Calculated fingerprint not found)
  examples/inet/ipsec -c TCPTraffic for 200s [1;31mERROR[0;0m None Cannot find serializer for inet::ipsec::IPsecEspHeader -- at t=0.2001073s, event #30 (Calculated fingerprint not found)
  examples/inet/ipsec -c UDPTraffic for 200s [1;31mERROR[0;0m None Cannot find serializer for inet::ipsec::IPsecEspHeader -- at t=1.0018737s, event #31 (Calculated fingerprint not found)
  examples/inet/ipv4hook [1;31mERROR[0;0m[1;33m (unexpected)[0;0m (Exception during task execution) AttributeError("'NoneType' object has no attribute 'stdout'")
  examples/inet/nclients -c inet__lwip for 3000s [1;31mERROR[0;0m None Submodule tcp: No module type named 'TcpLwip' found that implements module interface inet.transportlayer.contract.ITcp (not in the loaded NED files?), at /home/levy/workspace/inet-fp-master/src/inet/node/base/TransportLayerNodeBase.ned:39 -- in module (inet::NodeBase) NClients.cli[0] (id=6), during network setup (Calculated fingerprint not found)
  examples/inet/nclients -c lwip__inet for 3000s [1;31mERROR[0;0m None Submodule tcp: No module type named 'TcpLwip' found that implements module interface inet.transportlayer.contract.ITcp (not in the loaded NED files?), at /home/levy/workspace/inet-fp-master/src/inet/node/base/TransportLayerNodeBase.ned:39 -- in module (inet::NodeBase) NClients.srv (id=10), during network setup (Calculated fingerprint not found)
  examples/inet/nclients -c lwip__lwip for 3000s [1;31mERROR[0;0m None Submodule tcp: No module type named 'TcpLwip' found that implements module interface inet.transportlayer.contract.ITcp (not in the loaded NED files?), at /home/levy/workspace/inet-fp-master/src/inet/node/base/TransportLayerNodeBase.ned:39 -- in module (inet::NodeBase) NClients.cli[0] (id=6), during network setup (Calculated fingerprint not found)
  examples/inet/shutdownrestart -c TcpLwip for 100s [1;31mERROR[0;0m None Submodule tcp: No module type named 'TcpLwip' found that implements module interface inet.transportlayer.contract.ITcp (not in the loaded NED files?), at /home/levy/workspace/inet-fp-master/src/inet/node/base/TransportLayerNodeBase.ned:39 -- in module (inet::NodeBase) NClients.cli[0] (id=6), during network setup (Calculated fingerprint not found)
  examples/inet/tcpclientserver -c inet__lwip for 100s [1;31mERROR[0;0m None Submodule tcp: No module type named 'TcpLwip' found that implements module interface inet.transportlayer.contract.ITcp (not in the loaded NED files?), at /home/levy/workspace/inet-fp-master/src/inet/node/base/TransportLayerNodeBase.ned:39 -- in module (inet::NodeBase) ClientServer.client1 (id=2), during network setup (Calculated fingerprint not found)
  examples/inet/tcpclientserver -c lwip__inet for 100s [1;31mERROR[0;0m None Submodule tcp: No module type named 'TcpLwip' found that implements module interface inet.transportlayer.contract.ITcp (not in the loaded NED files?), at /home/levy/workspace/inet-fp-master/src/inet/node/base/TransportLayerNodeBase.ned:39 -- in module (inet::NodeBase) ClientServer.server (id=3), during network setup (Calculated fingerprint not found)
  examples/inet/tcpclientserver -c lwip__lwip for 100s [1;31mERROR[0;0m None Submodule tcp: No module type named 'TcpLwip' found that implements module interface inet.transportlayer.contract.ITcp (not in the loaded NED files?), at /home/levy/workspace/inet-fp-master/src/inet/node/base/TransportLayerNodeBase.ned:39 -- in module (inet::NodeBase) ClientServer.client1 (id=2), during network setup (Calculated fingerprint not found)
  examples/inet/tcpclientserver -c lwip__lwip__msg for 100s [1;31mERROR[0;0m None Submodule tcp: No module type named 'TcpLwip' found that implements module interface inet.transportlayer.contract.ITcp (not in the loaded NED files?), at /home/levy/workspace/inet-fp-master/src/inet/node/base/TransportLayerNodeBase.ned:39 -- in module (inet::NodeBase) ClientServer.client1 (id=2), during network setup (Calculated fingerprint not found)
  examples/inet/tcpclientserver -c lwip__lwip__stream for 100s [1;31mERROR[0;0m None Submodule tcp: No module type named 'TcpLwip' found that implements module interface inet.transportlayer.contract.ITcp (not in the loaded NED files?), at /home/levy/workspace/inet-fp-master/src/inet/node/base/TransportLayerNodeBase.ned:39 -- in module (inet::NodeBase) ClientServer.client1 (id=2), during network setup (Calculated fingerprint not found)
  examples/inet/tcpthroughput -c Delay-100ms-advWin1MB for 100s [1;31mERROR[0;0m None (Calculated fingerprint not found)
  examples/manetrouting/dymo -c DynamicGeneric for 22s [1;31mERROR[0;0m None Cannot find serializer for inet::NextHopForwardingHeader -- in module (inet::ieee80211::Tx) DYMONetwork.host[0].wlan[0].mac.tx (Calculated fingerprint not found)
  examples/manetrouting/dymo -c DynamicIPv4 for 22s [1;31mERROR[0;0m None Cannot find serializer for inet::dymo::Rreq -- in module (inet::ieee80211::Tx) DYMONetwork.host[0].wlan[0].mac.tx (Calculated fingerprint not found)
  examples/manetrouting/dymo -c DynamicIPv6 for 22s [1;31mERROR[0;0m None Cannot find serializer for inet::dymo::Rreq -- in module (inet::ieee80211::Tx) DYMONetwork.host[0].wlan[0].mac.tx (Calculated fingerprint not found)
  examples/manetrouting/dymo -c Generic for 10s [1;31mERROR[0;0m None Cannot find serializer for inet::NextHopForwardingHeader -- in module (inet::ieee80211::Tx) DYMONetwork.host[0].wlan[0].mac.tx (Calculated fingerprint not found)
  examples/manetrouting/dymo -c IPv4 for 10s [1;31mERROR[0;0m None Cannot find serializer for inet::dymo::Rreq -- in module (inet::ieee80211::Tx) DYMONetwork.host[0].wlan[0].mac.tx (Calculated fingerprint not found)
  examples/manetrouting/dymo -c IPv6 for 10s [1;31mERROR[0;0m None Cannot find serializer for inet::dymo::Rreq -- in module (inet::ieee80211::Tx) DYMONetwork.host[0].wlan[0].mac.tx (Calculated fingerprint not found)
  examples/manetrouting/dymo -c MultiGeneric for 10s [1;31mERROR[0;0m None Cannot find serializer for inet::NextHopForwardingHeader -- in module (inet::ieee80211::Tx) DYMONetwork.host[0].wlan[0].mac.tx (Calculated fingerprint not found)
  examples/manetrouting/dymo -c MultiIPv4 for 10s [1;31mERROR[0;0m None Cannot find serializer for inet::dymo::Rreq -- in module (inet::ieee80211::Tx) DYMONetwork.host[0].wlan[0].mac.tx (Calculated fingerprint not found)
  examples/manetrouting/dymo -c MultiIPv6 for 10s [1;31mERROR[0;0m None Cannot find serializer for inet::dymo::Rreq -- in module (inet::ieee80211::Tx) DYMONetwork.host[0].wlan[0].mac.tx (Calculated fingerprint not found)
  examples/manetrouting/gpsr -c DynamicGeneric for 20s [1;31mERROR[0;0m None Cannot find serializer for inet::NextHopForwardingHeader -- in module (inet::ieee80211::Tx) GPSRNetworkRandom.host[13].wlan[0].mac.tx (Calculated fingerprint not found)
  examples/manetrouting/gpsr -c DynamicIPv4 for 20s [1;31mERROR[0;0m None Cannot find serializer for inet::GpsrBeacon -- in module (inet::ieee80211::Tx) GPSRNetworkRandom.host[13].wlan[0].mac.tx (Calculated fingerprint not found)
  examples/manetrouting/gpsr -c DynamicIPv6 for 20s [1;31mERROR[0;0m None Cannot find serializer for inet::GpsrBeacon -- in module (inet::ieee80211::Tx) GPSRNetworkRandom.host[4].wlan[0].mac.tx (Calculated fingerprint not found)
  examples/manetrouting/gpsr -c Generic for 20s [1;31mERROR[0;0m None Cannot find serializer for inet::NextHopForwardingHeader -- in module (inet::ieee80211::Tx) GPSRNetworkRandom.host[12].wlan[0].mac.tx (Calculated fingerprint not found)
  examples/manetrouting/gpsr -c IPv4 for 20s [1;31mERROR[0;0m None Cannot find serializer for inet::GpsrBeacon -- in module (inet::ieee80211::Tx) GPSRNetworkRandom.host[12].wlan[0].mac.tx (Calculated fingerprint not found)
  examples/manetrouting/gpsr -c IPv6 for 20s [1;31mERROR[0;0m None Cannot find serializer for inet::GpsrBeacon -- in module (inet::ieee80211::Tx) GPSRNetworkRandom.host[1].wlan[0].mac.tx (Calculated fingerprint not found)
  examples/manetrouting/gpsr -c Manual for 20s [1;31mERROR[0;0m None Cannot find serializer for inet::GpsrBeacon -- in module (inet::ieee80211::Tx) GPSRNetworkManual.host4.wlan[0].mac.tx (Calculated fingerprint not found)
  examples/manetrouting/gpsr -c MultiGeneric for 20s [1;31mERROR[0;0m None Cannot find serializer for inet::NextHopForwardingHeader -- in module (inet::ieee80211::Tx) GPSRNetworkRandom.host[1].wlan[0].mac.tx (Calculated fingerprint not found)
  examples/manetrouting/gpsr -c MultiIPv4 for 20s [1;31mERROR[0;0m None Cannot find serializer for inet::GpsrBeacon -- in module (inet::ieee80211::Tx) GPSRNetworkRandom.host[1].wlan[0].mac.tx (Calculated fingerprint not found)
  examples/manetrouting/gpsr -c MultiIPv6 for 20s [1;31mERROR[0;0m None Cannot find serializer for inet::GpsrBeacon -- in module (inet::ieee80211::Tx) GPSRNetworkRandom.host[1].wlan[0].mac.tx (Calculated fingerprint not found)
  examples/manetrouting/multiradio -c MultiRadio for 100s [1;31mERROR[0;0m None Cannot find serializer for inet::dymo::Rreq -- in module (inet::ieee80211::Tx) MultiRadio.mobileHost[0].wlan[1].mac.tx (Calculated fingerprint not found)
  examples/manetrouting/multiradio -c SingleRadio for 100s [1;31mERROR[0;0m None Cannot find serializer for inet::dymo::Rreq -- in module (inet::ieee80211::Tx) MultiRadio.mobileHost[0].wlan[0].mac.tx (Calculated fingerprint not found)
  examples/mpls/ldp for 15s [1;31mERROR[0;0m None Cannot find serializer for inet::LinkStateMsg -- at t=0.009715484867s, event #100 (Calculated fingerprint not found)
  examples/mpls/net37 for 500s [1;31mERROR[0;0m None Cannot find serializer for inet::RsvpHelloMsg -- at t=0.019482915686s, event #424 (Calculated fingerprint not found)
  examples/mpls/testte_failure for 6s [1;31mERROR[0;0m None Cannot find serializer for inet::LinkStateMsg -- at t=0.010743846691s, event #62 (Calculated fingerprint not found)
  examples/mpls/testte_failure2 for 6s [1;31mERROR[0;0m None Cannot find serializer for inet::LinkStateMsg -- at t=0.010743846691s, event #61 (Calculated fingerprint not found)
  examples/mpls/testte_reroute for 5s [1;31mERROR[0;0m None Cannot find serializer for inet::LinkStateMsg -- at t=0.010743846691s, event #72 (Calculated fingerprint not found)
  examples/mpls/testte_routing for 5s [1;31mERROR[0;0m None Cannot find serializer for inet::LinkStateMsg -- at t=0.010743846691s, event #76 (Calculated fingerprint not found)
  examples/mpls/testte_tunnel for 5s [1;31mERROR[0;0m None Cannot find serializer for inet::LinkStateMsg -- at t=0.010743846691s, event #68 (Calculated fingerprint not found)
  examples/quic/basic3 [1;31mERROR[0;0m[1;33m (unexpected)[0;0m (Exception during task execution) AttributeError("'NoneType' object has no attribute 'stdout'")
  examples/quic/byte_order for 200s [1;31mERROR[0;0m None Cannot find serializer for inet::quic::InitialPacketHeader -- in module (inet::UdpChecksumInsertionHook) Byte_order.sender.udp.checksumInsertion (Calculated fingerprint not found)
  examples/quic/dplpmtud -c DecreasingPmtu [1;31mERROR[0;0m[1;33m (unexpected)[0;0m (Exception during task execution) AttributeError("'NoneType' object has no attribute 'stdout'")
  examples/quic/dplpmtud -c DecreasingPmtuWithoutPtb [1;31mERROR[0;0m[1;33m (unexpected)[0;0m (Exception during task execution) AttributeError("'NoneType' object has no attribute 'stdout'")
  examples/quic/dplpmtud [1;31mERROR[0;0m[1;33m (unexpected)[0;0m (Exception during task execution) AttributeError("'NoneType' object has no attribute 'stdout'")
  examples/quic/dplpmtud -c IncreasingPmtu [1;31mERROR[0;0m[1;33m (unexpected)[0;0m (Exception during task execution) AttributeError("'NoneType' object has no attribute 'stdout'")
  examples/quic/dplpmtud -c IncreasingPmtuWithoutPtb [1;31mERROR[0;0m[1;33m (unexpected)[0;0m (Exception during task execution) AttributeError("'NoneType' object has no attribute 'stdout'")
  examples/quic/dplpmtud -c MaxEqualsPmtu [1;31mERROR[0;0m[1;33m (unexpected)[0;0m (Exception during task execution) AttributeError("'NoneType' object has no attribute 'stdout'")
  examples/quic/dplpmtud -c MaxLargerPmtu [1;31mERROR[0;0m[1;33m (unexpected)[0;0m (Exception during task execution) AttributeError("'NoneType' object has no attribute 'stdout'")
  examples/quic/dplpmtud -c MaxLargerPmtuWithoutPtb [1;31mERROR[0;0m[1;33m (unexpected)[0;0m (Exception during task execution) AttributeError("'NoneType' object has no attribute 'stdout'")
  examples/quic/flow_control_limited [1;31mERROR[0;0m[1;33m (unexpected)[0;0m (Exception during task execution) AttributeError("'NoneType' object has no attribute 'stdout'")
  examples/quic/link_utilization [1;31mERROR[0;0m[1;33m (unexpected)[0;0m (Exception during task execution) AttributeError("'NoneType' object has no attribute 'stdout'")
  examples/quic/multiserver -c oneclienthost [1;31mERROR[0;0m[1;33m (unexpected)[0;0m (Exception during task execution) AttributeError("'NoneType' object has no attribute 'stdout'")
  examples/quic/multiserver -c oneclienthost_reconnect [1;31mERROR[0;0m[1;33m (unexpected)[0;0m (Exception during task execution) AttributeError("'NoneType' object has no attribute 'stdout'")
  examples/quic/multiserver -c twoclienthosts [1;31mERROR[0;0m[1;33m (unexpected)[0;0m (Exception during task execution) AttributeError("'NoneType' object has no attribute 'stdout'")
  examples/quic/persistent_congestion [1;31mERROR[0;0m[1;33m (unexpected)[0;0m (Exception during task execution) AttributeError("'NoneType' object has no attribute 'stdout'")
  examples/quic/persistent_congestion -c WithDPLPMTUD [1;31mERROR[0;0m[1;33m (unexpected)[0;0m (Exception during task execution) AttributeError("'NoneType' object has no attribute 'stdout'")
  examples/quic/shared_link [1;31mERROR[0;0m[1;33m (unexpected)[0;0m (Exception during task execution) AttributeError("'NoneType' object has no attribute 'stdout'")
  examples/quic/throughput_packet_loss [1;31mERROR[0;0m[1;33m (unexpected)[0;0m (Exception during task execution) AttributeError("'NoneType' object has no attribute 'stdout'")
  examples/quic/trafficgen [1;31mERROR[0;0m[1;33m (unexpected)[0;0m (Exception during task execution) AttributeError("'NoneType' object has no attribute 'stdout'")
  examples/quic/zerortt [1;31mERROR[0;0m[1;33m (unexpected)[0;0m (Exception during task execution) AttributeError("'NoneType' object has no attribute 'stdout'")
  examples/quic/zerortt -c invalidClientTokenString [1;31mERROR[0;0m[1;33m (unexpected)[0;0m (Exception during task execution) AttributeError("'NoneType' object has no attribute 'stdout'")
  examples/quic/zerortt -c sendInvalidToken [1;31mERROR[0;0m[1;33m (unexpected)[0;0m (Exception during task execution) AttributeError("'NoneType' object has no attribute 'stdout'")
  examples/rip/simpletest -c IPv6 for 600s [1;31mERROR[0;0m None Address aaaa:2:65:: is of type IPv6 where type IPv4 was expected -- in module (inet::Icmpv6) SimpleTest.R1.ipv6.icmpv6 (Calculated fingerprint not found)
  examples/seaport for 1000s [1;31mERROR[0;0m None Cannot find serializer for inet::GpsrBeacon -- in module (inet::ieee80211::Tx) SeaportNetwork.ship[2].wlan[0].mac.tx (Calculated fingerprint not found)
  examples/voip -c BadChannel for 200s [1;31mERROR[0;0m None Cannot find serializer for inet::SimpleVoipPacket -- in module (inet::UdpChecksumInsertionHook) Voip.senderHost.udp.checksumInsertion (Calculated fingerprint not found)
  examples/voip -c GoodChannel for 200s [1;31mERROR[0;0m None Cannot find serializer for inet::SimpleVoipPacket -- in module (inet::UdpChecksumInsertionHook) Voip.senderHost.udp.checksumInsertion (Calculated fingerprint not found)
  examples/voip -c PeriodicChannel for 200s [1;31mERROR[0;0m None Cannot find serializer for inet::SimpleVoipPacket -- in module (inet::UdpChecksumInsertionHook) Voip.senderHost.udp.checksumInsertion (Calculated fingerprint not found)
  examples/wireless/lan80211 -f omnetpp-ftp.ini -c NHosts for 100s [1;31mERROR[0;0m None (Calculated fingerprint not found)
  examples/wireless/lan80211 -f omnetpp-streaming.ini -c Streaming2 for 50s [1;31mERROR[0;0m None (Calculated fingerprint not found)
  examples/wireless/lan80211 -c Ping2 for 25s [1;31mERROR[0;0m None (Calculated fingerprint not found)
  examples/wireless/lan80211ac [1;31mERROR[0;0m[1;33m (unexpected)[0;0m (Exception during task execution) AttributeError("'NoneType' object has no attribute 'stdout'")
  examples/wireless/lan80211ac -c Ping1 for 100s [1;31mERROR[0;0m None vector::_M_range_check: __n (which is 0) >= this->size() (which is 0) (Calculated fingerprint not found)
  examples/wireless/lan80211ac -c Ping2 for 100s [1;31mERROR[0;0m None (Calculated fingerprint not found)
  examples/wireless/nic -c BMacWithApskDimensionalRadio for 100s [1;31mERROR[0;0m None BMacHeader length = 10 b smaller than required 15 B, try to increase the 'headerLength' parameter -- at t=0.561406257568s, event #41 (Calculated fingerprint not found)
  examples/wireless/nic -c BMacWithApskScalarRadio for 100s [1;31mERROR[0;0m None BMacHeader length = 10 b smaller than required 15 B, try to increase the 'headerLength' parameter -- at t=0.561406257568s, event #41 (Calculated fingerprint not found)
  examples/wireless/nic -c BMacWithUnitDiskRadio for 100s [1;31mERROR[0;0m None BMacHeader length = 10 b smaller than required 15 B, try to increase the 'headerLength' parameter -- at t=0.561406257568s, event #41 (Calculated fingerprint not found)
  examples/wireless/nic -c LMacWithApskDimensionalRadio for 100s [1;31mERROR[0;0m None Cannot find serializer for inet::LMacControlFrame -- at t=0.104950499562s, event #10 (Calculated fingerprint not found)
  examples/wireless/nic -c LMacWithApskScalarRadio for 100s [1;31mERROR[0;0m None Cannot find serializer for inet::LMacControlFrame -- at t=0.104950499562s, event #10 (Calculated fingerprint not found)
  examples/wireless/nic -c LMacWithUnitDiskRadio for 100s [1;31mERROR[0;0m None Cannot find serializer for inet::LMacControlFrame -- at t=0.104950499562s, event #10 (Calculated fingerprint not found)
  showcases/general/diffserv -c VoIP_WithPolicing for 50s [1;31mERROR[0;0m None Submodule app: No module type named 'VoipStreamSender' found that implements module interface inet.applications.contract.IApp (not in the loaded NED files?), at /home/levy/workspace/inet-fp-master/src/inet/node/base/ApplicationLayerNodeBase.ned:32 -- in module (inet::NodeBase) DiffservNetwork.voipPhone1 (id=3), during network setup (Calculated fingerprint not found)
  showcases/general/diffserv -c VoIP_WithPolicingAndQueueing for 50s [1;31mERROR[0;0m None Submodule app: No module type named 'VoipStreamSender' found that implements module interface inet.applications.contract.IApp (not in the loaded NED files?), at /home/levy/workspace/inet-fp-master/src/inet/node/base/ApplicationLayerNodeBase.ned:32 -- in module (inet::NodeBase) DiffservNetwork.voipPhone1 (id=3), during network setup (Calculated fingerprint not found)
  showcases/general/diffserv -c VoIP_WithoutQoS for 50s [1;31mERROR[0;0m None Submodule app: No module type named 'VoipStreamSender' found that implements module interface inet.applications.contract.IApp (not in the loaded NED files?), at /home/levy/workspace/inet-fp-master/src/inet/node/base/ApplicationLayerNodeBase.ned:32 -- in module (inet::NodeBase) DiffservNetwork.voipPhone1 (id=3), during network setup (Calculated fingerprint not found)
  showcases/quic/linksharing for 50s [1;31mERROR[0;0m None Cannot find serializer for inet::quic::InitialPacketHeader -- in module (inet::UdpChecksumInsertionHook) QuicLinkSharingShowcase.sender1.udp.checksumInsertion (Calculated fingerprint not found)
  showcases/routing/manet -c Gpsr for 100s [1;31mERROR[0;0m None Cannot find serializer for inet::GpsrBeacon -- in module (inet::ieee80211::Tx) ManetprotocolsShowcaseA.node4.wlan[0].mac.tx (Calculated fingerprint not found)
  showcases/tsn/combiningfeatures/gsandcs -c SAT for 0.2s [1;31mERROR[0;0m None Submodule gateScheduleConfigurator: No module type named 'Z3GateScheduleConfigurator' found that implements module interface inet.linklayer.configurator.gatescheduling.contract.IGateScheduleConfigurator (not in the loaded NED files?), at /home/levy/workspace/inet-fp-master/src/inet/networks/base/TsnNetworkBase.ned:21 -- in module (inet::NetworkBase) TsnDumbbellNetwork (id=1), during network setup (Calculated fingerprint not found)
  showcases/tsn/gatescheduling/sat -c SAT for 0.2s [1;31mERROR[0;0m None Submodule gateScheduleConfigurator: No module type named 'Z3GateScheduleConfigurator' found that implements module interface inet.linklayer.configurator.gatescheduling.contract.IGateScheduleConfigurator (not in the loaded NED files?), at /home/levy/workspace/inet-fp-master/src/inet/networks/base/TsnNetworkBase.ned:21 -- in module (inet::NetworkBase) TsnDumbbellNetwork (id=1), during network setup (Calculated fingerprint not found)
  showcases/wireless/fragmentation -f parameterstudy.ini -c OnlyPacketSizeHCFfragblockack for 10s [1;31mERROR[0;0m None Unknown sequence number: 4095 -- in module (inet::ieee80211::RecipientQosMacDataService) FragmentationShowcase.wifiHost2.wlan[0].mac.hcf.recipientMacDataService (Calculated fingerprint not found)
  showcases/wireless/sensornetwork -c BMac for 25s [1;31mERROR[0;0m None ApskPhyHeader length = 8 smaller than required 64 bits -- at t=0.107663179658s, event #46 (Calculated fingerprint not found)
  showcases/wireless/sensornetwork -c LMac for 25s [1;31mERROR[0;0m None ApskPhyHeader length = 8 smaller than required 64 bits -- at t=0.050796129224s, event #17 (Calculated fingerprint not found)
  showcases/wireless/sensornetwork -c StatisticBMac for 25s [1;31mERROR[0;0m None ApskPhyHeader length = 8 smaller than required 64 bits -- at t=0.107663196267s, event #66 (Calculated fingerprint not found)
  showcases/wireless/sensornetwork -c StatisticLMac for 25s [1;31mERROR[0;0m None ApskPhyHeader length = 8 smaller than required 64 bits -- at t=0.010796150986s, event #17 (Calculated fingerprint not found)
  showcases/wireless/sensornetwork -c StatisticXMac for 25s [1;31mERROR[0;0m None ApskPhyHeader length = 8 smaller than required 64 bits -- at t=0.084222421294s, event #41 (Calculated fingerprint not found)
  showcases/wireless/sensornetwork -c XMac for 25s [1;31mERROR[0;0m None ApskPhyHeader length = 8 smaller than required 64 bits -- at t=0.091312548107s, event #23 (Calculated fingerprint not found)
  showcases/wireless/txop for 5s [1;31mERROR[0;0m None vector::_M_range_check: __n (which is 0) >= this->size() (which is 0) (Calculated fingerprint not found)
  tutorials/fingerprint -c Wifi for 5s [1;31mERROR[0;0m None vector::_M_range_check: __n (which is 0) >= this->size() (which is 0) (Calculated fingerprint not found)
  tutorials/fingerprint -c WifiShortPacket for 5s [1;31mERROR[0;0m None vector::_M_range_check: __n (which is 0) >= this->size() (which is 0) (Calculated fingerprint not found)
  tutorials/protocol -f Network90.ini [1;31mERROR[0;0m[1;33m (unexpected)[0;0m (Exception during task execution) AttributeError("'NoneType' object has no attribute 'stdout'")
  tutorials/protocol -f Network91.ini [1;31mERROR[0;0m[1;33m (unexpected)[0;0m (Exception during task execution) AttributeError("'NoneType' object has no attribute 'stdout'")
  tutorials/protocol -c Network1 [1;31mERROR[0;0m[1;33m (unexpected)[0;0m (Exception during task execution) AttributeError("'NoneType' object has no attribute 'stdout'")
  tutorials/protocol -c Network2 [1;31mERROR[0;0m[1;33m (unexpected)[0;0m (Exception during task execution) AttributeError("'NoneType' object has no attribute 'stdout'")
  tutorials/protocol -c Network3 [1;31mERROR[0;0m[1;33m (unexpected)[0;0m (Exception during task execution) AttributeError("'NoneType' object has no attribute 'stdout'")
  tutorials/protocol -c Network4 [1;31mERROR[0;0m[1;33m (unexpected)[0;0m (Exception during task execution) AttributeError("'NoneType' object has no attribute 'stdout'")
  tutorials/protocol -c Network5 [1;31mERROR[0;0m[1;33m (unexpected)[0;0m (Exception during task execution) AttributeError("'NoneType' object has no attribute 'stdout'")
  tutorials/protocol -c Network6 [1;31mERROR[0;0m[1;33m (unexpected)[0;0m (Exception during task execution) AttributeError("'NoneType' object has no attribute 'stdout'")
  tutorials/protocol -c Network7 [1;31mERROR[0;0m[1;33m (unexpected)[0;0m (Exception during task execution) AttributeError("'NoneType' object has no attribute 'stdout'")
